Iteration number: 1
State        L           0           R      
1       0.0000      0.0000      0.0000      
2       0.0000      0.0000      0.0000      
3       0.0000      0.0000      0.0000      
4       0.0000      0.0000      0.0000      
5       0.0000      0.0000      0.0000      
6       0.0000      0.0000      0.0000      

Iteration number: 0.99
State        L           0           R      
1       0.0000      90.0000     0.0000      
2       45.0000     22.5000     0.0000      
3       0.0000      0.0000      0.0000      
4       0.0000      0.0000      0.0000      
5       0.0000      0.0000      0.0000      
6       0.0000      0.0000      0.0000      

Iteration number: 0.9801
State        L           0           R      
1       90.0000     90.0000     0.0000      
2       45.0000     22.5000     0.0000      
3       0.0000      0.0000      0.0000      
4       0.0000      0.0000      0.0000      
5       0.0000      0.0000      0.0000      
6       0.0000      0.0000      0.0000      

Iteration number: 0.9702989999999999
State        L           0           R      
1       90.0000     90.0000     0.0000      
2       45.0000     22.5000     0.0000      
3       0.0000      0.0000      0.0000      
4       0.0000      0.0000      0.0000      
5       0.0000      0.0000      0.0000      
6       0.0000      36.0000     0.0000      

Iteration number: 0.96059601
State        L           0           R      
1       90.0000     90.0000     0.0000      
2       45.0000     22.5000     0.0000      
3       0.0000      0.0000      0.0000      
4       0.0000      0.0000      0.0000      
5       0.0000      0.0000      0.0000      
6       36.0000     36.0000     0.0000      

Iteration number: 0.9509900498999999
State        L           0           R      
1       90.0000     90.0000     0.0000      
2       45.0000     22.5000     0.0000      
3       0.0000      0.0000      0.0000      
4       0.0000      0.0000      0.0000      
5       0.0000      0.0000      0.0000      
6       36.0000     39.6000     0.0000      

Iteration number: 0.9414801494009999
State        L           0           R      
1       90.0000     90.0000     0.0000      
2       45.0000     22.5000     0.0000      
3       0.0000      0.0000      0.0000      
4       0.0000      0.0000      0.0000      
5       0.0000      0.0000      0.0000      
6       39.6000     39.6000     0.0000      

Iteration number: 0.9320653479069899
State        L           0           R      
1       99.0000     90.0000     0.0000      
2       45.0000     22.5000     0.0000      
3       0.0000      0.0000      0.0000      
4       0.0000      0.0000      0.0000      
5       0.0000      0.0000      0.0000      
6       39.6000     39.6000     0.0000      

Iteration number: 0.92274469442792
State        L           0           R      
1       99.0000     90.0000     0.0000      
2       45.0000     22.5000     0.0000      
3       0.0000      0.0000      0.2812      
4       0.1406      0.4219      0.4520      
5       0.0188      2.7110      18.0000     
6       39.6000     39.9600     0.0000      

Iteration number: 0.9135172474836407
State        L           0           R      
1       99.0000     99.0000     0.0000      
2       45.0000     22.5000     0.0000      
3       0.0000      0.0000      0.2812      
4       0.1406      0.4219      0.4520      
5       0.0188      2.7110      18.0000     
6       39.6000     39.9600     0.0000      

Iteration number: 0.9043820750088043
State        L           0           R      
1       99.0000     99.0000     0.0000      
2       45.0000     22.5000     0.0000      
3       0.0000      0.0000      0.2812      
4       0.1406      0.4219      9.0452      
5       0.0188      2.7110      19.8000     
6       39.9600     39.9600     0.0000      

Iteration number: 0.8953382542587163
State        L           0           R      
1       99.0000     99.0000     0.0000      
2       45.0000     22.5000     0.0000      
3       0.0000      0.0000      0.2812      
4       0.1406      0.4219      9.9045      
5       0.0188      2.7110      19.9800     
6       39.9600     39.9600     36.0000     

Iteration number: 0.8863848717161291
State        L           0           R      
1       99.9000     99.0000     0.0000      
2       45.0000     22.5000     0.0000      
3       0.0000      0.0000      0.2812      
4       0.1406      0.4219      9.9045      
5       0.0188      2.7110      19.9800     
6       39.9600     39.9600     36.0000     

Iteration number: 0.8775210229989678
State        L           0           R      
1       99.9000     99.0000     0.0000      
2       45.0000     22.5000     0.0000      
3       0.0000      0.0000      0.2812      
4       0.1406      0.4219      9.9045      
5       0.0188      2.7110      19.9800     
6       39.9600     39.9600     39.6000     

Iteration number: 0.8687458127689781
State        L           0           R      
1       99.9000     99.9000     0.0000      
2       49.5000     22.5000     0.0000      
3       0.0000      0.0000      0.2812      
4       0.1406      0.4219      9.9045      
5       0.0188      2.7110      19.9800     
6       39.9600     39.9600     39.6000     

Iteration number: 0.8600583546412883
State        L           0           R      
1       99.9900     99.9000     0.0000      
2       49.9500     22.5000     0.0000      
3       22.5000     0.0000      0.2812      
4       0.1406      0.4219      9.9045      
5       0.0188      2.7110      19.9800     
6       39.9600     39.9600     39.6000     

Iteration number: 0.8514577710948754
State        L           0           R      
1       99.9900     99.9900     0.0000      
2       49.9950     22.5000     0.0000      
3       24.7500     0.0000      0.2812      
4       11.2641     0.4219      9.9045      
5       0.0188      2.7110      19.9800     
6       39.9600     39.9600     39.6000     

Iteration number: 0.8429431933839266
State        L           0           R      
1       99.9900     99.9990     0.0000      
2       49.9995     22.5000     0.0000      
3       24.7500     0.0000      0.2812      
4       11.2641     0.4219      9.9045      
5       0.0188      2.7110      19.9800     
6       39.9600     39.9600     39.6000     

Iteration number: 0.8345137614500874
State        L           0           R      
1       99.9900     99.9990     0.0000      
2       49.9995     22.5000     0.0000      
3       24.7500     0.0000      0.2812      
4       11.2641     0.4219      9.9045      
5       0.0188      2.7110      19.9800     
6       39.9960     39.9600     39.6000     

Iteration number: 0.8261686238355865
State        L           0           R      
1       99.9900     99.9999     0.0000      
2       49.9995     22.5000     0.0000      
3       24.7500     0.0000      0.2812      
4       11.2641     0.4219      9.9045      
5       0.0188      2.7110      19.9800     
6       39.9960     39.9600     39.6000     

Iteration number: 0.8179069375972307
State        L           0           R      
1       99.9900     99.9999     90.0000     
2       49.9999     22.5000     0.0000      
3       24.9750     11.2500     0.2812      
4       6.7514      0.4219      9.9045      
5       0.0188      2.7110      19.9800     
6       39.9960     39.9600     39.6000     

Iteration number: 0.8097278682212583
State        L           0           R      
1       99.9900     100.0000    90.0000     
2       50.0000     22.5000     0.0000      
3       24.9975     11.2500     0.2812      
4       6.7514      0.4219      9.9045      
5       0.0188      2.7110      19.9800     
6       39.9960     39.9600     39.6000     

Iteration number: 0.8016305895390458
State        L           0           R      
1       99.9990     100.0000    90.0000     
2       50.0000     22.5000     0.0000      
3       24.9975     11.2500     0.2812      
4       6.7514      0.4219      9.9045      
5       0.0188      2.7110      19.9800     
6       39.9960     39.9600     39.6000     

Iteration number: 0.7936142836436553
State        L           0           R      
1       99.9990     100.0000    90.0000     
2       50.0000     22.5000     0.0000      
3       24.9997     12.3750     0.1160      
4       3.5096      0.4523      2.3967      
5       1.4191      0.2821      19.9800     
6       39.9960     39.9600     39.6000     

Iteration number: 0.7856781408072188
State        L           0           R      
1       99.9990     100.0000    90.0000     
2       50.0000     22.5000     0.0000      
3       24.9997     12.3750     0.1160      
4       3.5096      0.4523      2.3967      
5       1.4191      0.2821      19.9800     
6       39.9960     39.9600     39.6000     

Iteration number: 0.7778213593991465
State        L           0           R      
1       99.9990     100.0000    90.0000     
2       50.0000     22.5000     0.0000      
3       24.9997     12.3750     0.1160      
4       3.5096      0.4523      2.3967      
5       1.4191      0.2821      19.9800     
6       39.9960     39.9600     39.6000     

Iteration number: 0.7700431458051551
State        L           0           R      
1       99.9990     100.0000    90.0000     
2       50.0000     22.5000     0.0000      
3       24.9997     1.2727      0.0353      
4       0.3569      0.1888      1.1775      
5       0.7066      4.5289      19.9980     
6       39.9960     39.9600     39.9600     

Iteration number: 0.7623427143471035
State        L           0           R      
1       99.9990     100.0000    90.0000     
2       50.0000     22.5000     0.0000      
3       24.9997     1.2727      4.5035      
4       2.2857      1.1439      9.1178      
5       0.7066      4.5289      19.9998     
6       39.9960     39.9600     39.9960     

Iteration number: 0.7547192872036325
State        L           0           R      
1       99.9990     100.0000    90.0000     
2       50.0000     22.5000     0.0000      
3       24.9997     1.2727      4.5035      
4       2.2857      1.1439      9.1178      
5       0.7066      4.5289      19.9998     
6       39.9996     39.9600     39.9960     

Iteration number: 0.7471720943315961
State        L           0           R      
1       99.9990     100.0000    99.0000     
2       50.0000     22.5000     0.0000      
3       24.9997     1.2727      4.5035      
4       2.2857      1.1439      9.1178      
5       0.7066      4.5289      19.9998     
6       39.9996     39.9600     39.9960     

Iteration number: 0.7397003733882802
State        L           0           R      
1       99.9990     100.0000    99.9000     
2       50.0000     22.5000     0.0000      
3       25.0000     1.2727      6.0754      
4       7.2598      1.1439      9.1178      
5       1.4769      4.5289      19.9998     
6       39.9996     39.9600     39.9960     

Iteration number: 0.7323033696543974
State        L           0           R      
1       99.9990     100.0000    99.9000     
2       50.0000     22.5000     0.0000      
3       25.0000     1.2727      6.0754      
4       7.2598      1.1439      9.1178      
5       1.4769      4.5289      19.9998     
6       39.9996     39.9600     39.9960     

Iteration number: 0.7249803359578534
State        L           0           R      
1       99.9990     100.0000    99.9000     
2       50.0000     22.5000     0.0000      
3       25.0000     1.2727      6.0754      
4       7.2598      1.1439      9.1178      
5       1.4769      4.5289      19.9998     
6       39.9996     39.9960     39.9960     

Iteration number: 0.7177305325982748
State        L           0           R      
1       99.9990     100.0000    99.9000     
2       50.0000     22.5000     0.0000      
3       25.0000     1.2727      6.0754      
4       7.2598      3.4894      5.4821      
5       1.2727      0.8748      20.0000     
6       40.0000     39.9960     39.9960     

Iteration number: 0.7105532272722921
State        L           0           R      
1       99.9990     100.0000    99.9000     
2       50.0000     22.5000     0.0000      
3       25.0000     1.2523      2.8575      
4       7.2598      4.8489      9.5482      
5       1.2727      0.8748      20.0000     
6       40.0000     39.9960     39.9996     

Iteration number: 0.7034476949995692
State        L           0           R      
1       99.9990     100.0000    99.9000     
2       50.0000     22.5000     0.0000      
3       25.0000     1.2523      4.7858      
4       7.2598      4.8489      9.9548      
5       1.2727      0.8748      20.0000     
6       40.0000     39.9996     39.9996     

Iteration number: 0.6964132180495735
State        L           0           R      
1       99.9990     100.0000    99.9000     
2       50.0000     22.5000     0.0000      
3       25.0000     1.2523      4.7858      
4       7.2598      4.8489      9.9548      
5       1.2727      0.8748      20.0000     
6       40.0000     39.9996     40.0000     

Iteration number: 0.6894490858690777
State        L           0           R      
1       99.9990     100.0000    99.9000     
2       50.0000     22.5000     0.0000      
3       25.0000     1.2523      4.7858      
4       7.2598      4.8489      9.9548      
5       1.2727      0.8748      20.0000     
6       40.0000     40.0000     40.0000     

Iteration number: 0.682554595010387
State        L           0           R      
1       99.9990     100.0000    99.9000     
2       50.0000     22.5000     0.0000      
3       25.0000     1.2523      4.7858      
4       7.2598      4.8489      9.9548      
5       1.2727      0.8748      20.0000     
6       40.0000     40.0000     40.0000     

Iteration number: 0.6757290490602831
State        L           0           R      
1       99.9999     100.0000    99.9000     
2       50.0000     22.5000     0.0000      
3       25.0000     1.2523      3.9942      
4       7.7572      4.8489      9.9548      
5       1.2727      0.8748      20.0000     
6       40.0000     40.0000     40.0000     

Iteration number: 0.6689717585696803
State        L           0           R      
1       99.9999     100.0000    99.9000     
2       50.0000     22.5000     0.0000      
3       25.0000     1.2523      3.9942      
4       7.7572      4.8489      9.9548      
5       1.2727      0.8748      20.0000     
6       40.0000     40.0000     40.0000     

Iteration number: 0.6622820409839835
State        L           0           R      
1       99.9999     100.0000    99.9900     
2       50.0000     22.5000     0.0000      
3       25.0000     1.2523      3.9942      
4       7.7572      4.8489      9.9548      
5       1.2727      0.8748      20.0000     
6       40.0000     40.0000     40.0000     

Iteration number: 0.6556592205741436
State        L           0           R      
1       99.9999     100.0000    99.9900     
2       50.0000     22.5000     0.0000      
3       25.0000     1.2523      3.9942      
4       7.7572      4.8489      9.9548      
5       1.2727      0.8748      20.0000     
6       40.0000     40.0000     40.0000     

Iteration number: 0.6491026283684022
State        L           0           R      
1       99.9999     100.0000    99.9900     
2       50.0000     22.5000     0.0000      
3       25.0000     1.2523      3.9942      
4       7.7572      4.8489      9.9548      
5       1.2727      0.8748      20.0000     
6       40.0000     40.0000     40.0000     

Iteration number: 0.6426116020847181
State        L           0           R      
1       99.9999     100.0000    99.9990     
2       50.0000     24.7500     5.6250      
3       9.5312      1.5315      3.9942      
4       7.7572      4.8489      9.9548      
5       1.2727      0.8748      20.0000     
6       40.0000     40.0000     40.0000     

Iteration number: 0.6361854860638709
State        L           0           R      
1       99.9999     100.0000    99.9990     
2       50.0000     24.7500     5.6250      
3       9.5312      1.5315      3.9942      
4       7.7572      4.8489      9.9548      
5       1.2727      0.8748      20.0000     
6       40.0000     40.0000     40.0000     

Iteration number: 0.6298236312032323
State        L           0           R      
1       99.9999     100.0000    99.9990     
2       50.0000     24.7500     5.6250      
3       9.5312      1.5315      3.9942      
4       7.7572      4.8489      9.9548      
5       1.2727      0.8748      20.0000     
6       40.0000     40.0000     40.0000     

Iteration number: 0.6235253948912
State        L           0           R      
1       100.0000    100.0000    99.9990     
2       50.0000     24.7500     5.6250      
3       9.5312      1.5315      3.9942      
4       7.7572      4.8489      9.9548      
5       1.2727      0.8748      20.0000     
6       40.0000     40.0000     40.0000     

Iteration number: 0.617290140942288
State        L           0           R      
1       100.0000    100.0000    99.9990     
2       50.0000     24.7500     5.6250      
3       23.4531     1.5315      3.9942      
4       7.7572      4.8489      9.9548      
5       1.2727      0.8748      20.0000     
6       40.0000     40.0000     40.0000     

Iteration number: 0.6111172395328651
State        L           0           R      
1       100.0000    100.0000    99.9999     
2       50.0000     24.7500     5.6250      
3       24.8453     1.5315      3.9942      
4       12.0257     4.8489      9.9548      
5       1.2727      0.8748      20.0000     
6       40.0000     40.0000     40.0000     

Iteration number: 0.6050060671375365
State        L           0           R      
1       100.0000    100.0000    100.0000    
2       50.0000     24.7500     5.6250      
3       24.9845     1.5315      3.9942      
4       12.4526     4.8489      9.9548      
5       1.2727      0.8748      20.0000     
6       40.0000     40.0000     40.0000     

Iteration number: 0.5989560064661611
State        L           0           R      
1       100.0000    100.0000    100.0000    
2       50.0000     24.7500     5.6250      
3       24.9985     1.5315      3.9942      
4       12.4526     4.8489      9.9548      
5       1.2727      0.8748      20.0000     
6       40.0000     40.0000     40.0000     

Iteration number: 0.5929664464014994
State        L           0           R      
1       100.0000    100.0000    100.0000    
2       50.0000     24.7500     5.6250      
3       24.9998     1.5315      3.9942      
4       12.4953     4.8489      2.0062      
5       2.5003      0.6148      20.0000     
6       40.0000     40.0000     40.0000     

Iteration number: 0.5870367819374844
State        L           0           R      
1       100.0000    100.0000    100.0000    
2       50.0000     24.7500     5.6250      
3       24.9998     1.5315      3.9942      
4       12.4953     4.8489      2.0062      
5       2.5003      0.6148      20.0000     
6       40.0000     40.0000     40.0000     

Iteration number: 0.5811664141181095
State        L           0           R      
1       100.0000    100.0000    100.0000    
2       50.0000     24.7500     5.6250      
3       24.9998     1.5315      3.9942      
4       12.4953     4.8489      2.0062      
5       2.5003      0.6148      20.0000     
6       40.0000     40.0000     40.0000     

Iteration number: 0.5753547499769285
State        L           0           R      
1       100.0000    100.0000    100.0000    
2       50.0000     24.7500     5.6250      
3       24.9998     1.5315      3.9942      
4       12.4953     4.8489      2.0062      
5       2.5003      0.6148      20.0000     
6       40.0000     40.0000     40.0000     

Iteration number: 0.5696012024771592
State        L           0           R      
1       100.0000    100.0000    100.0000    
2       50.0000     24.7500     5.6250      
3       24.9998     1.5315      3.9942      
4       12.4953     4.8489      2.0062      
5       2.5003      0.6148      20.0000     
6       40.0000     40.0000     40.0000     

Iteration number: 0.5639051904523876
State        L           0           R      
1       100.0000    100.0000    100.0000    
2       50.0000     24.7500     5.6250      
3       24.9998     1.5315      3.9942      
4       12.4953     4.8489      2.0062      
5       2.5003      0.6148      20.0000     
6       40.0000     40.0000     40.0000     

Iteration number: 0.5582661385478638
State        L           0           R      
1       100.0000    100.0000    100.0000    
2       50.0000     24.7500     5.6250      
3       24.9998     1.5315      3.9942      
4       12.4953     4.8489      2.0062      
5       2.5003      0.6148      20.0000     
6       40.0000     40.0000     40.0000     

Iteration number: 0.5526834771623851
State        L           0           R      
1       100.0000    100.0000    100.0000    
2       50.0000     24.7500     5.6250      
3       25.0000     1.5315      3.9942      
4       12.4995     4.8489      2.0062      
5       2.5003      0.6148      20.0000     
6       40.0000     40.0000     40.0000     

Iteration number: 0.5471566423907612
State        L           0           R      
1       100.0000    100.0000    100.0000    
2       50.0000     24.7500     5.6250      
3       25.0000     1.5315      3.9942      
4       12.4995     4.8489      2.0062      
5       2.5003      9.0615      20.0000     
6       40.0000     40.0000     40.0000     

Iteration number: 0.5416850759668536
State        L           0           R      
1       100.0000    100.0000    100.0000    
2       50.0000     24.7500     5.6250      
3       25.0000     1.5315      3.9942      
4       12.5000     4.8489      2.0062      
5       2.5003      9.0615      20.0000     
6       40.0000     40.0000     40.0000     

Iteration number: 0.536268225207185
State        L           0           R      
1       100.0000    100.0000    100.0000    
2       50.0000     24.7500     5.6250      
3       25.0000     1.5315      3.9942      
4       12.5000     4.8489      2.0062      
5       2.5003      9.0615      20.0000     
6       40.0000     40.0000     40.0000     

Iteration number: 0.5309055429551132
State        L           0           R      
1       100.0000    100.0000    100.0000    
2       50.0000     24.7500     5.6250      
3       25.0000     1.5315      3.9942      
4       12.5000     4.8489      2.0062      
5       2.5003      9.0615      20.0000     
6       40.0000     40.0000     40.0000     

Iteration number: 0.525596487525562
State        L           0           R      
1       100.0000    100.0000    100.0000    
2       50.0000     24.7500     5.6250      
3       25.0000     1.5315      3.9942      
4       12.5000     4.8489      2.0062      
5       2.5003      9.0615      20.0000     
6       40.0000     40.0000     40.0000     

Iteration number: 0.5203405226503064
State        L           0           R      
1       100.0000    100.0000    100.0000    
2       50.0000     24.7500     5.6250      
3       25.0000     1.5315      3.9942      
4       12.5000     4.8489      9.2006      
5       2.5003      9.0615      20.0000     
6       40.0000     40.0000     40.0000     

Iteration number: 0.5151371174238033
State        L           0           R      
1       100.0000    100.0000    100.0000    
2       50.0000     24.7500     5.6250      
3       25.0000     2.4031      4.8994      
4       12.5000     4.8489      9.9201      
5       2.5003      9.0615      20.0000     
6       40.0000     40.0000     40.0000     

Iteration number: 0.5099857462495653
State        L           0           R      
1       100.0000    100.0000    100.0000    
2       50.0000     24.7500     5.6250      
3       25.0000     2.4031      4.9899      
4       12.5000     4.8489      9.9920      
5       2.5003      9.0615      20.0000     
6       40.0000     40.0000     40.0000     

Iteration number: 0.5048858887870696
State        L           0           R      
1       100.0000    100.0000    100.0000    
2       50.0000     24.7500     5.6250      
3       25.0000     2.4031      4.9899      
4       12.5000     4.8489      9.9992      
5       2.5003      9.0615      20.0000     
6       40.0000     40.0000     40.0000     

Iteration number: 0.4998370298991989
State        L           0           R      
1       100.0000    100.0000    100.0000    
2       50.0000     24.7500     5.6250      
3       25.0000     2.4031      4.9990      
4       12.5000     4.8489      9.9999      
5       2.5003      9.0615      20.0000     
6       40.0000     40.0000     40.0000     

Iteration number: 0.49483865960020695
State        L           0           R      
1       100.0000    100.0000    100.0000    
2       50.0000     24.7500     5.6250      
3       25.0000     2.4031      4.9990      
4       12.5000     4.8489      9.9999      
5       2.5003      9.0615      20.0000     
6       40.0000     40.0000     40.0000     

Iteration number: 0.4898902730042049
State        L           0           R      
1       100.0000    100.0000    100.0000    
2       50.0000     24.7500     5.6250      
3       25.0000     2.4031      4.9990      
4       12.5000     4.8489      9.9999      
5       2.5003      9.0615      20.0000     
6       40.0000     40.0000     40.0000     

Iteration number: 0.48499137027416284
State        L           0           R      
1       100.0000    100.0000    100.0000    
2       50.0000     24.9750     5.6250      
3       25.0000     2.4031      4.9990      
4       12.5000     4.8489      9.9999      
5       2.5003      9.0615      20.0000     
6       40.0000     40.0000     40.0000     

Iteration number: 0.4801414565714212
State        L           0           R      
1       100.0000    100.0000    100.0000    
2       50.0000     24.9750     5.6250      
3       25.0000     2.4031      4.9990      
4       12.5000     4.8489      9.9999      
5       2.5003      9.0615      20.0000     
6       40.0000     40.0000     40.0000     

Iteration number: 0.475340042005707
State        L           0           R      
1       100.0000    100.0000    100.0000    
2       50.0000     10.4252     1.1486      
3       3.3899      2.4031      0.5057      
4       1.2592      0.4859      9.9999      
5       0.2500      9.0615      20.0000     
6       40.0000     40.0000     40.0000     

Iteration number: 0.47058664158564995
State        L           0           R      
1       100.0000    100.0000    100.0000    
2       50.0000     10.4252     1.1486      
3       3.3899      2.4031      0.5057      
4       1.2592      0.4859      9.9999      
5       0.2500      9.0615      20.0000     
6       40.0000     40.0000     40.0000     

Iteration number: 0.4658807751697934
State        L           0           R      
1       100.0000    100.0000    100.0000    
2       50.0000     23.5425     1.1486      
3       11.5890     2.4031      0.5057      
4       1.2592      0.4859      9.9999      
5       0.2500      9.0615      20.0000     
6       40.0000     40.0000     40.0000     

Iteration number: 0.4612219674180955
State        L           0           R      
1       100.0000    100.0000    100.0000    
2       50.0000     23.5425     1.1486      
3       11.5890     2.4031      0.5057      
4       1.2592      0.4859      9.9999      
5       0.2500      9.0615      20.0000     
6       40.0000     40.0000     40.0000     

Iteration number: 0.45660974774391455
State        L           0           R      
1       100.0000    100.0000    100.0000    
2       50.0000     23.5425     1.1486      
3       11.5890     2.4031      0.5057      
4       1.2592      0.4859      9.9999      
5       0.2500      9.0615      20.0000     
6       40.0000     40.0000     40.0000     

Iteration number: 0.4520436502664754
State        L           0           R      
1       100.0000    100.0000    100.0000    
2       50.0000     23.5425     1.1486      
3       11.5890     2.4031      0.5057      
4       1.2592      0.4859      9.9999      
5       0.2500      9.0615      20.0000     
6       40.0000     40.0000     40.0000     

Iteration number: 0.44752321376381066
State        L           0           R      
1       100.0000    100.0000    100.0000    
2       50.0000     23.5425     0.2555      
3       1.2292      2.4031      1.5315      
4       1.0751      0.4859      10.0000     
5       0.2500      9.0615      20.0000     
6       40.0000     40.0000     40.0000     

Iteration number: 0.44304798162617254
State        L           0           R      
1       100.0000    100.0000    100.0000    
2       50.0000     23.5425     0.2555      
3       1.2292      2.4031      1.5315      
4       1.0751      0.4859      10.0000     
5       0.2500      9.0615      20.0000     
6       40.0000     40.0000     40.0000     

Iteration number: 0.4386175018099108
State        L           0           R      
1       100.0000    100.0000    100.0000    
2       50.0000     23.5425     0.2555      
3       1.2292      2.4031      1.5315      
4       1.0751      0.4859      10.0000     
5       0.2500      9.0615      20.0000     
6       40.0000     40.0000     40.0000     

Iteration number: 0.4342313267918117
State        L           0           R      
1       100.0000    100.0000    100.0000    
2       50.0000     23.5425     0.2555      
3       1.2292      2.4031      1.5315      
4       1.0751      0.4859      10.0000     
5       0.2500      9.0615      20.0000     
6       40.0000     40.0000     40.0000     

Iteration number: 0.4298890135238936
State        L           0           R      
1       100.0000    100.0000    100.0000    
2       50.0000     23.5425     0.2555      
3       1.2292      2.4031      1.5315      
4       1.0751      0.4859      10.0000     
5       0.2500      9.0615      20.0000     
6       40.0000     40.0000     40.0000     

Iteration number: 0.42559012338865465
State        L           0           R      
1       100.0000    100.0000    100.0000    
2       50.0000     13.9558     1.4318      
3       5.9237      2.4031      2.9657      
4       5.7325      0.4859      10.0000     
5       0.2500      9.0615      20.0000     
6       40.0000     40.0000     40.0000     

Iteration number: 0.4213342221547681
State        L           0           R      
1       100.0000    100.0000    100.0000    
2       50.0000     13.9558     1.4318      
3       23.0924     2.4031      2.9657      
4       11.8233     0.4859      10.0000     
5       0.2500      9.0615      20.0000     
6       40.0000     40.0000     40.0000     

Iteration number: 0.41712087993322045
State        L           0           R      
1       100.0000    100.0000    100.0000    
2       50.0000     13.9558     1.4318      
3       23.0924     2.4031      2.9657      
4       11.8233     0.4859      10.0000     
5       0.2500      9.0615      20.0000     
6       40.0000     40.0000     40.0000     

Iteration number: 0.41294967113388825
State        L           0           R      
1       100.0000    100.0000    100.0000    
2       50.0000     13.9558     1.4318      
3       24.8092     2.4031      2.9657      
4       11.8233     0.4859      10.0000     
5       0.2500      9.0615      20.0000     
6       40.0000     40.0000     40.0000     

Iteration number: 0.40882017442254937
State        L           0           R      
1       100.0000    100.0000    100.0000    
2       50.0000     13.9558     1.4318      
3       24.8092     2.4031      2.9657      
4       11.8233     0.4859      10.0000     
5       0.2500      9.0615      20.0000     
6       40.0000     40.0000     40.0000     

Iteration number: 0.4047319726783239
State        L           0           R      
1       100.0000    100.0000    100.0000    
2       50.0000     12.6492     0.1652      
3       5.2962      1.6612      0.5163      
4       1.4762      0.4859      10.0000     
5       0.2500      9.0615      20.0000     
6       40.0000     40.0000     40.0000     

Iteration number: 0.40068465295154065
State        L           0           R      
1       100.0000    100.0000    100.0000    
2       50.0000     12.6492     0.1652      
3       5.2962      1.6612      0.5163      
4       1.4762      0.4859      10.0000     
5       0.2500      9.0615      20.0000     
6       40.0000     40.0000     40.0000     

Iteration number: 0.39667780642202527
State        L           0           R      
1       100.0000    100.0000    100.0000    
2       50.0000     12.6492     0.1652      
3       5.2962      1.6612      0.5163      
4       1.4762      0.4859      10.0000     
5       0.2500      9.0615      20.0000     
6       40.0000     40.0000     40.0000     

Iteration number: 0.392711028357805
State        L           0           R      
1       100.0000    100.0000    100.0000    
2       50.0000     12.6492     0.1652      
3       5.2962      1.6612      0.5163      
4       1.4762      0.4859      10.0000     
5       0.2500      9.0615      20.0000     
6       40.0000     40.0000     40.0000     

Iteration number: 0.38878391807422696
State        L           0           R      
1       100.0000    100.0000    100.0000    
2       50.0000     12.6492     0.1652      
3       23.0296     1.6612      0.5163      
4       11.3976     0.4859      10.0000     
5       0.2500      9.0615      20.0000     
6       40.0000     40.0000     40.0000     

Iteration number: 0.3848960788934847
State        L           0           R      
1       100.0000    100.0000    100.0000    
2       50.0000     12.6492     0.1652      
3       24.8030     1.6612      0.5163      
4       11.3976     0.4859      10.0000     
5       0.2500      9.0615      20.0000     
6       40.0000     40.0000     40.0000     

Iteration number: 0.38104711810454983
State        L           0           R      
1       100.0000    100.0000    100.0000    
2       50.0000     12.6492     0.1652      
3       24.8030     1.6612      0.5163      
4       11.3976     0.4859      10.0000     
5       0.2500      9.0615      20.0000     
6       40.0000     40.0000     40.0000     

Iteration number: 0.37723664692350434
State        L           0           R      
1       100.0000    100.0000    100.0000    
2       50.0000     12.6492     0.1652      
3       24.8030     1.6612      0.5163      
4       11.3976     0.4859      10.0000     
5       0.2500      9.0615      20.0000     
6       40.0000     40.0000     40.0000     

Iteration number: 0.37346428045426927
State        L           0           R      
1       100.0000    100.0000    100.0000    
2       50.0000     23.7649     0.7306      
3       8.4569      2.9933      0.1395      
4       1.4913      0.2244      10.0000     
5       0.2500      9.0615      20.0000     
6       40.0000     40.0000     40.0000     

Iteration number: 0.36972963764972655
State        L           0           R      
1       100.0000    100.0000    100.0000    
2       50.0000     23.7649     0.7306      
3       23.3457     2.9933      0.1395      
4       11.3991     0.2244      10.0000     
5       0.2500      9.0615      20.0000     
6       40.0000     40.0000     40.0000     

Iteration number: 0.36603234127322926
State        L           0           R      
1       100.0000    100.0000    100.0000    
2       50.0000     23.7649     0.7306      
3       24.8346     2.9933      0.1395      
4       12.3899     0.2244      10.0000     
5       0.2500      9.0615      20.0000     
6       40.0000     40.0000     40.0000     

Iteration number: 0.36237201786049694
State        L           0           R      
1       100.0000    100.0000    100.0000    
2       50.0000     23.7649     0.7306      
3       24.8346     2.9933      0.1395      
4       12.3899     0.2244      10.0000     
5       0.2500      9.0615      20.0000     
6       40.0000     40.0000     40.0000     

Iteration number: 0.358748297681892
State        L           0           R      
1       100.0000    100.0000    100.0000    
2       50.0000     23.7649     0.7306      
3       24.9835     2.9933      0.1395      
4       12.3899     0.2244      10.0000     
5       0.2500      9.0615      20.0000     
6       40.0000     40.0000     40.0000     

Iteration number: 0.35516081470507305
State        L           0           R      
1       100.0000    100.0000    100.0000    
2       50.0000     23.7649     0.7306      
3       24.9835     2.9933      0.1395      
4       12.3899     0.2244      10.0000     
5       0.2500      9.0615      20.0000     
6       40.0000     40.0000     40.0000     

Iteration number: 0.3516092065580223
State        L           0           R      
1       100.0000    100.0000    100.0000    
2       50.0000     23.7649     0.7306      
3       24.9835     2.9933      0.1395      
4       12.3899     0.2244      10.0000     
5       0.2500      9.0615      20.0000     
6       40.0000     40.0000     40.0000     

Iteration number: 0.34809311449244207
State        L           0           R      
1       100.0000    100.0000    100.0000    
2       50.0000     23.7649     0.7306      
3       24.9835     2.9933      0.1395      
4       12.3899     0.2244      10.0000     
5       0.2500      9.0615      20.0000     
6       40.0000     40.0000     40.0000     

Iteration number: 0.34461218334751764
State        L           0           R      
1       100.0000    100.0000    100.0000    
2       50.0000     23.7649     0.7306      
3       24.9835     2.9933      0.1395      
4       12.3899     0.2244      10.0000     
5       0.2500      9.0615      20.0000     
6       40.0000     40.0000     40.0000     

Iteration number: 0.34116606151404244
State        L           0           R      
1       100.0000    100.0000    100.0000    
2       50.0000     23.7649     0.7306      
3       24.9835     2.9933      0.1395      
4       12.3899     0.2244      10.0000     
5       0.2500      9.0615      20.0000     
6       40.0000     40.0000     40.0000     

Iteration number: 0.337754400898902
State        L           0           R      
1       100.0000    100.0000    100.0000    
2       50.0000     23.7649     0.7306      
3       24.9835     2.9933      0.1395      
4       12.3899     0.2244      10.0000     
5       0.2500      9.0615      20.0000     
6       40.0000     40.0000     40.0000     

Iteration number: 0.334376856889913
State        L           0           R      
1       100.0000    100.0000    100.0000    
2       50.0000     23.7649     0.7306      
3       24.9835     2.9933      0.1395      
4       12.3899     0.2244      10.0000     
5       0.2500      9.0615      20.0000     
6       40.0000     40.0000     40.0000     

Iteration number: 0.33103308832101386
State        L           0           R      
1       100.0000    100.0000    100.0000    
2       50.0000     23.7649     0.7306      
3       24.9835     2.9933      0.1395      
4       12.3899     0.2244      10.0000     
5       0.2500      9.0615      20.0000     
6       40.0000     40.0000     40.0000     

Iteration number: 0.3277227574378037
State        L           0           R      
1       100.0000    100.0000    100.0000    
2       50.0000     23.7649     0.7306      
3       24.9835     2.9933      0.1395      
4       12.3899     0.2244      10.0000     
5       0.2500      9.0615      20.0000     
6       40.0000     40.0000     40.0000     

Iteration number: 0.3244455298634257
State        L           0           R      
1       100.0000    100.0000    100.0000    
2       50.0000     2.4468      0.1522      
3       2.5203      0.5806      0.5765      
4       12.3899     1.7099      5.5000      
5       0.2500      9.9061      20.0000     
6       40.0000     40.0000     40.0000     

Iteration number: 0.3212010745647914
State        L           0           R      
1       100.0000    100.0000    100.0000    
2       50.0000     2.4468      0.1522      
3       2.5203      0.5806      0.5765      
4       12.3899     1.7099      9.5500      
5       0.2500      9.9061      20.0000     
6       40.0000     40.0000     40.0000     

Iteration number: 0.3179890638191435
State        L           0           R      
1       100.0000    100.0000    100.0000    
2       50.0000     2.4468      0.1522      
3       2.5203      0.5806      0.5765      
4       12.3899     1.7099      9.5500      
5       0.2500      9.9061      20.0000     
6       40.0000     40.0000     40.0000     

Iteration number: 0.31480917318095203
State        L           0           R      
1       100.0000    100.0000    100.0000    
2       50.0000     2.4468      0.1522      
3       22.7520     0.5806      5.6826      
4       8.2702      1.5772      9.5500      
5       0.7281      1.3422      20.0000     
6       40.0000     40.0000     40.0000     

Iteration number: 0.3116610814491425
State        L           0           R      
1       100.0000    100.0000    100.0000    
2       50.0000     2.4468      0.1522      
3       24.7752     0.5806      5.6826      
4       12.0770     1.5772      9.5500      
5       5.6978      1.3422      20.0000     
6       40.0000     40.0000     40.0000     

Iteration number: 0.30854447063465107
State        L           0           R      
1       100.0000    100.0000    100.0000    
2       50.0000     2.4468      0.1522      
3       24.7752     0.5806      5.6826      
4       12.0770     1.5772      9.5500      
5       5.6978      1.3422      20.0000     
6       40.0000     40.0000     40.0000     

Iteration number: 0.30545902592830454
State        L           0           R      
1       100.0000    100.0000    100.0000    
2       50.0000     2.4468      0.1522      
3       24.7752     0.5806      5.6826      
4       12.0770     1.2827      3.2050      
5       5.6978      6.8842      20.0000     
6       40.0000     40.0000     40.0000     

Iteration number: 0.3024044356690215
State        L           0           R      
1       100.0000    100.0000    100.0000    
2       50.0000     2.4468      0.1522      
3       24.7752     0.5806      5.6826      
4       12.0770     4.6283      9.3205      
5       5.6978      6.8842      20.0000     
6       40.0000     40.0000     40.0000     

Iteration number: 0.29938039131233124
State        L           0           R      
1       100.0000    100.0000    100.0000    
2       50.0000     2.4468      0.1522      
3       24.7752     0.5806      5.6826      
4       12.0770     4.6283      9.3205      
5       5.6978      6.8842      20.0000     
6       40.0000     40.0000     40.0000     

Iteration number: 0.2963865873992079
State        L           0           R      
1       100.0000    100.0000    100.0000    
2       50.0000     2.4468      0.1522      
3       24.7752     0.5806      5.6826      
4       12.0770     4.6283      9.3205      
5       5.6978      6.8842      20.0000     
6       40.0000     40.0000     40.0000     

Iteration number: 0.29342272152521587
State        L           0           R      
1       100.0000    100.0000    100.0000    
2       50.0000     2.4468      0.1522      
3       24.7752     0.5806      5.6826      
4       12.0770     4.6283      9.3205      
5       5.6978      6.8842      20.0000     
6       40.0000     40.0000     40.0000     

Iteration number: 0.2904884943099637
State        L           0           R      
1       100.0000    100.0000    100.0000    
2       50.0000     2.4468      0.1522      
3       24.9775     0.5806      5.6826      
4       12.0770     4.6283      9.3205      
5       5.6978      6.8842      20.0000     
6       40.0000     40.0000     40.0000     

Iteration number: 0.28758360936686406
State        L           0           R      
1       100.0000    100.0000    100.0000    
2       50.0000     2.4468      0.1522      
3       24.9775     0.5806      5.6826      
4       12.0770     4.6283      9.3205      
5       5.6978      6.8842      20.0000     
6       40.0000     40.0000     40.0000     

Iteration number: 0.2847077732731954
State        L           0           R      
1       100.0000    100.0000    100.0000    
2       50.0000     2.4468      0.1522      
3       24.9775     0.5806      5.6826      
4       12.0770     4.6283      9.3205      
5       5.6978      6.8842      20.0000     
6       40.0000     40.0000     40.0000     

Iteration number: 0.28186069554046345
State        L           0           R      
1       100.0000    100.0000    100.0000    
2       50.0000     2.4468      0.1522      
3       24.9775     0.5806      5.6826      
4       12.0770     4.6283      9.3205      
5       5.6978      6.8842      20.0000     
6       40.0000     40.0000     40.0000     

Iteration number: 0.2790420885850588
State        L           0           R      
1       100.0000    100.0000    100.0000    
2       50.0000     0.8072      1.1402      
3       2.7790      0.8784      5.0683      
4       1.2429      0.4639      5.4331      
5       0.5874      0.6950      20.0000     
6       40.0000     40.0000     40.0000     

Iteration number: 0.2762516676992082
State        L           0           R      
1       100.0000    100.0000    100.0000    
2       50.0000     0.8072      1.1402      
3       2.7790      0.8784      5.0683      
4       1.2429      0.4639      5.4331      
5       0.5874      0.6950      20.0000     
6       40.0000     40.0000     40.0000     

Iteration number: 0.27348915102221616
State        L           0           R      
1       100.0000    100.0000    100.0000    
2       50.0000     0.8072      1.1402      
3       2.7790      0.8784      5.0683      
4       1.2429      0.4639      5.4331      
5       0.5874      0.6950      20.0000     
6       40.0000     40.0000     40.0000     

Iteration number: 0.270754259511994
State        L           0           R      
1       100.0000    100.0000    100.0000    
2       50.0000     0.8072      1.1402      
3       2.7790      0.8784      5.0683      
4       1.2429      0.4639      5.0433      
5       0.5874      9.0695      20.0000     
6       40.0000     40.0000     40.0000     

Iteration number: 0.26804671691687404
State        L           0           R      
1       100.0000    100.0000    100.0000    
2       50.0000     0.8072      1.1402      
3       2.7790      0.8784      5.0683      
4       1.2429      0.4639      5.0433      
5       0.5874      9.0695      20.0000     
6       40.0000     40.0000     40.0000     

Iteration number: 0.2653662497477053
State        L           0           R      
1       100.0000    100.0000    100.0000    
2       50.0000     0.8072      1.1402      
3       2.7790      0.8784      5.0683      
4       1.2429      0.4639      5.0433      
5       0.5874      9.0695      20.0000     
6       40.0000     40.0000     40.0000     

Iteration number: 0.2627125872502282
State        L           0           R      
1       100.0000    100.0000    100.0000    
2       50.0000     22.5807     1.1402      
3       11.5279     4.3066      5.0683      
4       1.2429      0.4639      5.0433      
5       0.5874      9.0695      20.0000     
6       40.0000     40.0000     40.0000     

Iteration number: 0.2600854613777259
State        L           0           R      
1       100.0000    100.0000    100.0000    
2       50.0000     22.5807     1.1402      
3       23.6528     4.3066      5.0683      
4       11.3743     0.4639      5.0433      
5       0.5874      9.0695      20.0000     
6       40.0000     40.0000     40.0000     

Iteration number: 0.2574846067639487
State        L           0           R      
1       100.0000    100.0000    100.0000    
2       50.0000     22.5807     1.1402      
3       23.6528     4.3066      5.0683      
4       11.3743     0.4639      5.0433      
5       0.5874      9.0695      20.0000     
6       40.0000     40.0000     40.0000     

Iteration number: 0.2549097606963092
State        L           0           R      
1       100.0000    100.0000    100.0000    
2       50.0000     22.5807     1.1402      
3       23.6528     4.3066      5.0683      
4       11.3743     0.4639      5.0433      
5       0.5874      9.0695      20.0000     
6       40.0000     40.0000     40.0000     

Iteration number: 0.2523606630893461
State        L           0           R      
1       100.0000    100.0000    100.0000    
2       50.0000     22.5807     1.1402      
3       23.6528     4.3066      5.0683      
4       11.3743     0.4639      9.5043      
5       0.5874      9.0695      20.0000     
6       40.0000     40.0000     40.0000     

Iteration number: 0.24983705645845267
State        L           0           R      
1       100.0000    100.0000    100.0000    
2       50.0000     22.5807     0.2546      
3       23.6528     1.4853      5.0068      
4       11.3743     0.4639      9.9504      
5       0.5874      9.0695      20.0000     
6       40.0000     40.0000     40.0000     

Iteration number: 0.24733868589386815
State        L           0           R      
1       100.0000    100.0000    100.0000    
2       50.0000     22.5807     0.2546      
3       23.6528     1.4853      5.0068      
4       11.3743     0.4639      9.9950      
5       0.5874      9.0695      20.0000     
6       40.0000     40.0000     40.0000     

Iteration number: 0.24486529903492946
State        L           0           R      
1       100.0000    100.0000    100.0000    
2       50.0000     22.5807     0.2546      
3       23.6528     1.4853      5.0068      
4       11.3743     0.4639      9.9950      
5       0.5874      9.0695      20.0000     
6       40.0000     40.0000     40.0000     

Iteration number: 0.24241664604458016
State        L           0           R      
1       100.0000    100.0000    100.0000    
2       50.0000     22.5807     0.2546      
3       24.8653     11.3985     5.0068      
4       11.3743     0.4639      9.9950      
5       0.5874      9.0695      20.0000     
6       40.0000     40.0000     40.0000     

Iteration number: 0.23999247958413436
State        L           0           R      
1       100.0000    100.0000    100.0000    
2       50.0000     22.5807     0.2546      
3       24.8653     11.3985     5.0068      
4       11.3743     0.4639      9.9950      
5       0.5874      9.0695      20.0000     
6       40.0000     40.0000     40.0000     

Iteration number: 0.23759255478829303
State        L           0           R      
1       100.0000    100.0000    100.0000    
2       50.0000     22.5807     0.2546      
3       24.8653     11.3985     5.0068      
4       11.3743     0.4639      9.9950      
5       0.5874      9.0695      20.0000     
6       40.0000     40.0000     40.0000     

Iteration number: 0.2352166292404101
State        L           0           R      
1       100.0000    100.0000    100.0000    
2       50.0000     22.5807     0.2546      
3       24.8653     11.3985     5.0068      
4       11.3743     0.4639      9.9950      
5       0.5874      9.0695      20.0000     
6       40.0000     40.0000     40.0000     

Iteration number: 0.232864462948006
State        L           0           R      
1       100.0000    100.0000    100.0000    
2       50.0000     22.5807     0.2546      
3       24.8653     11.3985     5.0068      
4       11.3743     0.4639      9.9950      
5       0.5874      9.0695      20.0000     
6       40.0000     40.0000     40.0000     

Iteration number: 0.23053581831852593
State        L           0           R      
1       100.0000    100.0000    100.0000    
2       50.0000     22.5807     0.2546      
3       24.8653     11.3985     5.0068      
4       11.3743     0.4639      9.9950      
5       0.5874      9.0695      20.0000     
6       40.0000     40.0000     40.0000     

Iteration number: 0.22823046013534068
State        L           0           R      
1       100.0000    100.0000    100.0000    
2       50.0000     22.5807     0.2546      
3       24.8653     11.3985     5.0068      
4       11.3743     0.4639      9.9950      
5       0.5874      9.0695      20.0000     
6       40.0000     40.0000     40.0000     

Iteration number: 0.22594815553398728
State        L           0           R      
1       100.0000    100.0000    100.0000    
2       50.0000     22.5807     0.2546      
3       24.8653     11.3985     5.0068      
4       11.3743     0.4639      9.9950      
5       0.5874      9.0695      20.0000     
6       40.0000     40.0000     40.0000     

Iteration number: 0.22368867397864742
State        L           0           R      
1       100.0000    100.0000    100.0000    
2       50.0000     22.5807     0.2546      
3       24.8653     11.3985     5.0068      
4       11.3743     0.4639      9.9950      
5       0.5874      9.0695      20.0000     
6       40.0000     40.0000     40.0000     

Iteration number: 0.22145178723886094
State        L           0           R      
1       100.0000    100.0000    100.0000    
2       50.0000     22.5807     0.2546      
3       24.8653     11.3985     5.0068      
4       11.3743     0.4639      9.9950      
5       0.5874      9.0695      20.0000     
6       40.0000     40.0000     40.0000     

Iteration number: 0.21923726936647234
State        L           0           R      
1       100.0000    100.0000    100.0000    
2       50.0000     22.5807     0.2546      
3       24.8653     11.3985     5.0068      
4       11.3743     0.4639      9.9950      
5       0.5874      9.0695      20.0000     
6       40.0000     40.0000     40.0000     

Iteration number: 0.2170448966728076
State        L           0           R      
1       100.0000    100.0000    100.0000    
2       50.0000     24.7581     0.2546      
3       13.7365     11.3985     5.0068      
4       6.7624      0.4639      9.9950      
5       0.5874      9.0695      20.0000     
6       40.0000     40.0000     40.0000     

Iteration number: 0.21487444770607952
State        L           0           R      
1       100.0000    100.0000    100.0000    
2       50.0000     24.7581     0.2546      
3       23.8737     11.3985     5.0068      
4       6.7624      0.4639      9.9950      
5       0.5874      9.0695      20.0000     
6       40.0000     40.0000     40.0000     

Iteration number: 0.21272570322901874
State        L           0           R      
1       100.0000    100.0000    100.0000    
2       50.0000     24.7581     0.2546      
3       23.8737     11.3985     5.0068      
4       6.7624      0.4639      9.9950      
5       0.5874      9.0695      20.0000     
6       40.0000     40.0000     40.0000     

Iteration number: 0.21059844619672854
State        L           0           R      
1       100.0000    100.0000    100.0000    
2       50.0000     24.7581     0.2546      
3       23.8737     11.3985     5.0068      
4       6.7624      0.4639      9.9995      
5       0.5874      9.0695      20.0000     
6       40.0000     40.0000     40.0000     

Iteration number: 0.20849246173476127
State        L           0           R      
1       100.0000    100.0000    100.0000    
2       50.0000     24.7581     0.2546      
3       23.8737     11.3985     5.0068      
4       6.7624      0.4639      9.9995      
5       0.5874      9.0695      20.0000     
6       40.0000     40.0000     40.0000     

Iteration number: 0.20640753711741366
State        L           0           R      
1       100.0000    100.0000    100.0000    
2       50.0000     24.7581     0.2546      
3       23.8737     11.3985     5.0068      
4       6.7624      0.4639      9.9995      
5       0.5874      9.0695      20.0000     
6       40.0000     40.0000     40.0000     

Iteration number: 0.20434346174623952
State        L           0           R      
1       100.0000    100.0000    100.0000    
2       50.0000     24.7581     0.2546      
3       23.8737     11.3985     5.0068      
4       6.7624      0.4639      9.9995      
5       0.5874      9.0695      20.0000     
6       40.0000     40.0000     40.0000     

Iteration number: 0.20230002712877712
State        L           0           R      
1       100.0000    100.0000    100.0000    
2       50.0000     2.4759      0.0256      
3       2.3874      1.1401      0.5025      
4       0.6773      0.1009      5.6406      
5       4.5587      2.2195      20.0000     
6       40.0000     40.0000     40.0000     

Iteration number: 0.20027702685748935
State        L           0           R      
1       100.0000    100.0000    100.0000    
2       50.0000     2.4759      0.0256      
3       2.3874      1.1401      0.5025      
4       0.6773      0.1009      5.6406      
5       4.5587      2.2195      20.0000     
6       40.0000     40.0000     40.0000     

Iteration number: 0.19827425658891445
State        L           0           R      
1       100.0000    100.0000    100.0000    
2       50.0000     2.4759      0.0256      
3       2.3874      1.1401      0.5025      
4       0.6773      0.1009      5.6406      
5       4.5587      2.2195      20.0000     
6       40.0000     40.0000     40.0000     

Iteration number: 0.1962915140230253
State        L           0           R      
1       100.0000    100.0000    100.0000    
2       50.0000     2.4759      0.0256      
3       2.3874      1.1401      0.5025      
4       0.6773      0.1009      5.6406      
5       4.5587      2.2195      20.0000     
6       40.0000     40.0000     40.0000     

Iteration number: 0.19432859888279505
State        L           0           R      
1       100.0000    100.0000    100.0000    
2       50.0000     2.4759      0.0256      
3       2.3874      1.1401      0.5025      
4       0.6773      1.3471      3.9420      
5       1.2535      0.2630      20.0000     
6       40.0000     40.0000     40.0000     

Iteration number: 0.1923853128939671
State        L           0           R      
1       100.0000    100.0000    100.0000    
2       50.0000     2.4759      0.0256      
3       2.3874      1.1401      0.5025      
4       0.6773      1.3471      3.9420      
5       1.2535      0.2630      20.0000     
6       40.0000     40.0000     40.0000     

Iteration number: 0.19046145976502743
State        L           0           R      
1       100.0000    100.0000    100.0000    
2       50.0000     0.6695      1.1276      
3       0.3794      2.3640      4.5503      
4       0.1380      1.3471      9.3942      
5       0.1605      0.0365      20.0000     
6       40.0000     40.0000     40.0000     

Iteration number: 0.18855684516737714
State        L           0           R      
1       100.0000    100.0000    100.0000    
2       50.0000     0.6695      1.1276      
3       0.3794      2.3640      4.5503      
4       0.1380      1.3471      9.3942      
5       0.1605      0.0365      20.0000     
6       40.0000     40.0000     40.0000     

Iteration number: 0.18667127671570335
State        L           0           R      
1       100.0000    100.0000    100.0000    
2       50.0000     10.6138     0.8159      
3       1.4442      2.3640      4.5503      
4       0.1380      1.3471      9.3942      
5       0.1605      0.0365      20.0000     
6       40.0000     40.0000     40.0000     

Iteration number: 0.18480456394854633
State        L           0           R      
1       100.0000    100.0000    100.0000    
2       50.0000     10.6138     0.8159      
3       1.4442      2.3640      4.5503      
4       0.1380      1.3471      9.3942      
5       0.1605      0.0365      20.0000     
6       40.0000     40.0000     40.0000     

Iteration number: 0.18295651830906087
State        L           0           R      
1       100.0000    100.0000    100.0000    
2       50.0000     23.5614     0.8159      
3       11.3944     2.3640      2.2128      
4       3.5294      1.3471      9.3942      
5       0.1605      0.0365      20.0000     
6       40.0000     40.0000     40.0000     

Iteration number: 0.18112695312597027
State        L           0           R      
1       100.0000    100.0000    100.0000    
2       50.0000     23.5614     0.8159      
3       23.6394     2.3640      2.2128      
4       3.5294      1.3471      9.3942      
5       0.1605      0.0365      20.0000     
6       40.0000     40.0000     40.0000     

Iteration number: 0.17931568359471056
State        L           0           R      
1       100.0000    100.0000    100.0000    
2       50.0000     23.5614     0.8159      
3       23.6394     2.3640      2.2128      
4       3.5294      1.3471      9.3942      
5       0.1605      0.0365      20.0000     
6       40.0000     40.0000     40.0000     

Iteration number: 0.17752252675876345
State        L           0           R      
1       100.0000    100.0000    100.0000    
2       50.0000     23.5614     0.8159      
3       23.6394     2.3640      2.2128      
4       3.5294      1.3471      9.3942      
5       0.1605      0.0365      20.0000     
6       40.0000     40.0000     40.0000     

Iteration number: 0.17574730149117582
State        L           0           R      
1       100.0000    100.0000    100.0000    
2       50.0000     23.5614     0.8159      
3       24.8639     11.4864     3.0338      
4       3.8686      0.8378      9.3942      
5       0.3676      0.1794      20.0000     
6       40.0000     40.0000     40.0000     

Iteration number: 0.17398982847626407
State        L           0           R      
1       100.0000    100.0000    100.0000    
2       50.0000     23.5614     0.8159      
3       24.8639     11.4864     3.0338      
4       3.8686      0.8378      9.3942      
5       0.3676      9.0179      20.0000     
6       40.0000     40.0000     40.0000     

Iteration number: 0.17224993019150142
State        L           0           R      
1       100.0000    100.0000    100.0000    
2       50.0000     23.5614     0.8159      
3       24.8639     11.4864     3.0338      
4       3.8686      0.8378      9.3942      
5       0.3676      9.0179      20.0000     
6       40.0000     40.0000     40.0000     

Iteration number: 0.1705274308895864
State        L           0           R      
1       100.0000    100.0000    100.0000    
2       50.0000     23.5614     0.8159      
3       24.8639     11.4864     2.5534      
4       1.5119      2.6150      9.9394      
5       0.3676      9.0179      20.0000     
6       40.0000     40.0000     40.0000     

Iteration number: 0.16882215658069055
State        L           0           R      
1       100.0000    100.0000    100.0000    
2       50.0000     23.5614     0.8159      
3       24.8639     11.4864     2.5534      
4       1.5119      2.6150      9.9394      
5       0.3676      9.0179      20.0000     
6       40.0000     40.0000     40.0000     

Iteration number: 0.16713393501488363
State        L           0           R      
1       100.0000    100.0000    100.0000    
2       50.0000     23.5614     0.8159      
3       24.8639     11.4864     2.5534      
4       1.5119      2.6150      9.9394      
5       0.3676      9.0179      20.0000     
6       40.0000     40.0000     40.0000     

Iteration number: 0.16546259566473479
State        L           0           R      
1       100.0000    100.0000    100.0000    
2       50.0000     23.5614     0.8159      
3       24.8639     11.4864     2.5534      
4       1.5119      2.6150      9.9394      
5       0.3676      9.0179      20.0000     
6       40.0000     40.0000     40.0000     

Iteration number: 0.16380796970808745
State        L           0           R      
1       100.0000    100.0000    100.0000    
2       50.0000     23.5614     0.8159      
3       24.8639     11.4864     2.5534      
4       1.5119      2.6150      9.9394      
5       0.3676      9.0179      20.0000     
6       40.0000     40.0000     40.0000     

Iteration number: 0.16216989001100657
State        L           0           R      
1       100.0000    100.0000    100.0000    
2       50.0000     5.3444      6.0582      
3       10.9825     2.5549      2.5534      
4       1.5119      2.6150      9.9394      
5       0.3676      9.0179      20.0000     
6       40.0000     40.0000     40.0000     

Iteration number: 0.1605481911108965
State        L           0           R      
1       100.0000    100.0000    100.0000    
2       50.0000     5.3444      6.0582      
3       10.9825     2.5549      2.5534      
4       1.5119      2.6150      9.9394      
5       0.3676      9.0179      20.0000     
6       40.0000     40.0000     40.0000     

Iteration number: 0.15894270919978754
State        L           0           R      
1       100.0000    100.0000    100.0000    
2       50.0000     5.3444      6.0582      
3       10.9825     2.5549      2.5534      
4       1.5119      2.8865      9.9939      
5       0.5993      1.1127      20.0000     
6       40.0000     40.0000     40.0000     

Iteration number: 0.15735328210778965
State        L           0           R      
1       100.0000    100.0000    100.0000    
2       50.0000     5.3444      6.0582      
3       10.9825     1.9430      4.7553      
4       1.5119      2.8865      9.9994      
5       0.5993      1.1127      20.0000     
6       40.0000     40.0000     40.0000     

Iteration number: 0.15577974928671176
State        L           0           R      
1       100.0000    100.0000    100.0000    
2       50.0000     5.3444      6.0582      
3       10.9825     1.9430      4.7553      
4       1.5119      2.8865      9.9994      
5       0.5993      1.1127      20.0000     
6       40.0000     40.0000     40.0000     

Iteration number: 0.15422195179384465
State        L           0           R      
1       100.0000    100.0000    100.0000    
2       50.0000     5.3444      6.0582      
3       10.9825     1.9430      4.7553      
4       1.5119      2.8865      9.9994      
5       0.5993      1.1127      20.0000     
6       40.0000     40.0000     40.0000     

Iteration number: 0.1526797322759062
State        L           0           R      
1       100.0000    100.0000    100.0000    
2       50.0000     5.3444      6.0582      
3       10.9825     1.9430      4.7553      
4       1.5119      2.8865      9.9994      
5       0.5993      1.1127      20.0000     
6       40.0000     40.0000     40.0000     

Iteration number: 0.15115293495314713
State        L           0           R      
1       100.0000    100.0000    100.0000    
2       50.0000     5.3444      11.8558     
3       15.1607     1.8349      0.4769      
4       0.5027      0.3385      9.9994      
5       0.5993      1.1127      20.0000     
6       40.0000     40.0000     40.0000     

Iteration number: 0.14964140560361566
State        L           0           R      
1       100.0000    100.0000    100.0000    
2       50.0000     5.3444      11.8558     
3       15.1607     1.8349      0.4769      
4       0.5027      0.3385      9.9994      
5       0.5993      1.1127      20.0000     
6       40.0000     40.0000     40.0000     

Iteration number: 0.1481449915475795
State        L           0           R      
1       100.0000    100.0000    100.0000    
2       50.0000     5.3444      11.8558     
3       15.1607     1.8349      0.4769      
4       0.5027      0.3385      5.4999      
5       0.5993      9.1113      20.0000     
6       40.0000     40.0000     40.0000     

Iteration number: 0.1466635416321037
State        L           0           R      
1       100.0000    100.0000    100.0000    
2       50.0000     5.3444      11.8558     
3       15.1607     1.8349      0.4769      
4       0.5027      0.3385      5.4999      
5       0.5993      9.1113      20.0000     
6       40.0000     40.0000     40.0000     

Iteration number: 0.14519690621578268
State        L           0           R      
1       100.0000    100.0000    100.0000    
2       50.0000     1.9407      3.9981      
3       24.0161     8.6210      0.4769      
4       0.5027      0.3385      5.4999      
5       0.5993      9.1113      20.0000     
6       40.0000     40.0000     40.0000     

Iteration number: 0.14374493715362485
State        L           0           R      
1       100.0000    100.0000    100.0000    
2       50.0000     1.9407      3.9981      
3       24.9016     8.6210      0.4769      
4       11.3003     2.9635      1.2531      
5       1.4662      9.1113      20.0000     
6       40.0000     40.0000     40.0000     

Iteration number: 0.1423074877820886
State        L           0           R      
1       100.0000    100.0000    100.0000    
2       50.0000     1.9407      3.9981      
3       24.9016     8.6210      0.4769      
4       11.3003     2.9635      1.2531      
5       1.4662      9.1113      20.0000     
6       40.0000     40.0000     40.0000     

Iteration number: 0.1408844129042677
State        L           0           R      
1       100.0000    100.0000    100.0000    
2       50.0000     1.9407      3.9981      
3       24.9016     8.6210      0.4769      
4       11.3003     2.9635      1.2531      
5       1.4662      9.1113      20.0000     
6       40.0000     40.0000     40.0000     

Iteration number: 0.13947556877522502
State        L           0           R      
1       100.0000    100.0000    100.0000    
2       50.0000     1.9407      3.9981      
3       24.9016     8.6210      0.4769      
4       11.3003     2.9635      4.9066      
5       4.6466      2.5986      20.0000     
6       40.0000     40.0000     40.0000     

Iteration number: 0.13808081308747278
State        L           0           R      
1       100.0000    100.0000    100.0000    
2       50.0000     1.9407      3.9981      
3       24.9016     8.6210      0.4769      
4       11.3003     2.9635      9.4907      
5       4.6466      2.5986      20.0000     
6       40.0000     40.0000     40.0000     

Iteration number: 0.13670000495659804
State        L           0           R      
1       100.0000    100.0000    100.0000    
2       50.0000     1.9407      3.9981      
3       24.9016     8.6210      0.4769      
4       11.3003     2.9635      9.9491      
5       4.6466      2.5986      20.0000     
6       40.0000     40.0000     40.0000     

Iteration number: 0.13533300490703207
State        L           0           R      
1       100.0000    100.0000    100.0000    
2       50.0000     1.9407      3.9981      
3       24.9016     8.6210      0.4769      
4       11.3003     2.9635      9.9491      
5       4.6466      2.5986      20.0000     
6       40.0000     40.0000     40.0000     

Iteration number: 0.13397967485796175
State        L           0           R      
1       100.0000    100.0000    100.0000    
2       50.0000     1.9407      3.9981      
3       24.9016     8.6210      0.4769      
4       11.3003     2.9635      9.9491      
5       4.6466      2.5986      20.0000     
6       40.0000     40.0000     40.0000     

Iteration number: 0.13263987810938213
State        L           0           R      
1       100.0000    100.0000    100.0000    
2       50.0000     1.9407      3.9981      
3       24.9902     8.6210      0.4769      
4       11.3003     2.9635      9.9491      
5       4.6466      2.5986      20.0000     
6       40.0000     40.0000     40.0000     

Iteration number: 0.1313134793282883
State        L           0           R      
1       100.0000    100.0000    100.0000    
2       50.0000     1.9407      3.9981      
3       24.9990     8.6210      0.4769      
4       12.3800     2.9635      9.9491      
5       4.6466      2.5986      20.0000     
6       40.0000     40.0000     40.0000     

Iteration number: 0.13000034453500542
State        L           0           R      
1       100.0000    100.0000    100.0000    
2       50.0000     1.9407      3.9981      
3       24.9999     8.6210      0.4769      
4       12.4880     2.9635      9.9491      
5       4.6466      2.5986      20.0000     
6       40.0000     40.0000     40.0000     

Iteration number: 0.12870034108965536
State        L           0           R      
1       100.0000    100.0000    100.0000    
2       50.0000     1.9407      3.9981      
3       25.0000     8.6210      0.4769      
4       12.4988     2.9635      9.9491      
5       6.0897      2.5986      20.0000     
6       40.0000     40.0000     40.0000     

Iteration number: 0.12741333767875881
State        L           0           R      
1       100.0000    100.0000    100.0000    
2       50.0000     1.9407      3.9981      
3       25.0000     8.6210      0.4769      
4       12.4999     2.9635      9.9491      
5       6.2340      2.5986      20.0000     
6       40.0000     40.0000     40.0000     

Iteration number: 0.12613920430197123
State        L           0           R      
1       100.0000    100.0000    100.0000    
2       50.0000     1.9407      3.9981      
3       25.0000     8.6210      0.4769      
4       12.4999     2.9635      9.9491      
5       6.2340      2.5986      20.0000     
6       40.0000     40.0000     40.0000     

Iteration number: 0.12487781225895152
State        L           0           R      
1       100.0000    100.0000    100.0000    
2       50.0000     1.9407      3.9981      
3       25.0000     8.6210      0.4769      
4       12.4999     2.9635      9.9491      
5       6.2340      2.5986      20.0000     
6       40.0000     40.0000     40.0000     

Iteration number: 0.123629034136362
State        L           0           R      
1       100.0000    100.0000    100.0000    
2       50.0000     1.9407      3.9981      
3       25.0000     8.6210      0.4769      
4       12.4999     2.5464      5.4949      
5       6.2340      9.2599      20.0000     
6       40.0000     40.0000     40.0000     

Iteration number: 0.12239274379499838
State        L           0           R      
1       100.0000    100.0000    100.0000    
2       50.0000     1.9407      3.9981      
3       25.0000     8.6210      0.4769      
4       12.4999     2.5464      9.5495      
5       6.2340      9.2599      20.0000     
6       40.0000     40.0000     40.0000     

Iteration number: 0.1211688163570484
State        L           0           R      
1       100.0000    100.0000    100.0000    
2       50.0000     1.9407      1.5248      
3       25.0000     3.1121      4.5477      
4       12.4999     2.5464      9.9549      
5       6.2340      9.2599      20.0000     
6       40.0000     40.0000     40.0000     

Iteration number: 0.11995712819347792
State        L           0           R      
1       100.0000    100.0000    100.0000    
2       50.0000     1.9407      1.5248      
3       25.0000     3.1121      4.5477      
4       12.4999     2.5464      9.9549      
5       6.2340      9.2599      20.0000     
6       40.0000     40.0000     40.0000     

Iteration number: 0.11875755691154315
State        L           0           R      
1       100.0000    100.0000    100.0000    
2       50.0000     1.9407      1.5248      
3       25.0000     3.1121      4.5477      
4       12.4999     2.5464      9.9549      
5       6.2340      9.2599      20.0000     
6       40.0000     40.0000     40.0000     

Iteration number: 0.11756998134242772
State        L           0           R      
1       100.0000    100.0000    100.0000    
2       50.0000     1.9407      1.5248      
3       25.0000     3.1121      4.5477      
4       12.4999     2.5464      9.9549      
5       6.2340      9.2599      20.0000     
6       40.0000     40.0000     40.0000     

Iteration number: 0.11639428152900344
State        L           0           R      
1       100.0000    100.0000    100.0000    
2       50.0000     1.9407      1.5248      
3       25.0000     3.1121      4.5477      
4       12.4999     2.5464      9.9549      
5       6.2340      9.2599      20.0000     
6       40.0000     40.0000     40.0000     

Iteration number: 0.11523033871371341
State        L           0           R      
1       100.0000    100.0000    100.0000    
2       50.0000     1.9407      1.5248      
3       25.0000     11.5612     0.4603      
4       6.8750      2.3640      1.0889      
5       1.0189      1.0651      20.0000     
6       40.0000     40.0000     40.0000     

Iteration number: 0.11407803532657627
State        L           0           R      
1       100.0000    100.0000    100.0000    
2       50.0000     1.9407      1.5248      
3       25.0000     11.5612     0.4603      
4       6.8750      2.3640      1.0889      
5       1.0189      5.3565      20.0000     
6       40.0000     40.0000     40.0000     

Iteration number: 0.11293725497331052
State        L           0           R      
1       100.0000    100.0000    100.0000    
2       50.0000     1.9407      1.5248      
3       25.0000     11.5612     0.4603      
4       6.8750      2.3640      1.0889      
5       1.0189      5.3565      20.0000     
6       40.0000     40.0000     40.0000     

Iteration number: 0.1118078824235774
State        L           0           R      
1       100.0000    100.0000    100.0000    
2       50.0000     1.9407      1.5248      
3       25.0000     11.5612     0.4603      
4       6.8750      2.3640      1.0889      
5       1.0189      5.3565      20.0000     
6       40.0000     40.0000     40.0000     

Iteration number: 0.11068980359934164
State        L           0           R      
1       100.0000    100.0000    100.0000    
2       50.0000     1.9407      1.5248      
3       25.0000     11.5612     0.4603      
4       6.8750      2.3640      1.0889      
5       1.0189      5.3565      20.0000     
6       40.0000     40.0000     40.0000     

Iteration number: 0.10958290556334822
State        L           0           R      
1       100.0000    100.0000    100.0000    
2       50.0000     1.9407      1.5248      
3       25.0000     11.5612     0.4603      
4       6.8750      2.3640      1.0889      
5       1.0189      5.3565      20.0000     
6       40.0000     40.0000     40.0000     

Iteration number: 0.10848707650771475
State        L           0           R      
1       100.0000    100.0000    100.0000    
2       50.0000     1.9407      1.5248      
3       25.0000     11.5612     0.4603      
4       6.8750      2.3640      1.0889      
5       1.0189      5.3565      20.0000     
6       40.0000     40.0000     40.0000     

Iteration number: 0.1074022057426376
State        L           0           R      
1       100.0000    100.0000    100.0000    
2       50.0000     1.9407      1.5248      
3       25.0000     11.5612     0.4603      
4       6.8750      2.3640      1.0889      
5       1.0189      5.3565      20.0000     
6       40.0000     40.0000     40.0000     

Iteration number: 0.10632818368521123
State        L           0           R      
1       100.0000    100.0000    100.0000    
2       50.0000     1.9407      6.4806      
3       12.1094     2.7382      0.4603      
4       0.8633      2.3640      0.1528      
5       0.1898      5.3565      20.0000     
6       40.0000     40.0000     40.0000     

Iteration number: 0.10526490184835911
State        L           0           R      
1       100.0000    100.0000    100.0000    
2       50.0000     1.9407      6.4806      
3       12.1094     2.7382      0.4603      
4       0.8633      2.3640      0.1528      
5       0.1898      5.3565      20.0000     
6       40.0000     40.0000     40.0000     

Iteration number: 0.10421225282987552
State        L           0           R      
1       100.0000    100.0000    100.0000    
2       50.0000     1.9407      6.4806      
3       12.1094     2.7382      0.4603      
4       0.8633      2.3640      0.1528      
5       0.1898      5.3565      20.0000     
6       40.0000     40.0000     40.0000     

Iteration number: 0.10317013030157676
State        L           0           R      
1       100.0000    100.0000    100.0000    
2       50.0000     1.9407      6.4806      
3       12.1094     2.7382      0.4603      
4       0.8633      2.3640      0.1528      
5       0.1898      5.3565      20.0000     
6       40.0000     40.0000     40.0000     

Iteration number: 0.10213842899856099
State        L           0           R      
1       100.0000    100.0000    100.0000    
2       50.0000     1.9407      6.4806      
3       12.1094     2.7382      0.4603      
4       0.8633      2.3640      0.1528      
5       0.1898      5.3565      20.0000     
6       40.0000     40.0000     40.0000     

Iteration number: 0.10111704470857538
State        L           0           R      
1       100.0000    100.0000    100.0000    
2       50.0000     1.9407      6.4806      
3       23.7109     11.5238     0.4603      
4       5.7113      2.3640      0.1528      
5       2.8315      5.3565      20.0000     
6       40.0000     40.0000     40.0000     

Iteration number: 0.10010587426148963
State        L           0           R      
1       100.0000    100.0000    100.0000    
2       50.0000     1.9407      6.4806      
3       23.7109     11.5238     0.4603      
4       5.7113      2.3640      0.1528      
5       2.8315      5.3565      20.0000     
6       40.0000     40.0000     40.0000     

Iteration number: 0.09910481551887473
State        L           0           R      
1       100.0000    100.0000    100.0000    
2       50.0000     22.6941     6.4806      
3       23.7109     11.5238     0.4603      
4       5.7113      2.3640      0.1528      
5       2.8315      5.3565      20.0000     
6       40.0000     40.0000     40.0000     

Iteration number: 0.09811376736368599
State        L           0           R      
1       100.0000    100.0000    100.0000    
2       50.0000     22.6941     6.4806      
3       24.8711     11.5238     0.7492      
4       11.8211     5.8614      1.4215      
5       3.0956      5.3565      20.0000     
6       40.0000     40.0000     40.0000     

Iteration number: 0.09713262969004913
State        L           0           R      
1       100.0000    100.0000    100.0000    
2       50.0000     22.6941     6.4806      
3       24.9871     11.5238     0.7492      
4       12.4321     5.8614      1.4215      
5       3.0956      5.3565      20.0000     
6       40.0000     40.0000     40.0000     

Iteration number: 0.09616130339314863
State        L           0           R      
1       100.0000    100.0000    100.0000    
2       50.0000     22.6941     6.4806      
3       24.9871     11.5238     0.7492      
4       12.4321     5.8614      1.4215      
5       3.0956      5.3565      20.0000     
6       40.0000     40.0000     40.0000     

Iteration number: 0.09519969035921715
State        L           0           R      
1       100.0000    100.0000    100.0000    
2       50.0000     22.6941     6.4806      
3       24.9987     11.5238     0.7492      
4       12.4321     5.8614      1.4215      
5       3.0956      5.3565      20.0000     
6       40.0000     40.0000     40.0000     

Iteration number: 0.09424769345562498
State        L           0           R      
1       100.0000    100.0000    100.0000    
2       50.0000     22.6941     6.4806      
3       24.9999     11.5238     0.7492      
4       12.4321     5.8614      1.4215      
5       3.0956      5.3565      20.0000     
6       40.0000     40.0000     40.0000     

Iteration number: 0.09330521652106873
State        L           0           R      
1       100.0000    100.0000    100.0000    
2       50.0000     22.6941     6.4806      
3       24.9999     11.5238     0.7492      
4       12.4321     5.8614      9.1422      
5       3.0956      5.3565      20.0000     
6       40.0000     40.0000     40.0000     

Iteration number: 0.09237216435585804
State        L           0           R      
1       100.0000    100.0000    100.0000    
2       50.0000     22.6941     6.4806      
3       24.9999     11.5238     0.7492      
4       12.4321     5.8614      9.9142      
5       3.0956      5.3565      20.0000     
6       40.0000     40.0000     40.0000     

Iteration number: 0.09144844271229946
State        L           0           R      
1       100.0000    100.0000    100.0000    
2       50.0000     22.6941     6.4806      
3       24.9999     11.5238     0.7492      
4       12.4321     5.8614      9.9142      
5       3.0956      5.3565      20.0000     
6       40.0000     40.0000     40.0000     

Iteration number: 0.09053395828517646
State        L           0           R      
1       100.0000    100.0000    100.0000    
2       50.0000     22.6941     6.4806      
3       24.9999     11.5238     0.7492      
4       12.4321     5.8614      9.9142      
5       3.0956      7.2857      20.0000     
6       40.0000     40.0000     40.0000     

Iteration number: 0.08962861870232469
State        L           0           R      
1       100.0000    100.0000    100.0000    
2       50.0000     22.6941     6.4806      
3       24.9999     11.5238     2.3249      
4       2.3682      3.1174      9.9914      
5       3.0956      7.2857      20.0000     
6       40.0000     40.0000     40.0000     

Iteration number: 0.08873233251530144
State        L           0           R      
1       100.0000    100.0000    100.0000    
2       50.0000     22.6941     6.4806      
3       24.9999     11.5238     4.7325      
4       2.3682      3.1174      9.9991      
5       3.0956      7.2857      20.0000     
6       40.0000     40.0000     40.0000     

Iteration number: 0.08784500919014843
State        L           0           R      
1       100.0000    100.0000    100.0000    
2       50.0000     22.6941     6.4806      
3       24.9999     11.5238     4.7325      
4       2.3682      3.1174      9.9999      
5       3.0956      7.2857      20.0000     
6       40.0000     40.0000     40.0000     

Iteration number: 0.08696655909824694
State        L           0           R      
1       100.0000    100.0000    100.0000    
2       50.0000     22.6941     6.4806      
3       24.9999     11.5238     4.7325      
4       2.3682      3.1174      9.9999      
5       3.0956      7.2857      20.0000     
6       40.0000     40.0000     40.0000     

Iteration number: 0.08609689350726446
State        L           0           R      
1       100.0000    100.0000    100.0000    
2       50.0000     22.6941     6.4806      
3       24.9999     11.5238     4.7325      
4       2.3682      3.1174      9.9999      
5       3.0956      7.2857      20.0000     
6       40.0000     40.0000     40.0000     

Iteration number: 0.08523592457219181
State        L           0           R      
1       100.0000    100.0000    100.0000    
2       50.0000     22.6941     6.4806      
3       24.9999     11.5238     4.7325      
4       2.3682      3.1174      9.9999      
5       3.0956      7.2857      20.0000     
6       40.0000     40.0000     40.0000     

Iteration number: 0.0843835653264699
State        L           0           R      
1       100.0000    100.0000    100.0000    
2       50.0000     24.7694     6.4806      
3       13.7500     5.3711      1.1764      
4       1.1157      3.1174      9.9999      
5       3.0956      7.2857      20.0000     
6       40.0000     40.0000     40.0000     

Iteration number: 0.0835397296732052
State        L           0           R      
1       100.0000    100.0000    100.0000    
2       50.0000     24.7694     6.4806      
3       13.7500     5.3711      1.1764      
4       1.1157      3.1174      9.9999      
5       3.0956      7.2857      20.0000     
6       40.0000     40.0000     40.0000     

Iteration number: 0.08270433237647315
State        L           0           R      
1       100.0000    100.0000    100.0000    
2       50.0000     24.7694     6.4806      
3       13.7500     5.3711      1.1764      
4       1.1157      3.1174      9.9999      
5       3.0956      7.2857      20.0000     
6       40.0000     40.0000     40.0000     

Iteration number: 0.08187728905270841
State        L           0           R      
1       100.0000    100.0000    100.0000    
2       50.0000     24.7694     1.3512      
3       23.8750     6.8652      2.9301      
4       5.7366      3.1174      9.9999      
5       3.0956      7.2857      20.0000     
6       40.0000     40.0000     40.0000     

Iteration number: 0.08105851616218133
State        L           0           R      
1       100.0000    100.0000    100.0000    
2       50.0000     24.7694     1.3512      
3       23.8750     6.8652      2.9301      
4       5.7366      3.1174      9.9999      
5       3.0956      7.2857      20.0000     
6       40.0000     40.0000     40.0000     

Iteration number: 0.08024793100055952
State        L           0           R      
1       100.0000    100.0000    100.0000    
2       50.0000     24.7694     1.3512      
3       23.8750     2.9365      4.7930      
4       1.6987      0.8742      10.0000     
5       3.0956      7.2857      20.0000     
6       40.0000     40.0000     40.0000     

Iteration number: 0.07944545169055392
State        L           0           R      
1       100.0000    100.0000    100.0000    
2       50.0000     3.6019      2.3851      
3       23.8750     2.9365      4.9793      
4       1.6987      0.8742      10.0000     
5       3.0956      7.2857      20.0000     
6       40.0000     40.0000     40.0000     

Iteration number: 0.07865099717364837
State        L           0           R      
1       100.0000    100.0000    100.0000    
2       50.0000     3.6019      2.3851      
3       23.8750     2.9365      4.9793      
4       1.6987      0.8742      10.0000     
5       3.0956      7.2857      20.0000     
6       40.0000     40.0000     40.0000     

Iteration number: 0.07786448720191189
State        L           0           R      
1       100.0000    100.0000    100.0000    
2       50.0000     3.6019      2.3851      
3       23.8750     2.9365      4.9793      
4       1.6987      0.8742      10.0000     
5       3.0956      7.2857      20.0000     
6       40.0000     40.0000     40.0000     

Iteration number: 0.07708584232989277
State        L           0           R      
1       100.0000    100.0000    100.0000    
2       50.0000     17.2352     2.3851      
3       8.0125      3.1062      4.9793      
4       1.5761      0.7905      10.0000     
5       3.0956      7.2857      20.0000     
6       40.0000     40.0000     40.0000     

Iteration number: 0.07631498390659384
State        L           0           R      
1       100.0000    100.0000    100.0000    
2       50.0000     17.2352     2.3851      
3       8.0125      3.1062      4.9793      
4       1.5761      0.7905      10.0000     
5       3.0956      7.2857      20.0000     
6       40.0000     40.0000     40.0000     

Iteration number: 0.07555183406752791
State        L           0           R      
1       100.0000    100.0000    100.0000    
2       50.0000     17.2352     2.3851      
3       8.0125      3.1062      4.9793      
4       1.5761      0.7905      10.0000     
5       3.0956      7.2857      20.0000     
6       40.0000     40.0000     40.0000     

Iteration number: 0.07479631572685264
State        L           0           R      
1       100.0000    100.0000    100.0000    
2       50.0000     17.2352     2.3851      
3       8.0125      2.5606      4.9979      
4       1.2826      0.1335      5.6406      
5       0.8721      7.2857      20.0000     
6       40.0000     40.0000     40.0000     

Iteration number: 0.07404835256958411
State        L           0           R      
1       100.0000    100.0000    100.0000    
2       50.0000     17.2352     2.3851      
3       8.0125      2.5606      4.9979      
4       1.2826      0.1335      5.6406      
5       0.8721      7.2857      20.0000     
6       40.0000     40.0000     40.0000     

Iteration number: 0.07330786904388827
State        L           0           R      
1       100.0000    100.0000    100.0000    
2       50.0000     17.2352     2.3851      
3       8.0125      2.5606      4.9979      
4       1.2826      0.1335      5.6406      
5       0.8721      7.2857      20.0000     
6       40.0000     40.0000     40.0000     

Iteration number: 0.07257479035344938
State        L           0           R      
1       100.0000    100.0000    100.0000    
2       50.0000     17.2352     2.3851      
3       8.0125      2.5606      4.9979      
4       1.2826      0.1335      5.6406      
5       0.8721      7.2857      20.0000     
6       40.0000     40.0000     40.0000     

Iteration number: 0.07184904244991488
State        L           0           R      
1       100.0000    100.0000    100.0000    
2       50.0000     17.2352     2.3851      
3       8.0125      2.5606      4.9979      
4       1.2826      0.1335      5.6406      
5       0.8721      7.2857      20.0000     
6       40.0000     40.0000     40.0000     

Iteration number: 0.07113055202541574
State        L           0           R      
1       100.0000    100.0000    100.0000    
2       50.0000     17.2352     2.3851      
3       23.3012     11.5061     3.3123      
4       3.6439      0.3429      5.6406      
5       0.8721      7.2857      20.0000     
6       40.0000     40.0000     40.0000     

Iteration number: 0.07041924650516158
State        L           0           R      
1       100.0000    100.0000    100.0000    
2       50.0000     17.2352     2.3851      
3       23.3012     11.5061     3.3123      
4       3.6439      0.3429      5.6406      
5       0.8721      7.2857      20.0000     
6       40.0000     40.0000     40.0000     

Iteration number: 0.06971505404010997
State        L           0           R      
1       100.0000    100.0000    100.0000    
2       50.0000     17.2352     2.3851      
3       23.3012     11.5061     3.3123      
4       3.6439      0.3429      5.6406      
5       0.8721      7.2857      20.0000     
6       40.0000     40.0000     40.0000     

Iteration number: 0.06901790349970886
State        L           0           R      
1       100.0000    100.0000    100.0000    
2       50.0000     17.2352     2.3851      
3       23.3012     11.5061     3.3123      
4       3.6439      0.3429      5.6406      
5       0.8721      7.2857      20.0000     
6       40.0000     40.0000     40.0000     

Iteration number: 0.06832772446471178
State        L           0           R      
1       100.0000    100.0000    100.0000    
2       50.0000     17.2352     2.3851      
3       23.3012     11.5061     3.3123      
4       3.6439      0.3429      5.6406      
5       0.8721      7.2857      20.0000     
6       40.0000     40.0000     40.0000     

Iteration number: 0.06764444722006466
State        L           0           R      
1       100.0000    100.0000    100.0000    
2       50.0000     17.2352     2.3851      
3       23.3012     1.8069      2.5812      
4       3.6439      4.5343      9.5641      
5       0.8721      7.2857      20.0000     
6       40.0000     40.0000     40.0000     

Iteration number: 0.066968002747864
State        L           0           R      
1       100.0000    100.0000    100.0000    
2       50.0000     17.2352     2.3851      
3       23.3012     2.4307      4.7581      
4       3.6439      4.5343      9.9564      
5       0.8721      7.2857      20.0000     
6       40.0000     40.0000     40.0000     

Iteration number: 0.06629832272038537
State        L           0           R      
1       100.0000    100.0000    100.0000    
2       50.0000     17.2352     2.3851      
3       23.3012     2.4307      4.7581      
4       3.6439      4.5343      9.9564      
5       0.8721      7.2857      20.0000     
6       40.0000     40.0000     40.0000     

Iteration number: 0.06563533949318151
State        L           0           R      
1       100.0000    100.0000    100.0000    
2       50.0000     17.2352     2.3851      
3       23.3012     2.4307      4.7581      
4       3.6439      4.5343      9.9564      
5       0.8721      7.2857      20.0000     
6       40.0000     40.0000     40.0000     

Iteration number: 0.06497898609824969
State        L           0           R      
1       100.0000    100.0000    100.0000    
2       50.0000     17.2352     2.3851      
3       23.3012     2.4307      4.7581      
4       3.6439      4.5343      9.9564      
5       0.8721      7.2857      20.0000     
6       40.0000     40.0000     40.0000     

Iteration number: 0.0643291962372672
State        L           0           R      
1       100.0000    100.0000    100.0000    
2       50.0000     17.2352     0.8010      
3       23.3012     1.3681      2.7258      
4       3.6439      4.9534      9.9956      
5       0.8721      7.2857      20.0000     
6       40.0000     40.0000     40.0000     

Iteration number: 0.06368590427489453
State        L           0           R      
1       100.0000    100.0000    100.0000    
2       50.0000     17.2352     0.8010      
3       23.3012     1.3681      2.7258      
4       3.6439      4.9534      9.9956      
5       0.8721      7.2857      20.0000     
6       40.0000     40.0000     40.0000     

Iteration number: 0.06304904523214558
State        L           0           R      
1       100.0000    100.0000    100.0000    
2       50.0000     17.2352     0.8010      
3       23.3012     1.3681      2.7258      
4       3.6439      4.9534      9.9956      
5       0.8721      7.2857      20.0000     
6       40.0000     40.0000     40.0000     

Iteration number: 0.06241855477982412
State        L           0           R      
1       100.0000    100.0000    100.0000    
2       50.0000     17.2352     0.8010      
3       23.3012     1.3681      2.7258      
4       3.6439      4.9534      9.9956      
5       0.8721      7.2857      20.0000     
6       40.0000     40.0000     40.0000     

Iteration number: 0.06179436923202588
State        L           0           R      
1       100.0000    100.0000    100.0000    
2       50.0000     17.2352     0.8010      
3       23.3012     1.3681      2.7258      
4       3.6439      3.8703      9.9996      
5       0.8721      7.2857      20.0000     
6       40.0000     40.0000     40.0000     

Iteration number: 0.06117642553970562
State        L           0           R      
1       100.0000    100.0000    100.0000    
2       50.0000     24.2235     0.8010      
3       23.3012     1.3681      2.7258      
4       3.6439      3.8703      9.9996      
5       0.8721      7.2857      20.0000     
6       40.0000     40.0000     40.0000     

Iteration number: 0.06056466128430856
State        L           0           R      
1       100.0000    100.0000    100.0000    
2       50.0000     24.2235     0.8010      
3       23.3012     1.3681      2.7258      
4       3.6439      3.8703      9.9996      
5       0.8721      7.2857      20.0000     
6       40.0000     40.0000     40.0000     

Iteration number: 0.05995901467146548
State        L           0           R      
1       100.0000    100.0000    100.0000    
2       50.0000     24.2235     0.8010      
3       23.3012     1.3681      2.7258      
4       3.6439      3.8703      10.0000     
5       0.8721      7.2857      20.0000     
6       40.0000     40.0000     40.0000     

Iteration number: 0.05935942452475082
State        L           0           R      
1       100.0000    100.0000    100.0000    
2       50.0000     24.2235     0.8010      
3       23.3012     1.3681      2.7258      
4       3.6439      3.8703      10.0000     
5       0.8721      7.2857      20.0000     
6       40.0000     40.0000     40.0000     

Iteration number: 0.058765830279503314
State        L           0           R      
1       100.0000    100.0000    100.0000    
2       50.0000     19.2974     0.8010      
3       7.9551      1.3681      2.7258      
4       3.6439      3.8703      10.0000     
5       0.8721      7.2857      20.0000     
6       40.0000     40.0000     40.0000     

Iteration number: 0.05817817197670828
State        L           0           R      
1       100.0000    100.0000    100.0000    
2       50.0000     19.2974     0.8010      
3       7.9551      1.3681      2.7258      
4       3.6439      3.8703      10.0000     
5       0.8721      7.2857      20.0000     
6       40.0000     40.0000     40.0000     

Iteration number: 0.057596390256941195
State        L           0           R      
1       100.0000    100.0000    100.0000    
2       50.0000     19.2974     0.8010      
3       7.9551      1.3681      2.7258      
4       3.6439      3.8703      10.0000     
5       0.8721      7.2857      20.0000     
6       40.0000     40.0000     40.0000     

Iteration number: 0.05702042635437178
State        L           0           R      
1       100.0000    100.0000    100.0000    
2       50.0000     19.2974     0.8010      
3       7.9551      1.3681      2.7258      
4       3.6439      3.8703      10.0000     
5       0.8721      7.4786      20.0000     
6       40.0000     40.0000     40.0000     

Iteration number: 0.05645022209082806
State        L           0           R      
1       100.0000    100.0000    100.0000    
2       50.0000     19.2974     0.8010      
3       7.9551      1.3681      2.7258      
4       3.6439      3.8703      10.0000     
5       0.8721      7.4786      20.0000     
6       40.0000     40.0000     40.0000     

Iteration number: 0.05588571986991978
State        L           0           R      
1       100.0000    100.0000    100.0000    
2       50.0000     19.2974     0.8010      
3       7.9551      1.3681      2.7258      
4       3.6439      3.8703      10.0000     
5       0.8721      7.4786      20.0000     
6       40.0000     40.0000     40.0000     

Iteration number: 0.055326862671220584
State        L           0           R      
1       100.0000    100.0000    100.0000    
2       50.0000     19.2974     0.8010      
3       7.9551      1.3681      2.7258      
4       3.6439      3.8703      10.0000     
5       0.8721      7.4786      20.0000     
6       40.0000     40.0000     40.0000     

Iteration number: 0.05477359404450838
State        L           0           R      
1       100.0000    100.0000    100.0000    
2       50.0000     19.2974     0.8010      
3       7.9551      1.3681      2.7258      
4       3.6439      3.8703      10.0000     
5       0.8721      7.4786      20.0000     
6       40.0000     40.0000     40.0000     

Iteration number: 0.054225858104063294
State        L           0           R      
1       100.0000    100.0000    100.0000    
2       50.0000     19.2974     0.8010      
3       7.9551      1.3681      2.7258      
4       3.6439      3.8703      10.0000     
5       0.8721      7.4786      20.0000     
6       40.0000     40.0000     40.0000     

Iteration number: 0.05368359952302266
State        L           0           R      
1       100.0000    100.0000    100.0000    
2       50.0000     19.2974     0.8010      
3       7.9551      1.3681      2.7258      
4       3.6439      3.8703      10.0000     
5       0.8721      7.4786      20.0000     
6       40.0000     40.0000     40.0000     

Iteration number: 0.053146763527792434
State        L           0           R      
1       100.0000    100.0000    100.0000    
2       50.0000     19.2974     0.8010      
3       23.2955     1.3681      2.7258      
4       3.6439      3.8703      10.0000     
5       0.8721      7.4786      20.0000     
6       40.0000     40.0000     40.0000     

Iteration number: 0.052615295892514506
State        L           0           R      
1       100.0000    100.0000    100.0000    
2       50.0000     19.2974     0.8010      
3       24.8296     1.3681      2.7258      
4       11.6144     3.8703      10.0000     
5       5.7122      3.5604      20.0000     
6       40.0000     40.0000     40.0000     

Iteration number: 0.052089142933589364
State        L           0           R      
1       100.0000    100.0000    100.0000    
2       50.0000     19.2974     0.8010      
3       24.8296     1.3681      2.7258      
4       11.6144     3.8703      10.0000     
5       5.7122      3.5604      20.0000     
6       40.0000     40.0000     40.0000     

Iteration number: 0.05156825150425347
State        L           0           R      
1       100.0000    100.0000    100.0000    
2       50.0000     19.2974     0.8010      
3       24.9830     1.3681      2.7258      
4       11.6144     3.8703      10.0000     
5       5.7122      3.5604      20.0000     
6       40.0000     40.0000     40.0000     

Iteration number: 0.051052568989210935
State        L           0           R      
1       100.0000    100.0000    100.0000    
2       50.0000     19.2974     0.8010      
3       24.9830     1.3681      2.7258      
4       11.6144     3.8703      10.0000     
5       5.7122      3.5604      20.0000     
6       40.0000     40.0000     40.0000     

Iteration number: 0.05054204329931883
State        L           0           R      
1       100.0000    100.0000    100.0000    
2       50.0000     19.2974     0.8010      
3       24.9830     1.3681      2.7258      
4       11.6144     3.8703      10.0000     
5       5.7122      3.5604      20.0000     
6       40.0000     40.0000     40.0000     

Iteration number: 0.05003662286632564
State        L           0           R      
1       100.0000    100.0000    100.0000    
2       50.0000     19.2974     0.8010      
3       24.9830     1.3681      2.7258      
4       11.6144     3.8703      10.0000     
5       5.7122      3.5604      20.0000     
6       40.0000     40.0000     40.0000     

Iteration number: 0.04953625663766238
State        L           0           R      
1       100.0000    100.0000    100.0000    
2       50.0000     19.2974     0.8010      
3       24.9830     1.3681      2.7258      
4       11.6144     3.8703      10.0000     
5       5.7122      3.5604      20.0000     
6       40.0000     40.0000     40.0000     

Iteration number: 0.04904089407128576
State        L           0           R      
1       100.0000    100.0000    100.0000    
2       50.0000     19.2974     0.8010      
3       24.9830     1.3681      2.7258      
4       11.6144     3.8703      10.0000     
5       5.7122      3.5604      20.0000     
6       40.0000     40.0000     40.0000     

Iteration number: 0.0485504851305729
State        L           0           R      
1       100.0000    100.0000    100.0000    
2       50.0000     19.2974     1.2051      
3       24.9830     1.3681      2.5226      
4       11.6144     3.8703      5.5000      
5       5.7122      9.3560      20.0000     
6       40.0000     40.0000     40.0000     

Iteration number: 0.048064980279267165
State        L           0           R      
1       100.0000    100.0000    100.0000    
2       50.0000     19.2974     1.2051      
3       24.9830     1.3681      2.5226      
4       11.6144     3.8703      9.5500      
5       5.7122      9.3560      20.0000     
6       40.0000     40.0000     40.0000     

Iteration number: 0.04758433047647449
State        L           0           R      
1       100.0000    100.0000    100.0000    
2       50.0000     19.2974     1.2051      
3       24.9830     1.3681      2.5226      
4       11.6144     3.8703      9.5500      
5       5.7122      9.3560      20.0000     
6       40.0000     40.0000     40.0000     

Iteration number: 0.04710848717170975
State        L           0           R      
1       100.0000    100.0000    100.0000    
2       50.0000     19.2974     1.2051      
3       24.9830     1.3681      2.5226      
4       11.6144     3.8703      9.9550      
5       5.7122      9.3560      20.0000     
6       40.0000     40.0000     40.0000     

Iteration number: 0.04663740229999265
State        L           0           R      
1       100.0000    100.0000    100.0000    
2       50.0000     19.2974     1.2051      
3       24.9830     1.3681      2.5226      
4       11.6144     3.8703      9.9550      
5       5.7122      9.3560      20.0000     
6       40.0000     40.0000     40.0000     

Iteration number: 0.04617102827699272
State        L           0           R      
1       100.0000    100.0000    100.0000    
2       50.0000     1.9314      0.1315      
3       2.5030      0.2188      0.7210      
4       1.3490      0.3870      4.7455      
5       2.0713      9.3560      20.0000     
6       40.0000     40.0000     40.0000     

Iteration number: 0.045709317994222794
State        L           0           R      
1       100.0000    100.0000    100.0000    
2       50.0000     1.9314      0.1315      
3       2.5030      0.2188      0.7210      
4       1.3490      0.3870      4.7455      
5       2.0713      9.3560      20.0000     
6       40.0000     40.0000     40.0000     

Iteration number: 0.04525222481428057
State        L           0           R      
1       100.0000    100.0000    100.0000    
2       50.0000     22.6931     0.1889      
3       5.9192      0.3734      0.7752      
4       5.7599      2.1481      4.7455      
5       2.0713      9.3560      20.0000     
6       40.0000     40.0000     40.0000     

Iteration number: 0.04479970256613776
State        L           0           R      
1       100.0000    100.0000    100.0000    
2       50.0000     22.6931     0.1889      
3       5.9192      0.3734      0.7752      
4       5.7599      2.1481      4.7455      
5       2.0713      9.3560      20.0000     
6       40.0000     40.0000     40.0000     

Iteration number: 0.04435170554047638
State        L           0           R      
1       100.0000    100.0000    100.0000    
2       50.0000     22.6931     0.1889      
3       5.9192      0.3734      0.7752      
4       5.7599      2.1481      4.7455      
5       2.0713      9.3560      20.0000     
6       40.0000     40.0000     40.0000     

Iteration number: 0.043908188485071616
State        L           0           R      
1       100.0000    100.0000    100.0000    
2       50.0000     22.6931     0.1889      
3       5.9192      0.3734      0.7752      
4       5.7599      2.1481      4.7455      
5       2.0713      9.3560      20.0000     
6       40.0000     40.0000     40.0000     

Iteration number: 0.0434691066002209
State        L           0           R      
1       100.0000    100.0000    100.0000    
2       50.0000     2.3572      0.1947      
3       23.0919     0.3889      0.7806      
4       11.8260     5.8398      1.8808      
5       3.0196      9.3560      20.0000     
6       40.0000     40.0000     40.0000     

Iteration number: 0.04303441553421869
State        L           0           R      
1       100.0000    100.0000    100.0000    
2       50.0000     2.3572      0.1947      
3       24.8092     0.3889      0.7806      
4       12.4326     5.8398      1.8808      
5       5.9270      9.3560      20.0000     
6       40.0000     40.0000     40.0000     

Iteration number: 0.0426040713788765
State        L           0           R      
1       100.0000    100.0000    100.0000    
2       50.0000     2.3572      0.1947      
3       24.9809     0.3889      0.7806      
4       12.4933     5.8398      1.8808      
5       6.2177      9.3560      20.0000     
6       40.0000     40.0000     40.0000     

Iteration number: 0.04217803066508773
State        L           0           R      
1       100.0000    100.0000    100.0000    
2       50.0000     2.3572      0.1947      
3       24.9809     0.3889      0.7806      
4       12.4933     5.8398      1.8808      
5       6.2177      9.3560      20.0000     
6       40.0000     40.0000     40.0000     

Iteration number: 0.04175625035843686
State        L           0           R      
1       100.0000    100.0000    100.0000    
2       50.0000     2.3572      0.1947      
3       24.9809     0.3889      0.7806      
4       12.4933     5.8398      1.8808      
5       6.2177      9.9356      20.0000     
6       40.0000     40.0000     40.0000     

Iteration number: 0.041338687854852486
State        L           0           R      
1       100.0000    100.0000    100.0000    
2       50.0000     2.3572      0.1947      
3       24.9809     0.3889      0.7806      
4       12.4933     5.8398      1.8808      
5       6.2177      9.9356      20.0000     
6       40.0000     40.0000     40.0000     

Iteration number: 0.04092530097630396
State        L           0           R      
1       100.0000    100.0000    100.0000    
2       50.0000     0.3383      0.4624      
3       8.3057      11.2889     2.8906      
4       6.8743      5.8398      1.8808      
5       6.2177      9.9356      20.0000     
6       40.0000     40.0000     40.0000     

Iteration number: 0.040516047966540916
State        L           0           R      
1       100.0000    100.0000    100.0000    
2       50.0000     0.3383      0.4624      
3       23.3306     1.1527      0.2891      
4       0.6874      5.8398      1.8808      
5       6.2177      9.9356      20.0000     
6       40.0000     40.0000     40.0000     

Iteration number: 0.04011088748687551
State        L           0           R      
1       100.0000    100.0000    100.0000    
2       50.0000     0.3383      0.4624      
3       23.3306     1.1527      0.2891      
4       0.6874      5.8398      3.0006      
5       2.8718      9.9936      20.0000     
6       40.0000     40.0000     40.0000     

Iteration number: 0.03970977861200675
State        L           0           R      
1       100.0000    100.0000    100.0000    
2       50.0000     0.3383      6.0228      
3       16.3956     2.2246      0.2891      
4       0.6874      5.8398      3.0006      
5       2.8718      9.9936      20.0000     
6       40.0000     40.0000     40.0000     

Iteration number: 0.03931268082588668
State        L           0           R      
1       100.0000    100.0000    100.0000    
2       50.0000     0.3383      6.0228      
3       24.1396     2.2246      0.2891      
4       0.6874      5.8398      3.0006      
5       2.8718      9.9936      20.0000     
6       40.0000     40.0000     40.0000     

Iteration number: 0.03891955401762781
State        L           0           R      
1       100.0000    100.0000    100.0000    
2       50.0000     0.3383      6.0228      
3       24.9140     2.2246      0.2891      
4       0.6874      5.8398      3.0006      
5       2.8718      9.9936      20.0000     
6       40.0000     40.0000     40.0000     

Iteration number: 0.03853035847745153
State        L           0           R      
1       100.0000    100.0000    100.0000    
2       50.0000     0.3383      6.0228      
3       24.9914     2.2246      0.2891      
4       11.3187     5.8398      3.0006      
5       5.9122      2.6400      20.0000     
6       40.0000     40.0000     40.0000     

Iteration number: 0.03814505489267701
State        L           0           R      
1       100.0000    100.0000    100.0000    
2       50.0000     0.3383      6.0228      
3       24.9991     2.2246      0.2891      
4       11.3187     5.8398      3.0006      
5       5.9122      2.6400      20.0000     
6       40.0000     40.0000     40.0000     

Iteration number: 0.03776360434375024
State        L           0           R      
1       100.0000    100.0000    100.0000    
2       50.0000     0.3383      6.0228      
3       24.9991     2.2246      0.2891      
4       11.3187     5.8398      3.0006      
5       5.9122      2.6400      20.0000     
6       40.0000     40.0000     40.0000     

Iteration number: 0.03738596830031274
State        L           0           R      
1       100.0000    100.0000    100.0000    
2       50.0000     0.3383      6.0228      
3       24.9991     2.2246      0.2891      
4       11.3187     5.8398      3.0006      
5       5.9122      2.6400      20.0000     
6       40.0000     40.0000     40.0000     

Iteration number: 0.03701210861730961
State        L           0           R      
1       100.0000    100.0000    100.0000    
2       50.0000     0.3383      6.0228      
3       24.9991     2.2246      0.2891      
4       11.3187     5.8398      3.0006      
5       5.9122      2.6400      20.0000     
6       40.0000     40.0000     40.0000     

Iteration number: 0.03664198753113651
State        L           0           R      
1       100.0000    100.0000    100.0000    
2       50.0000     0.3383      6.0228      
3       24.9991     2.4725      4.5289      
4       11.3187     5.8398      9.3001      
5       5.9122      2.6400      20.0000     
6       40.0000     40.0000     40.0000     

Iteration number: 0.036275567655825146
State        L           0           R      
1       100.0000    100.0000    100.0000    
2       50.0000     0.3383      6.0228      
3       24.9991     2.4725      4.5289      
4       11.3187     5.8398      9.9300      
5       5.9122      2.6400      20.0000     
6       40.0000     40.0000     40.0000     

Iteration number: 0.03591281197926689
State        L           0           R      
1       100.0000    100.0000    100.0000    
2       50.0000     0.3383      6.0228      
3       24.9991     2.4725      4.5289      
4       11.3187     5.8398      9.9300      
5       5.9122      2.6400      20.0000     
6       40.0000     40.0000     40.0000     

Iteration number: 0.035553683859474224
State        L           0           R      
1       100.0000    100.0000    100.0000    
2       50.0000     0.3383      6.0228      
3       24.9991     2.4725      4.5289      
4       11.3187     5.8398      9.9930      
5       5.9122      2.6400      20.0000     
6       40.0000     40.0000     40.0000     

Iteration number: 0.03519814702087948
State        L           0           R      
1       100.0000    100.0000    100.0000    
2       50.0000     0.3383      6.0228      
3       24.9991     2.4725      4.5289      
4       11.3187     5.8398      9.9930      
5       5.9122      2.6400      20.0000     
6       40.0000     40.0000     40.0000     

Iteration number: 0.03484616555067068
State        L           0           R      
1       100.0000    100.0000    100.0000    
2       50.0000     0.3383      6.0228      
3       24.9999     11.4972     4.5289      
4       11.3187     5.8398      9.9930      
5       5.9122      2.6400      20.0000     
6       40.0000     40.0000     40.0000     

Iteration number: 0.034497703895163975
State        L           0           R      
1       100.0000    100.0000    100.0000    
2       50.0000     0.3383      6.0228      
3       24.9999     11.4972     4.5289      
4       11.3187     5.8398      9.9930      
5       5.9122      2.6400      20.0000     
6       40.0000     40.0000     40.0000     

Iteration number: 0.03415272685621234
State        L           0           R      
1       100.0000    100.0000    100.0000    
2       50.0000     0.3383      6.0228      
3       24.9999     11.4972     4.5289      
4       11.3187     5.8398      9.9930      
5       5.9122      2.6400      20.0000     
6       40.0000     40.0000     40.0000     

Iteration number: 0.03381119958765021
State        L           0           R      
1       100.0000    100.0000    100.0000    
2       50.0000     0.3383      3.4148      
3       25.0000     11.4972     6.0779      
4       12.3819     5.8398      9.9930      
5       5.9122      2.6400      20.0000     
6       40.0000     40.0000     40.0000     

Iteration number: 0.03347308759177371
State        L           0           R      
1       100.0000    100.0000    100.0000    
2       50.0000     0.3383      3.4148      
3       25.0000     11.4972     6.0779      
4       12.3819     5.8398      9.9930      
5       5.9122      2.6400      20.0000     
6       40.0000     40.0000     40.0000     

Iteration number: 0.03313835671585597
State        L           0           R      
1       100.0000    100.0000    100.0000    
2       50.0000     0.3383      3.4148      
3       25.0000     11.4972     6.0779      
4       12.3819     5.8398      6.0618      
5       3.1225      2.5140      20.0000     
6       40.0000     40.0000     40.0000     

Iteration number: 0.03280697314869741
State        L           0           R      
1       100.0000    100.0000    100.0000    
2       50.0000     0.3383      3.4148      
3       25.0000     11.4972     6.0779      
4       12.3819     5.8398      6.0618      
5       3.1225      2.5140      20.0000     
6       40.0000     40.0000     40.0000     

Iteration number: 0.032478903417210436
State        L           0           R      
1       100.0000    100.0000    100.0000    
2       50.0000     0.3383      3.4148      
3       25.0000     11.4972     6.0779      
4       12.3819     5.8398      6.0618      
5       3.1225      2.5140      20.0000     
6       40.0000     40.0000     40.0000     

Iteration number: 0.032154114383038335
State        L           0           R      
1       100.0000    100.0000    100.0000    
2       50.0000     0.3383      3.4148      
3       25.0000     11.4972     6.0779      
4       12.3819     5.8398      6.0618      
5       3.1225      2.5140      20.0000     
6       40.0000     40.0000     40.0000     

Iteration number: 0.03183257323920795
State        L           0           R      
1       100.0000    100.0000    100.0000    
2       50.0000     0.3383      3.4148      
3       25.0000     11.4972     6.0779      
4       12.3819     5.8398      6.0618      
5       3.1225      9.2514      20.0000     
6       40.0000     40.0000     40.0000     

Iteration number: 0.03151424750681587
State        L           0           R      
1       100.0000    100.0000    100.0000    
2       50.0000     0.3383      3.4148      
3       25.0000     11.4972     2.8578      
4       12.3819     5.0840      9.6062      
5       3.1225      9.2514      20.0000     
6       40.0000     40.0000     40.0000     

Iteration number: 0.03119910503174771
State        L           0           R      
1       100.0000    100.0000    100.0000    
2       50.0000     0.3383      3.4148      
3       25.0000     11.4972     2.8578      
4       12.3819     5.0840      9.9606      
5       3.1225      9.2514      20.0000     
6       40.0000     40.0000     40.0000     

Iteration number: 0.030887113981430233
State        L           0           R      
1       100.0000    100.0000    100.0000    
2       50.0000     0.3383      3.4148      
3       25.0000     11.4972     2.8578      
4       12.3819     5.0840      9.9606      
5       3.1225      9.2514      20.0000     
6       40.0000     40.0000     40.0000     

Iteration number: 0.03057824284161593
State        L           0           R      
1       100.0000    100.0000    100.0000    
2       50.0000     0.3383      3.4148      
3       25.0000     11.4972     2.8578      
4       12.3819     5.0084      4.3945      
5       1.2615      1.1361      20.0000     
6       40.0000     40.0000     40.0000     

Iteration number: 0.03027246041319977
State        L           0           R      
1       100.0000    100.0000    100.0000    
2       50.0000     0.3383      3.4148      
3       25.0000     11.4972     2.8578      
4       12.3819     5.0084      4.3945      
5       1.2615      1.1361      20.0000     
6       40.0000     40.0000     40.0000     

Iteration number: 0.029969735809067772
State        L           0           R      
1       100.0000    100.0000    100.0000    
2       50.0000     0.3383      0.4119      
3       2.5703      1.3291      0.6626      
4       1.2437      2.7508      4.9394      
5       1.2615      9.1136      20.0000     
6       40.0000     40.0000     40.0000     

Iteration number: 0.029670038450977095
State        L           0           R      
1       100.0000    100.0000    100.0000    
2       50.0000     0.3383      0.4119      
3       2.5703      1.3291      0.6626      
4       1.2437      2.7508      4.9394      
5       1.2615      9.1136      20.0000     
6       40.0000     40.0000     40.0000     

Iteration number: 0.029373338066467324
State        L           0           R      
1       100.0000    100.0000    100.0000    
2       50.0000     0.3383      0.4119      
3       2.5703      1.3291      0.6626      
4       1.2437      2.7508      4.9394      
5       1.2615      9.1136      20.0000     
6       40.0000     40.0000     40.0000     

Iteration number: 0.02907960468580265
State        L           0           R      
1       100.0000    100.0000    100.0000    
2       50.0000     0.3383      0.4119      
3       2.5703      0.6954      2.8788      
4       2.3744      2.7508      9.4939      
5       1.2615      9.1136      20.0000     
6       40.0000     40.0000     40.0000     

Iteration number: 0.028788808638944622
State        L           0           R      
1       100.0000    100.0000    100.0000    
2       50.0000     0.3383      0.4119      
3       2.5703      0.6954      2.8788      
4       2.3744      2.7508      9.4939      
5       1.2615      9.1136      20.0000     
6       40.0000     40.0000     40.0000     

Iteration number: 0.028500920552555174
State        L           0           R      
1       100.0000    100.0000    100.0000    
2       50.0000     0.3383      0.4119      
3       2.5703      0.6954      2.8788      
4       2.3744      4.7751      9.9494      
5       1.2615      9.1136      20.0000     
6       40.0000     40.0000     40.0000     

Iteration number: 0.028215911347029624
State        L           0           R      
1       100.0000    100.0000    100.0000    
2       50.0000     0.3383      0.4119      
3       2.5703      0.6954      4.7879      
4       2.3744      4.7751      9.9949      
5       1.2615      9.1136      20.0000     
6       40.0000     40.0000     40.0000     

Iteration number: 0.027933752233559327
State        L           0           R      
1       100.0000    100.0000    100.0000    
2       50.0000     0.3383      0.4119      
3       2.5703      0.6954      4.9788      
4       2.3744      4.7751      9.9995      
5       1.2615      9.1136      20.0000     
6       40.0000     40.0000     40.0000     

Iteration number: 0.027654414711223735
State        L           0           R      
1       100.0000    100.0000    100.0000    
2       50.0000     0.3383      0.4119      
3       2.5703      0.6954      4.9788      
4       2.3744      4.7751      9.9995      
5       1.2615      9.1136      20.0000     
6       40.0000     40.0000     40.0000     

Iteration number: 0.027377870564111496
State        L           0           R      
1       100.0000    100.0000    100.0000    
2       50.0000     0.3383      0.4119      
3       2.5703      0.6954      4.9788      
4       2.3744      4.7751      9.9995      
5       1.2615      9.1136      20.0000     
6       40.0000     40.0000     40.0000     

Iteration number: 0.027104091858470382
State        L           0           R      
1       100.0000    100.0000    100.0000    
2       50.0000     0.3383      0.4119      
3       2.5703      0.6954      4.9788      
4       2.3744      4.7751      9.9995      
5       1.2615      9.1136      20.0000     
6       40.0000     40.0000     40.0000     

Iteration number: 0.026833050939885677
State        L           0           R      
1       100.0000    100.0000    100.0000    
2       50.0000     0.3383      0.4119      
3       22.7570     8.5070      4.9788      
4       3.0499      1.8838      9.9995      
5       1.2615      9.1136      20.0000     
6       40.0000     40.0000     40.0000     

Iteration number: 0.02656472043048682
State        L           0           R      
1       100.0000    100.0000    100.0000    
2       50.0000     0.3383      0.4119      
3       24.7757     8.5070      4.9788      
4       3.0499      1.8838      9.9995      
5       1.2615      9.1136      20.0000     
6       40.0000     40.0000     40.0000     

Iteration number: 0.02629907322618195
State        L           0           R      
1       100.0000    100.0000    100.0000    
2       50.0000     0.3383      0.4119      
3       24.9776     8.5070      4.9788      
4       3.0499      1.8838      9.9995      
5       1.2615      9.1136      20.0000     
6       40.0000     40.0000     40.0000     

Iteration number: 0.026036082493920133
State        L           0           R      
1       100.0000    100.0000    100.0000    
2       50.0000     0.3383      0.4119      
3       24.9978     8.5070      4.9788      
4       11.5550     1.8838      9.9995      
5       1.2615      9.1136      20.0000     
6       40.0000     40.0000     40.0000     

Iteration number: 0.02577572166898093
State        L           0           R      
1       100.0000    100.0000    100.0000    
2       50.0000     0.3383      0.4119      
3       24.9978     8.5070      4.9788      
4       11.5550     1.8838      9.9995      
5       1.2615      9.1136      20.0000     
6       40.0000     40.0000     40.0000     

Iteration number: 0.025517964452291122
State        L           0           R      
1       100.0000    100.0000    100.0000    
2       50.0000     22.5338     0.7443      
3       13.7498     2.2570      3.3104      
4       6.7805      1.8838      9.9995      
5       1.2615      9.1136      20.0000     
6       40.0000     40.0000     40.0000     

Iteration number: 0.02526278480776821
State        L           0           R      
1       100.0000    100.0000    100.0000    
2       50.0000     22.5338     0.7443      
3       13.7498     2.2570      3.3104      
4       6.7805      1.8838      9.9995      
5       1.2615      9.1136      20.0000     
6       40.0000     40.0000     40.0000     

Iteration number: 0.025010156959690527
State        L           0           R      
1       100.0000    100.0000    100.0000    
2       50.0000     22.5338     0.7443      
3       13.7498     2.2570      3.3104      
4       6.7805      1.8838      9.9995      
5       1.2615      9.1136      20.0000     
6       40.0000     40.0000     40.0000     

Iteration number: 0.02476005539009362
State        L           0           R      
1       100.0000    100.0000    100.0000    
2       50.0000     22.5338     0.7443      
3       13.7498     2.2570      3.3104      
4       6.7805      1.8838      9.9995      
5       1.2615      9.1136      20.0000     
6       40.0000     40.0000     40.0000     

Iteration number: 0.024512454836192684
State        L           0           R      
1       100.0000    100.0000    100.0000    
2       50.0000     22.5338     0.7443      
3       13.7498     2.2570      3.3104      
4       6.7805      1.8838      9.9995      
5       1.2615      9.1136      20.0000     
6       40.0000     40.0000     40.0000     

Iteration number: 0.024267330287830756
State        L           0           R      
1       100.0000    100.0000    100.0000    
2       50.0000     22.5338     0.7443      
3       13.7498     2.2570      3.3104      
4       6.7805      1.8838      9.9995      
5       1.2615      9.1136      20.0000     
6       40.0000     40.0000     40.0000     

Iteration number: 0.024024656984952448
State        L           0           R      
1       100.0000    100.0000    100.0000    
2       50.0000     22.5338     0.7443      
3       13.7498     2.2570      3.3104      
4       6.7805      1.8838      9.9995      
5       1.2615      9.1136      20.0000     
6       40.0000     40.0000     40.0000     

Iteration number: 0.023784410415102923
State        L           0           R      
1       100.0000    100.0000    100.0000    
2       50.0000     22.5338     0.7443      
3       13.7498     2.2570      3.3104      
4       6.7805      1.8838      9.9995      
5       1.2615      9.1136      20.0000     
6       40.0000     40.0000     40.0000     

Iteration number: 0.023546566310951894
State        L           0           R      
1       100.0000    100.0000    100.0000    
2       50.0000     22.5338     0.7443      
3       23.8750     11.4757     3.3104      
4       6.3030      1.8838      9.9995      
5       1.2615      9.1136      20.0000     
6       40.0000     40.0000     40.0000     

Iteration number: 0.023311100647842375
State        L           0           R      
1       100.0000    100.0000    100.0000    
2       50.0000     22.5338     0.7443      
3       23.8750     11.4757     3.3104      
4       6.3030      1.8838      9.9995      
5       1.2615      9.1136      20.0000     
6       40.0000     40.0000     40.0000     

Iteration number: 0.02307798964136395
State        L           0           R      
1       100.0000    100.0000    100.0000    
2       50.0000     24.7534     0.7443      
3       13.6375     11.4757     3.3104      
4       6.3030      1.8838      9.9995      
5       1.2615      9.1136      20.0000     
6       40.0000     40.0000     40.0000     

Iteration number: 0.022847209744950314
State        L           0           R      
1       100.0000    100.0000    100.0000    
2       50.0000     24.7534     0.7443      
3       13.6375     11.4757     3.3104      
4       6.3030      1.8838      9.9995      
5       1.2615      9.1136      20.0000     
6       40.0000     40.0000     40.0000     

Iteration number: 0.02261873764750081
State        L           0           R      
1       100.0000    100.0000    100.0000    
2       50.0000     24.7534     0.7443      
3       13.6375     11.4757     2.5810      
4       6.3030      4.6884      9.9999      
5       1.2615      9.1136      20.0000     
6       40.0000     40.0000     40.0000     

Iteration number: 0.022392550271025803
State        L           0           R      
1       100.0000    100.0000    100.0000    
2       50.0000     24.7534     0.7443      
3       13.6375     11.4757     4.7581      
4       6.3030      4.6884      10.0000     
5       1.2615      9.1136      20.0000     
6       40.0000     40.0000     40.0000     

Iteration number: 0.022168624768315544
State        L           0           R      
1       100.0000    100.0000    100.0000    
2       50.0000     24.7534     2.3244      
3       13.6375     11.4757     4.9758      
4       6.3030      4.6884      10.0000     
5       1.2615      9.1136      20.0000     
6       40.0000     40.0000     40.0000     

Iteration number: 0.02194693852063239
State        L           0           R      
1       100.0000    100.0000    100.0000    
2       50.0000     24.7534     2.3244      
3       13.6375     11.4757     4.9758      
4       6.3030      4.6884      10.0000     
5       1.2615      9.1136      20.0000     
6       40.0000     40.0000     40.0000     

Iteration number: 0.021727469135426065
State        L           0           R      
1       100.0000    100.0000    100.0000    
2       50.0000     24.7534     2.3244      
3       13.6375     11.4757     4.9758      
4       6.3030      4.6884      10.0000     
5       1.2615      9.1136      20.0000     
6       40.0000     40.0000     40.0000     

Iteration number: 0.021510194444071803
State        L           0           R      
1       100.0000    100.0000    100.0000    
2       50.0000     24.7534     2.3244      
3       13.6375     11.4757     4.9758      
4       6.3030      4.6884      10.0000     
5       1.2615      9.1136      20.0000     
6       40.0000     40.0000     40.0000     

Iteration number: 0.021295092499631085
State        L           0           R      
1       100.0000    100.0000    100.0000    
2       50.0000     24.7534     2.3244      
3       13.6375     11.4757     4.9758      
4       6.3030      4.6884      10.0000     
5       1.2615      9.1136      20.0000     
6       40.0000     40.0000     40.0000     

Iteration number: 0.021082141574634772
State        L           0           R      
1       100.0000    100.0000    100.0000    
2       50.0000     24.7534     2.3244      
3       23.8637     1.8507      4.0132      
4       5.4350      0.6446      10.0000     
5       0.2140      9.1136      20.0000     
6       40.0000     40.0000     40.0000     

Iteration number: 0.020871320158888425
State        L           0           R      
1       100.0000    100.0000    100.0000    
2       50.0000     24.7534     2.3244      
3       24.8864     1.8507      4.0132      
4       11.7935     0.6446      10.0000     
5       0.2140      9.1136      20.0000     
6       40.0000     40.0000     40.0000     

Iteration number: 0.020662606957299542
State        L           0           R      
1       100.0000    100.0000    100.0000    
2       50.0000     24.7534     2.3244      
3       24.9886     1.8507      4.0132      
4       11.7935     0.6446      10.0000     
5       0.2140      9.1136      20.0000     
6       40.0000     40.0000     40.0000     

Iteration number: 0.020455980887726547
State        L           0           R      
1       100.0000    100.0000    100.0000    
2       50.0000     24.7534     2.3244      
3       24.9886     1.8507      4.0132      
4       11.7935     0.6446      10.0000     
5       0.2140      9.1136      20.0000     
6       40.0000     40.0000     40.0000     

Iteration number: 0.02025142107884928
State        L           0           R      
1       100.0000    100.0000    100.0000    
2       50.0000     24.7534     2.3244      
3       24.9886     1.8507      4.0132      
4       11.7935     0.6446      10.0000     
5       0.2140      9.1136      20.0000     
6       40.0000     40.0000     40.0000     

Iteration number: 0.020048906868060788
State        L           0           R      
1       100.0000    100.0000    100.0000    
2       50.0000     2.8972      1.3574      
3       2.6395      1.8507      2.6513      
4       11.7935     4.5645      10.0000     
5       0.2140      9.1136      20.0000     
6       40.0000     40.0000     40.0000     

Iteration number: 0.01984841779938018
State        L           0           R      
1       100.0000    100.0000    100.0000    
2       50.0000     1.4147      2.3857      
3       2.6395      1.8507      4.7651      
4       11.7935     4.5645      10.0000     
5       0.2140      9.1136      20.0000     
6       40.0000     40.0000     40.0000     

Iteration number: 0.019649933621386378
State        L           0           R      
1       100.0000    100.0000    100.0000    
2       50.0000     1.4147      2.3857      
3       2.6395      1.8507      4.7651      
4       11.7935     4.5645      10.0000     
5       0.2140      9.1136      20.0000     
6       40.0000     40.0000     40.0000     

Iteration number: 0.019453434285172513
State        L           0           R      
1       100.0000    100.0000    100.0000    
2       50.0000     1.4147      2.3857      
3       2.6395      1.8507      4.7651      
4       11.7935     4.5645      10.0000     
5       0.2140      9.1136      20.0000     
6       40.0000     40.0000     40.0000     

Iteration number: 0.019258899942320787
State        L           0           R      
1       100.0000    100.0000    100.0000    
2       50.0000     1.4147      2.3857      
3       2.6395      1.8507      4.7651      
4       11.7935     4.5645      10.0000     
5       0.2140      9.1136      20.0000     
6       40.0000     40.0000     40.0000     

Iteration number: 0.01906631094289758
State        L           0           R      
1       100.0000    100.0000    100.0000    
2       50.0000     6.8967      0.2633      
3       2.1428      1.6353      0.7695      
4       1.7654      4.5645      10.0000     
5       0.2140      9.1136      20.0000     
6       40.0000     40.0000     40.0000     

Iteration number: 0.018875647833468602
State        L           0           R      
1       100.0000    100.0000    100.0000    
2       50.0000     6.8967      0.2633      
3       22.7143     11.4135     0.7695      
4       1.7654      4.5645      10.0000     
5       0.2140      9.1136      20.0000     
6       40.0000     40.0000     40.0000     

Iteration number: 0.018686891355133916
State        L           0           R      
1       100.0000    100.0000    100.0000    
2       50.0000     6.8967      0.2633      
3       24.7714     11.4135     0.7695      
4       1.7654      4.5645      10.0000     
5       0.2140      9.1136      20.0000     
6       40.0000     40.0000     40.0000     

Iteration number: 0.018500022441582577
State        L           0           R      
1       100.0000    100.0000    100.0000    
2       50.0000     6.8967      0.2633      
3       24.7714     11.4135     0.7695      
4       1.7654      4.9564      10.0000     
5       2.2714      9.1136      20.0000     
6       40.0000     40.0000     40.0000     

Iteration number: 0.01831502221716675
State        L           0           R      
1       100.0000    100.0000    100.0000    
2       50.0000     6.8967      0.2633      
3       24.7714     11.4135     0.7695      
4       1.7654      4.9564      10.0000     
5       2.2714      9.1136      20.0000     
6       40.0000     40.0000     40.0000     

Iteration number: 0.018131871994995084
State        L           0           R      
1       100.0000    100.0000    100.0000    
2       50.0000     6.8967      0.2633      
3       24.7714     11.4135     0.7695      
4       1.7654      4.9564      10.0000     
5       2.2714      9.1136      20.0000     
6       40.0000     40.0000     40.0000     

Iteration number: 0.017950553275045134
State        L           0           R      
1       100.0000    100.0000    100.0000    
2       50.0000     23.1897     0.2633      
3       13.7271     1.4929      1.8348      
4       3.6922      4.9564      10.0000     
5       2.2714      9.1136      20.0000     
6       40.0000     40.0000     40.0000     

Iteration number: 0.017771047742294682
State        L           0           R      
1       100.0000    100.0000    100.0000    
2       50.0000     23.1897     0.2633      
3       13.7271     1.4929      1.8348      
4       3.6922      4.9564      10.0000     
5       2.2714      9.1136      20.0000     
6       40.0000     40.0000     40.0000     

Iteration number: 0.017593337264871736
State        L           0           R      
1       100.0000    100.0000    100.0000    
2       50.0000     23.1897     0.2633      
3       13.7271     1.4929      1.8348      
4       3.6922      4.9564      10.0000     
5       2.2714      9.1136      20.0000     
6       40.0000     40.0000     40.0000     

Iteration number: 0.01741740389222302
State        L           0           R      
1       100.0000    100.0000    100.0000    
2       50.0000     23.1897     0.2633      
3       23.8727     1.4929      5.8085      
4       11.6192     4.9564      10.0000     
5       2.2714      9.1136      20.0000     
6       40.0000     40.0000     40.0000     

Iteration number: 0.01724322985330079
State        L           0           R      
1       100.0000    100.0000    100.0000    
2       50.0000     23.1897     0.2633      
3       24.8873     1.4929      5.8085      
4       11.6192     4.9564      10.0000     
5       2.2714      9.1136      20.0000     
6       40.0000     40.0000     40.0000     

Iteration number: 0.017070797554767782
State        L           0           R      
1       100.0000    100.0000    100.0000    
2       50.0000     23.1897     0.2633      
3       24.8873     1.4929      5.8085      
4       11.6192     4.9564      10.0000     
5       2.2714      9.1136      20.0000     
6       40.0000     40.0000     40.0000     

Iteration number: 0.016900089579220106
State        L           0           R      
1       100.0000    100.0000    100.0000    
2       50.0000     2.3200      0.0291      
3       24.9887     0.3278      0.9379      
4       6.8748      0.8857      3.8125      
5       5.8521      9.1136      20.0000     
6       40.0000     40.0000     40.0000     

Iteration number: 0.016731088683427906
State        L           0           R      
1       100.0000    100.0000    100.0000    
2       50.0000     2.3200      0.0291      
3       24.9989     0.3278      0.9379      
4       6.8748      0.8857      3.8125      
5       5.8521      9.1136      20.0000     
6       40.0000     40.0000     40.0000     

Iteration number: 0.016563777796593626
State        L           0           R      
1       100.0000    100.0000    100.0000    
2       50.0000     2.3200      0.0291      
3       24.9989     0.3278      0.9379      
4       6.8748      0.8857      3.8125      
5       5.8521      9.1136      20.0000     
6       40.0000     40.0000     40.0000     

Iteration number: 0.016398140018627688
State        L           0           R      
1       100.0000    100.0000    100.0000    
2       50.0000     2.3200      0.0291      
3       24.9989     0.3278      0.9379      
4       6.8748      0.8857      9.3812      
5       5.0852      9.1136      20.0000     
6       40.0000     40.0000     40.0000     

Iteration number: 0.01623415861844141
State        L           0           R      
1       100.0000    100.0000    100.0000    
2       50.0000     2.3200      0.0291      
3       24.9989     0.3278      0.9379      
4       6.8748      0.8857      9.3812      
5       5.0852      9.1136      20.0000     
6       40.0000     40.0000     40.0000     

Iteration number: 0.016071817032256998
State        L           0           R      
1       100.0000    100.0000    100.0000    
2       50.0000     2.3200      0.0291      
3       24.9999     0.3278      0.9379      
4       6.8748      0.8857      9.3812      
5       5.0852      9.1136      20.0000     
6       40.0000     40.0000     40.0000     

Iteration number: 0.01591109886193443
State        L           0           R      
1       100.0000    100.0000    100.0000    
2       50.0000     2.3200      0.0291      
3       24.9999     0.3278      0.9379      
4       6.8748      0.8857      9.3812      
5       5.0852      9.1136      20.0000     
6       40.0000     40.0000     40.0000     

Iteration number: 0.015751987873315085
State        L           0           R      
1       100.0000    100.0000    100.0000    
2       50.0000     2.3200      0.0291      
3       24.9999     0.3278      0.9379      
4       6.8748      4.5886      9.9381      
5       5.0852      9.1136      20.0000     
6       40.0000     40.0000     40.0000     

Iteration number: 0.015594467994581935
State        L           0           R      
1       100.0000    100.0000    100.0000    
2       50.0000     2.3200      0.0291      
3       24.9999     0.3278      0.9379      
4       6.8748      4.5886      9.9938      
5       5.0852      9.1136      20.0000     
6       40.0000     40.0000     40.0000     

Iteration number: 0.015438523314636115
State        L           0           R      
1       100.0000    100.0000    100.0000    
2       50.0000     2.3200      2.2529      
3       3.6250      0.3609      4.5938      
4       6.8748      4.5886      9.9994      
5       5.0852      9.1136      20.0000     
6       40.0000     40.0000     40.0000     

Iteration number: 0.015284138081489753
State        L           0           R      
1       100.0000    100.0000    100.0000    
2       50.0000     2.3200      2.2529      
3       3.6250      0.3609      4.5938      
4       6.8748      4.5886      9.9994      
5       5.0852      9.1136      20.0000     
6       40.0000     40.0000     40.0000     

Iteration number: 0.015131296700674856
State        L           0           R      
1       100.0000    100.0000    100.0000    
2       50.0000     2.3200      2.2529      
3       3.6250      0.3609      4.5938      
4       6.8748      4.5886      9.9994      
5       5.0852      9.1136      20.0000     
6       40.0000     40.0000     40.0000     

Iteration number: 0.014979983733668108
State        L           0           R      
1       100.0000    100.0000    100.0000    
2       50.0000     2.3200      2.2529      
3       3.6250      0.3609      4.5938      
4       6.8748      3.8339      9.9999      
5       1.6335      9.1136      20.0000     
6       40.0000     40.0000     40.0000     

Iteration number: 0.014830183896331426
State        L           0           R      
1       100.0000    100.0000    100.0000    
2       50.0000     2.3200      2.2529      
3       3.6250      0.3609      4.5938      
4       6.8748      3.8339      9.9999      
5       1.6335      9.1136      20.0000     
6       40.0000     40.0000     40.0000     

Iteration number: 0.014681882057368112
State        L           0           R      
1       100.0000    100.0000    100.0000    
2       50.0000     5.8570      11.4753     
3       22.8625     0.3609      4.5938      
4       6.8748      3.8339      9.9999      
5       1.6335      9.1136      20.0000     
6       40.0000     40.0000     40.0000     

Iteration number: 0.01453506323679443
State        L           0           R      
1       100.0000    100.0000    100.0000    
2       50.0000     5.8570      11.4753     
3       24.7862     0.3609      4.5938      
4       6.8748      3.8339      9.9999      
5       1.6335      9.1136      20.0000     
6       40.0000     40.0000     40.0000     

Iteration number: 0.014389712604426485
State        L           0           R      
1       100.0000    100.0000    100.0000    
2       50.0000     5.8570      11.4753     
3       24.7862     0.3609      4.5938      
4       6.8748      3.8339      9.9999      
5       1.6335      9.1136      20.0000     
6       40.0000     40.0000     40.0000     

Iteration number: 0.01424581547838222
State        L           0           R      
1       100.0000    100.0000    100.0000    
2       50.0000     5.8570      11.4753     
3       24.7862     0.3609      4.5938      
4       6.8748      3.8339      9.9999      
5       1.6335      9.1136      20.0000     
6       40.0000     40.0000     40.0000     

Iteration number: 0.014103357323598397
State        L           0           R      
1       100.0000    100.0000    100.0000    
2       50.0000     5.8570      1.1827      
3       2.4962      0.3609      0.5297      
4       0.6963      3.8339      3.5669      
5       1.8523      2.1770      20.0000     
6       40.0000     40.0000     40.0000     

Iteration number: 0.013962323750362413
State        L           0           R      
1       100.0000    100.0000    100.0000    
2       50.0000     5.8570      1.1827      
3       2.4962      0.3609      0.5297      
4       0.6963      3.8339      3.5669      
5       1.8523      2.1770      20.0000     
6       40.0000     40.0000     40.0000     

Iteration number: 0.013822700512858789
State        L           0           R      
1       100.0000    100.0000    100.0000    
2       50.0000     5.8570      1.1827      
3       2.4962      0.3609      0.5297      
4       0.6963      3.8339      3.5669      
5       1.8523      2.1770      20.0000     
6       40.0000     40.0000     40.0000     

Iteration number: 0.0136844735077302
State        L           0           R      
1       100.0000    100.0000    100.0000    
2       50.0000     5.8570      1.1827      
3       2.4962      0.3609      0.5297      
4       0.6963      3.8339      3.5669      
5       1.8523      2.1770      20.0000     
6       40.0000     40.0000     40.0000     

Iteration number: 0.013547628772652899
State        L           0           R      
1       100.0000    100.0000    100.0000    
2       50.0000     13.7107     0.1217      
3       1.6572      0.3609      0.0804      
4       0.7837      0.4713      0.5325      
5       0.8884      0.5693      20.0000     
6       40.0000     40.0000     40.0000     

Iteration number: 0.01341215248492637
State        L           0           R      
1       100.0000    100.0000    100.0000    
2       50.0000     13.7107     0.1217      
3       1.6572      0.3609      0.0804      
4       0.7837      0.4713      0.5325      
5       0.8884      0.5693      20.0000     
6       40.0000     40.0000     40.0000     

Iteration number: 0.013278030960077106
State        L           0           R      
1       100.0000    100.0000    100.0000    
2       50.0000     13.7107     0.1217      
3       1.6572      0.3609      0.0804      
4       0.7837      0.4713      0.5325      
5       0.8884      0.5693      20.0000     
6       40.0000     40.0000     40.0000     

Iteration number: 0.013145250650476335
State        L           0           R      
1       100.0000    100.0000    100.0000    
2       50.0000     13.7107     0.1217      
3       1.6572      0.3609      0.0804      
4       0.7837      0.4713      0.5325      
5       0.8884      0.5693      20.0000     
6       40.0000     40.0000     40.0000     

Iteration number: 0.01301379814397157
State        L           0           R      
1       100.0000    100.0000    100.0000    
2       50.0000     13.7107     0.1217      
3       22.6657     11.2861     0.0804      
4       5.7034      0.4713      0.5325      
5       0.8884      0.5693      20.0000     
6       40.0000     40.0000     40.0000     

Iteration number: 0.012883660162531854
State        L           0           R      
1       100.0000    100.0000    100.0000    
2       50.0000     13.7107     0.1217      
3       22.6657     11.2861     0.0804      
4       5.7034      0.4713      0.5325      
5       0.8884      0.5693      20.0000     
6       40.0000     40.0000     40.0000     

Iteration number: 0.012754823560906535
State        L           0           R      
1       100.0000    100.0000    100.0000    
2       50.0000     13.7107     0.1217      
3       22.6657     11.2861     0.0804      
4       5.7034      0.4713      0.5325      
5       0.8884      0.5693      20.0000     
6       40.0000     40.0000     40.0000     

Iteration number: 0.01262727532529747
State        L           0           R      
1       100.0000    100.0000    100.0000    
2       50.0000     1.4590      0.1880      
3       13.5385     3.9411      2.0039      
4       4.7964      0.7503      0.5325      
5       0.8884      0.5693      20.0000     
6       40.0000     40.0000     40.0000     

Iteration number: 0.012501002572044496
State        L           0           R      
1       100.0000    100.0000    100.0000    
2       50.0000     1.4590      0.1880      
3       23.8539     3.9411      2.0039      
4       11.7296     5.7000      0.5325      
5       0.8884      0.5693      20.0000     
6       40.0000     40.0000     40.0000     

Iteration number: 0.01237599254632405
State        L           0           R      
1       100.0000    100.0000    100.0000    
2       50.0000     1.4590      0.1880      
3       24.8854     3.9411      2.0039      
4       12.4230     5.7000      0.5325      
5       5.7138      2.8694      20.0000     
6       40.0000     40.0000     40.0000     

Iteration number: 0.01225223262086081
State        L           0           R      
1       100.0000    100.0000    100.0000    
2       50.0000     1.4590      0.1880      
3       24.9885     3.9411      2.0039      
4       12.4923     5.7000      0.5325      
5       5.7138      2.8694      20.0000     
6       40.0000     40.0000     40.0000     

Iteration number: 0.012129710294652202
State        L           0           R      
1       100.0000    100.0000    100.0000    
2       50.0000     1.4590      0.1880      
3       24.9885     3.9411      2.0039      
4       12.4923     5.7000      0.5325      
5       5.7138      2.8694      20.0000     
6       40.0000     40.0000     40.0000     

Iteration number: 0.01200841319170568
State        L           0           R      
1       100.0000    100.0000    100.0000    
2       50.0000     1.4590      0.1880      
3       24.9885     3.9411      2.0039      
4       12.4923     5.7000      0.5325      
5       5.7138      9.2869      20.0000     
6       40.0000     40.0000     40.0000     

Iteration number: 0.011888329059788623
State        L           0           R      
1       100.0000    100.0000    100.0000    
2       50.0000     1.4590      0.1880      
3       24.9885     3.9411      2.0039      
4       12.4923     5.7000      0.5325      
5       5.7138      9.2869      20.0000     
6       40.0000     40.0000     40.0000     

Iteration number: 0.011769445769190737
State        L           0           R      
1       100.0000    100.0000    100.0000    
2       50.0000     1.4590      0.1880      
3       24.9885     3.9411      2.0039      
4       12.4923     5.7000      0.5325      
5       5.7138      9.2869      20.0000     
6       40.0000     40.0000     40.0000     

Iteration number: 0.01165175131149883
State        L           0           R      
1       100.0000    100.0000    100.0000    
2       50.0000     1.4590      0.1880      
3       24.9885     3.9411      2.0039      
4       12.4923     5.7000      0.5325      
5       5.7138      9.2869      20.0000     
6       40.0000     40.0000     40.0000     

Iteration number: 0.011535233798383842
State        L           0           R      
1       100.0000    100.0000    100.0000    
2       50.0000     1.4590      0.1880      
3       24.9885     3.9411      2.0039      
4       12.4923     5.7000      0.5325      
5       5.7138      9.2869      20.0000     
6       40.0000     40.0000     40.0000     

Iteration number: 0.011419881460400004
State        L           0           R      
1       100.0000    100.0000    100.0000    
2       50.0000     1.4590      0.1880      
3       24.9885     3.9411      2.0039      
4       12.4923     3.9450      9.0532      
5       1.6964      9.2869      20.0000     
6       40.0000     40.0000     40.0000     

Iteration number: 0.011305682645796004
State        L           0           R      
1       100.0000    100.0000    100.0000    
2       50.0000     1.4590      0.1880      
3       24.9885     3.9411      2.0039      
4       12.4923     3.9450      9.0532      
5       1.6964      9.2869      20.0000     
6       40.0000     40.0000     40.0000     

Iteration number: 0.011192625819338045
State        L           0           R      
1       100.0000    100.0000    100.0000    
2       50.0000     1.4590      0.1880      
3       24.9885     3.9411      2.0039      
4       12.4923     3.9450      9.0532      
5       1.6964      9.2869      20.0000     
6       40.0000     40.0000     40.0000     

Iteration number: 0.011080699561144665
State        L           0           R      
1       100.0000    100.0000    100.0000    
2       50.0000     1.4590      0.1880      
3       24.9885     3.9411      2.0039      
4       12.4923     3.9450      9.0532      
5       1.6964      9.2869      20.0000     
6       40.0000     40.0000     40.0000     

Iteration number: 0.010969892565533218
State        L           0           R      
1       100.0000    100.0000    100.0000    
2       50.0000     1.4590      0.1880      
3       24.9885     3.9411      2.0039      
4       12.4923     3.9450      9.0532      
5       1.6964      9.2869      20.0000     
6       40.0000     40.0000     40.0000     

Iteration number: 0.010860193639877886
State        L           0           R      
1       100.0000    100.0000    100.0000    
2       50.0000     22.6459     0.1880      
3       13.7489     3.9411      1.7824      
4       4.7649      1.0976      9.0532      
5       1.6964      9.2869      20.0000     
6       40.0000     40.0000     40.0000     

Iteration number: 0.010751591703479106
State        L           0           R      
1       100.0000    100.0000    100.0000    
2       50.0000     22.6459     0.1880      
3       13.7489     3.9411      1.7824      
4       4.7649      1.0976      9.0532      
5       1.6964      9.2869      20.0000     
6       40.0000     40.0000     40.0000     

Iteration number: 0.010644075786444315
State        L           0           R      
1       100.0000    100.0000    100.0000    
2       50.0000     13.5146     0.9563      
3       3.7186      0.5699      0.3540      
4       0.8720      0.1318      0.9073      
5       0.1779      0.9330      20.0000     
6       40.0000     40.0000     40.0000     

Iteration number: 0.010537635028579873
State        L           0           R      
1       100.0000    100.0000    100.0000    
2       50.0000     13.5146     0.9563      
3       3.7186      0.5699      0.3540      
4       0.8720      0.1318      0.9073      
5       0.1779      0.9330      20.0000     
6       40.0000     40.0000     40.0000     

Iteration number: 0.010432258678294073
State        L           0           R      
1       100.0000    100.0000    100.0000    
2       50.0000     23.8515     0.9563      
3       11.6219     0.5699      0.3540      
4       0.8720      0.1318      0.9073      
5       0.1779      0.9330      20.0000     
6       40.0000     40.0000     40.0000     

Iteration number: 0.010327936091511133
State        L           0           R      
1       100.0000    100.0000    100.0000    
2       50.0000     23.8515     0.9563      
3       11.6219     0.5699      0.3540      
4       0.8720      0.1318      9.0907      
5       0.1779      0.9330      20.0000     
6       40.0000     40.0000     40.0000     

Iteration number: 0.010224656730596022
State        L           0           R      
1       100.0000    100.0000    100.0000    
2       50.0000     23.8515     0.9563      
3       11.6219     0.5699      0.3540      
4       0.8720      0.1318      9.0907      
5       0.1779      0.9330      20.0000     
6       40.0000     40.0000     40.0000     

Iteration number: 0.01012241016329006
State        L           0           R      
1       100.0000    100.0000    100.0000    
2       50.0000     23.8515     0.9563      
3       11.6219     0.5699      0.3540      
4       0.8720      0.1318      9.0907      
5       0.1779      0.9330      20.0000     
6       40.0000     40.0000     40.0000     

Iteration number: 0.01002118606165716
State        L           0           R      
1       100.0000    100.0000    100.0000    
2       50.0000     23.8515     0.9563      
3       11.6219     0.5699      0.3540      
4       0.8720      0.1318      9.9091      
5       0.1779      0.9330      20.0000     
6       40.0000     40.0000     40.0000     

Iteration number: 0.01
State        L           0           R      
1       100.0000    100.0000    100.0000    
2       50.0000     23.8515     0.9563      
3       11.6219     0.5699      0.3540      
4       0.8720      0.1318      9.9091      
5       0.1779      0.9330      20.0000     
6       40.0000     40.0000     40.0000     

Iteration number: 0.01
State        L           0           R      
1       100.0000    100.0000    100.0000    
2       50.0000     24.8851     0.9563      
3       12.4122     0.5699      0.3540      
4       0.8720      0.1318      9.9091      
5       0.1779      0.9330      20.0000     
6       40.0000     40.0000     40.0000     

Iteration number: 0.01
State        L           0           R      
1       100.0000    100.0000    100.0000    
2       50.0000     24.8851     0.9563      
3       12.4122     0.5699      0.3540      
4       0.8720      0.1318      9.9091      
5       0.1779      0.9330      20.0000     
6       40.0000     40.0000     40.0000     

Iteration number: 0.01
State        L           0           R      
1       100.0000    100.0000    100.0000    
2       50.0000     24.8851     0.9563      
3       23.7412     5.3304      0.3540      
4       0.7903      0.1011      1.1667      
5       0.2155      0.9330      20.0000     
6       40.0000     40.0000     40.0000     

Iteration number: 0.01
State        L           0           R      
1       100.0000    100.0000    100.0000    
2       50.0000     24.8851     0.9563      
3       23.7412     5.3304      0.3540      
4       0.7903      0.1011      1.1667      
5       0.2155      0.9330      20.0000     
6       40.0000     40.0000     40.0000     

Iteration number: 0.01
State        L           0           R      
1       100.0000    100.0000    100.0000    
2       50.0000     24.8851     0.9563      
3       23.7412     5.3304      0.3540      
4       0.7903      0.1011      1.1667      
5       0.2155      0.9330      20.0000     
6       40.0000     40.0000     40.0000     

Iteration number: 0.01
State        L           0           R      
1       100.0000    100.0000    100.0000    
2       50.0000     24.8851     0.9563      
3       23.7412     5.3304      0.3540      
4       0.7903      3.3851      9.1167      
5       0.2155      0.9330      20.0000     
6       40.0000     40.0000     40.0000     

Iteration number: 0.01
State        L           0           R      
1       100.0000    100.0000    100.0000    
2       50.0000     24.8851     0.9563      
3       23.7412     5.3304      0.3540      
4       0.7903      3.3851      9.1167      
5       0.2155      0.9330      20.0000     
6       40.0000     40.0000     40.0000     

Iteration number: 0.01
State        L           0           R      
1       100.0000    100.0000    100.0000    
2       50.0000     24.8851     0.9563      
3       24.8741     11.7830     0.3540      
4       0.7903      3.3851      9.1167      
5       0.2155      0.9330      20.0000     
6       40.0000     40.0000     40.0000     

Iteration number: 0.01
State        L           0           R      
1       100.0000    100.0000    100.0000    
2       50.0000     24.8851     0.9563      
3       24.8741     11.7830     0.3540      
4       0.7903      3.3851      9.1167      
5       0.2155      0.9330      20.0000     
6       40.0000     40.0000     40.0000     

Iteration number: 0.01
State        L           0           R      
1       100.0000    100.0000    100.0000    
2       50.0000     24.8851     0.9563      
3       24.9874     7.7408      0.3540      
4       1.4853      3.3851      9.1167      
5       0.2155      0.9330      20.0000     
6       40.0000     40.0000     40.0000     

Iteration number: 0.01
State        L           0           R      
1       100.0000    100.0000    100.0000    
2       50.0000     24.8851     0.9563      
3       24.9874     7.7408      0.3540      
4       1.4853      3.3851      9.1167      
5       0.2155      0.9330      20.0000     
6       40.0000     40.0000     40.0000     

Iteration number: 0.01
State        L           0           R      
1       100.0000    100.0000    100.0000    
2       50.0000     24.8851     0.9563      
3       24.9874     7.7408      0.3540      
4       1.4853      3.3851      9.1167      
5       0.2155      0.9330      20.0000     
6       40.0000     40.0000     40.0000     

Iteration number: 0.01
State        L           0           R      
1       100.0000    100.0000    100.0000    
2       50.0000     24.8851     0.9563      
3       24.9874     7.7408      2.2854      
4       1.2735      4.8385      9.9117      
5       0.2155      0.9330      20.0000     
6       40.0000     40.0000     40.0000     

Iteration number: 0.01
State        L           0           R      
1       100.0000    100.0000    100.0000    
2       50.0000     24.8851     0.9563      
3       24.9874     7.7408      2.2854      
4       1.2735      4.8385      9.9912      
5       0.2155      0.9330      20.0000     
6       40.0000     40.0000     40.0000     

Iteration number: 0.01
State        L           0           R      
1       100.0000    100.0000    100.0000    
2       50.0000     24.8851     0.9563      
3       24.9874     7.7408      2.2854      
4       1.2735      4.8385      9.9991      
5       0.2155      0.9330      20.0000     
6       40.0000     40.0000     40.0000     

Iteration number: 0.01
State        L           0           R      
1       100.0000    100.0000    100.0000    
2       50.0000     24.8851     0.9563      
3       24.9874     7.7408      2.2854      
4       1.2735      4.8385      9.9991      
5       0.2155      0.9330      20.0000     
6       40.0000     40.0000     40.0000     

Iteration number: 0.01
State        L           0           R      
1       100.0000    100.0000    100.0000    
2       50.0000     19.3635     0.9563      
3       24.9874     7.7408      2.2854      
4       1.2735      4.8385      9.9991      
5       0.2155      0.9330      20.0000     
6       40.0000     40.0000     40.0000     

Iteration number: 0.01
State        L           0           R      
1       100.0000    100.0000    100.0000    
2       50.0000     19.3635     0.9563      
3       24.9874     7.7408      4.7285      
4       1.2735      4.8385      9.9999      
5       0.2155      0.9330      20.0000     
6       40.0000     40.0000     40.0000     

Iteration number: 0.01
State        L           0           R      
1       100.0000    100.0000    100.0000    
2       50.0000     19.3635     2.3456      
3       24.9874     7.7408      4.9729      
4       1.2735      4.8385      10.0000     
5       0.2155      0.9330      20.0000     
6       40.0000     40.0000     40.0000     

Iteration number: 0.01
State        L           0           R      
1       100.0000    100.0000    100.0000    
2       50.0000     19.3635     2.4846      
3       24.9874     7.7408      4.9973      
4       1.2735      4.8385      10.0000     
5       0.2155      0.9330      20.0000     
6       40.0000     40.0000     40.0000     

Iteration number: 0.01
State        L           0           R      
1       100.0000    100.0000    100.0000    
2       50.0000     19.3635     2.4846      
3       24.9874     7.7408      4.9973      
4       1.2735      4.8385      10.0000     
5       0.2155      0.9330      20.0000     
6       40.0000     40.0000     40.0000     

Iteration number: 0.01
State        L           0           R      
1       100.0000    100.0000    100.0000    
2       50.0000     24.4364     2.4846      
3       13.7487     7.7408      4.9973      
4       1.2735      4.8385      10.0000     
5       0.2155      0.9330      20.0000     
6       40.0000     40.0000     40.0000     

Iteration number: 0.01
State        L           0           R      
1       100.0000    100.0000    100.0000    
2       50.0000     24.4364     2.4846      
3       23.8749     7.7408      4.9973      
4       1.2735      4.8385      10.0000     
5       0.2155      0.9330      20.0000     
6       40.0000     40.0000     40.0000     

Iteration number: 0.01
State        L           0           R      
1       100.0000    100.0000    100.0000    
2       50.0000     24.4364     2.4846      
3       24.8875     7.7408      4.9973      
4       11.3774     4.8385      3.8125      
5       3.5372      0.9330      20.0000     
6       40.0000     40.0000     40.0000     

Iteration number: 0.01
State        L           0           R      
1       100.0000    100.0000    100.0000    
2       50.0000     24.4364     2.4846      
3       24.8875     7.7408      4.9973      
4       11.3774     4.8385      3.8125      
5       3.5372      0.9330      20.0000     
6       40.0000     40.0000     40.0000     

Iteration number: 0.01
State        L           0           R      
1       100.0000    100.0000    100.0000    
2       50.0000     24.4364     2.4846      
3       24.8875     7.7408      4.9973      
4       11.3774     4.8385      3.8125      
5       3.5372      0.9330      20.0000     
6       40.0000     40.0000     40.0000     

Iteration number: 0.01
State        L           0           R      
1       100.0000    100.0000    100.0000    
2       50.0000     24.4364     2.4846      
3       24.8875     7.7408      4.9973      
4       11.3774     4.8385      3.8125      
5       3.5372      0.9330      20.0000     
6       40.0000     40.0000     40.0000     

Iteration number: 0.01
State        L           0           R      
1       100.0000    100.0000    100.0000    
2       50.0000     24.4364     2.4846      
3       24.8875     7.7408      4.9973      
4       11.3774     4.8385      3.8125      
5       3.5372      9.0933      20.0000     
6       40.0000     40.0000     40.0000     

Iteration number: 0.01
State        L           0           R      
1       100.0000    100.0000    100.0000    
2       50.0000     24.4364     2.4846      
3       24.8875     7.7408      4.9973      
4       11.3774     4.8385      3.8125      
5       3.5372      9.0933      20.0000     
6       40.0000     40.0000     40.0000     

Iteration number: 0.01
State        L           0           R      
1       100.0000    100.0000    100.0000    
2       50.0000     24.4364     2.4846      
3       24.9887     9.2116      4.9973      
4       3.9502      1.8901      3.8125      
5       3.5372      9.0933      20.0000     
6       40.0000     40.0000     40.0000     

Iteration number: 0.01
State        L           0           R      
1       100.0000    100.0000    100.0000    
2       50.0000     24.4364     2.4846      
3       24.9887     9.2116      4.9973      
4       3.9502      1.8901      3.8125      
5       3.5372      9.0933      20.0000     
6       40.0000     40.0000     40.0000     

Iteration number: 0.01
State        L           0           R      
1       100.0000    100.0000    100.0000    
2       50.0000     24.4364     2.4846      
3       24.9887     9.2116      4.9973      
4       3.9502      1.8901      9.3812      
5       4.8537      3.1593      20.0000     
6       40.0000     40.0000     40.0000     

Iteration number: 0.01
State        L           0           R      
1       100.0000    100.0000    100.0000    
2       50.0000     24.4364     2.4846      
3       24.9887     9.2116      4.9973      
4       3.9502      1.8901      9.3812      
5       4.8537      3.1593      20.0000     
6       40.0000     40.0000     40.0000     

Iteration number: 0.01
State        L           0           R      
1       100.0000    100.0000    100.0000    
2       50.0000     24.4364     2.4846      
3       24.9887     9.2116      4.9973      
4       3.9502      4.6890      9.9381      
5       2.7354      1.1597      20.0000     
6       40.0000     40.0000     40.0000     

Iteration number: 0.01
State        L           0           R      
1       100.0000    100.0000    100.0000    
2       50.0000     24.4364     2.4846      
3       24.9887     9.2116      4.9973      
4       3.9502      4.6890      9.9381      
5       2.7354      1.1597      20.0000     
6       40.0000     40.0000     40.0000     

Iteration number: 0.01
State        L           0           R      
1       100.0000    100.0000    100.0000    
2       50.0000     24.4364     2.4846      
3       24.9887     9.2116      4.9973      
4       3.9502      4.6890      9.9381      
5       2.7354      1.1597      20.0000     
6       40.0000     40.0000     40.0000     

Iteration number: 0.01
State        L           0           R      
1       100.0000    100.0000    100.0000    
2       50.0000     24.4364     2.4846      
3       24.9887     9.2116      4.9973      
4       3.9502      4.6890      9.9381      
5       2.7354      1.1597      20.0000     
6       40.0000     40.0000     40.0000     

Iteration number: 0.01
State        L           0           R      
1       100.0000    100.0000    100.0000    
2       50.0000     14.1624     3.0610      
3       5.6629      9.2116      4.9973      
4       3.9502      4.6890      9.9381      
5       2.7354      1.1597      20.0000     
6       40.0000     40.0000     40.0000     

Iteration number: 0.01
State        L           0           R      
1       100.0000    100.0000    100.0000    
2       50.0000     14.1624     3.0610      
3       23.0663     9.2116      4.9973      
4       11.6450     6.0939      9.9381      
5       3.0860      1.1597      20.0000     
6       40.0000     40.0000     40.0000     

Iteration number: 0.01
State        L           0           R      
1       100.0000    100.0000    100.0000    
2       50.0000     14.1624     3.0610      
3       24.8066     9.2116      4.9973      
4       12.4145     6.0939      9.9381      
5       3.0860      1.1597      20.0000     
6       40.0000     40.0000     40.0000     

Iteration number: 0.01
State        L           0           R      
1       100.0000    100.0000    100.0000    
2       50.0000     14.1624     3.0610      
3       24.8066     9.2116      4.9973      
4       12.4145     6.0939      9.9381      
5       3.0860      1.1597      20.0000     
6       40.0000     40.0000     40.0000     

Iteration number: 0.01
State        L           0           R      
1       100.0000    100.0000    100.0000    
2       50.0000     14.1624     3.0610      
3       24.8066     9.2116      4.9973      
4       12.4145     6.0939      9.9381      
5       3.0860      1.1597      20.0000     
6       40.0000     40.0000     40.0000     

Iteration number: 0.01
State        L           0           R      
1       100.0000    100.0000    100.0000    
2       50.0000     23.9162     3.0610      
3       24.8066     9.2116      4.9973      
4       12.4145     6.0939      9.9381      
5       3.0860      1.1597      20.0000     
6       40.0000     40.0000     40.0000     

Iteration number: 0.01
State        L           0           R      
1       100.0000    100.0000    100.0000    
2       50.0000     23.9162     3.0610      
3       24.8066     9.2116      4.9973      
4       12.4145     6.0939      9.9381      
5       3.0860      1.1597      20.0000     
6       40.0000     40.0000     40.0000     

Iteration number: 0.01
State        L           0           R      
1       100.0000    100.0000    100.0000    
2       50.0000     23.9162     3.0610      
3       24.8066     9.2116      4.9973      
4       12.4145     6.0939      9.9381      
5       3.0860      1.1597      20.0000     
6       40.0000     40.0000     40.0000     

Iteration number: 0.01
State        L           0           R      
1       100.0000    100.0000    100.0000    
2       50.0000     2.3927      0.3105      
3       24.8066     1.3460      1.3493      
4       1.5579      0.6445      5.4938      
5       3.0860      9.1160      20.0000     
6       40.0000     40.0000     40.0000     

Iteration number: 0.01
State        L           0           R      
1       100.0000    100.0000    100.0000    
2       50.0000     2.3927      0.3105      
3       24.8066     1.3460      1.3493      
4       1.5579      0.6445      5.4938      
5       3.0860      9.1160      20.0000     
6       40.0000     40.0000     40.0000     

Iteration number: 0.01
State        L           0           R      
1       100.0000    100.0000    100.0000    
2       50.0000     2.3927      0.3105      
3       24.8066     1.3460      1.3493      
4       1.5579      0.6445      5.4938      
5       3.0860      9.1160      20.0000     
6       40.0000     40.0000     40.0000     

Iteration number: 0.01
State        L           0           R      
1       100.0000    100.0000    100.0000    
2       50.0000     2.3927      0.3105      
3       24.9807     1.3460      1.3493      
4       11.4058     5.6895      5.4938      
5       3.0860      9.1160      20.0000     
6       40.0000     40.0000     40.0000     

Iteration number: 0.01
State        L           0           R      
1       100.0000    100.0000    100.0000    
2       50.0000     2.3927      0.3105      
3       24.9807     1.3460      1.3493      
4       11.4058     5.6895      5.4938      
5       3.0860      9.1160      20.0000     
6       40.0000     40.0000     40.0000     

Iteration number: 0.01
State        L           0           R      
1       100.0000    100.0000    100.0000    
2       50.0000     2.3927      0.3105      
3       24.9981     1.3460      1.3493      
4       11.4058     5.6895      5.4938      
5       3.0860      9.1160      20.0000     
6       40.0000     40.0000     40.0000     

Iteration number: 0.01
State        L           0           R      
1       100.0000    100.0000    100.0000    
2       50.0000     2.3927      0.3105      
3       24.9998     1.3460      1.3493      
4       11.4058     5.6895      5.4938      
5       3.0860      9.1160      20.0000     
6       40.0000     40.0000     40.0000     

Iteration number: 0.01
State        L           0           R      
1       100.0000    100.0000    100.0000    
2       50.0000     2.3927      0.3105      
3       24.9998     1.3460      1.3493      
4       11.4058     5.6895      5.4938      
5       3.0860      9.1160      20.0000     
6       40.0000     40.0000     40.0000     

Iteration number: 0.01
State        L           0           R      
1       100.0000    100.0000    100.0000    
2       50.0000     2.3927      0.3105      
3       25.0000     1.3460      5.7599      
4       8.1718      5.6895      5.4938      
5       1.7149      1.3218      20.0000     
6       40.0000     40.0000     40.0000     

Iteration number: 0.01
State        L           0           R      
1       100.0000    100.0000    100.0000    
2       50.0000     2.3927      0.3105      
3       25.0000     1.3460      5.7599      
4       8.1718      5.6895      5.4938      
5       1.7149      1.3218      20.0000     
6       40.0000     40.0000     40.0000     

Iteration number: 0.01
State        L           0           R      
1       100.0000    100.0000    100.0000    
2       50.0000     2.3927      0.3105      
3       25.0000     1.3460      5.7599      
4       8.1718      5.6895      5.4938      
5       1.7149      1.3218      20.0000     
6       40.0000     40.0000     40.0000     

Iteration number: 0.01
State        L           0           R      
1       100.0000    100.0000    100.0000    
2       50.0000     2.3927      0.3105      
3       25.0000     1.3460      5.7599      
4       8.1718      5.6895      5.4938      
5       1.7149      9.1322      20.0000     
6       40.0000     40.0000     40.0000     

Iteration number: 0.01
State        L           0           R      
1       100.0000    100.0000    100.0000    
2       50.0000     2.3927      0.3105      
3       25.0000     1.3460      5.7599      
4       8.1718      5.6895      5.4938      
5       1.7149      9.1322      20.0000     
6       40.0000     40.0000     40.0000     

Iteration number: 0.01
State        L           0           R      
1       100.0000    100.0000    100.0000    
2       50.0000     2.3927      0.3105      
3       25.0000     1.3460      5.7599      
4       8.1718      5.6895      5.4938      
5       1.7149      9.1322      20.0000     
6       40.0000     40.0000     40.0000     

Iteration number: 0.01
State        L           0           R      
1       100.0000    100.0000    100.0000    
2       50.0000     5.8643      11.2810     
3       15.1562     1.1893      5.7599      
4       8.1718      5.6895      5.4938      
5       1.7149      9.1322      20.0000     
6       40.0000     40.0000     40.0000     

Iteration number: 0.01
State        L           0           R      
1       100.0000    100.0000    100.0000    
2       50.0000     5.8643      11.2810     
3       15.1562     1.1893      5.7599      
4       8.1718      5.6895      5.4938      
5       1.7149      9.1322      20.0000     
6       40.0000     40.0000     40.0000     

Iteration number: 0.01
State        L           0           R      
1       100.0000    100.0000    100.0000    
2       50.0000     1.1489      2.2531      
3       1.7969      1.1893      1.7361      
4       0.9051      5.0689      9.5494      
5       1.7149      9.1322      20.0000     
6       40.0000     40.0000     40.0000     

Iteration number: 0.01
State        L           0           R      
1       100.0000    100.0000    100.0000    
2       50.0000     1.1489      2.2531      
3       1.7969      1.1893      1.7361      
4       0.9051      5.0689      9.5494      
5       1.7149      9.1322      20.0000     
6       40.0000     40.0000     40.0000     

Iteration number: 0.01
State        L           0           R      
1       100.0000    100.0000    100.0000    
2       50.0000     1.1489      2.2531      
3       1.7969      1.1893      1.7361      
4       0.9051      5.0689      9.5494      
5       1.7149      9.1322      20.0000     
6       40.0000     40.0000     40.0000     

Iteration number: 0.01
State        L           0           R      
1       100.0000    100.0000    100.0000    
2       50.0000     1.1489      2.2531      
3       1.7969      1.1893      1.7361      
4       0.9051      5.0689      9.9549      
5       1.7149      9.1322      20.0000     
6       40.0000     40.0000     40.0000     

Iteration number: 0.01
State        L           0           R      
1       100.0000    100.0000    100.0000    
2       50.0000     1.1489      2.2531      
3       1.7969      1.1893      1.7361      
4       0.9051      5.0689      9.9955      
5       1.7149      9.1322      20.0000     
6       40.0000     40.0000     40.0000     

Iteration number: 0.01
State        L           0           R      
1       100.0000    100.0000    100.0000    
2       50.0000     22.6149     5.8503      
3       11.4297     1.1893      1.7361      
4       0.9051      5.0689      9.9955      
5       1.7149      9.1322      20.0000     
6       40.0000     40.0000     40.0000     

Iteration number: 0.01
State        L           0           R      
1       100.0000    100.0000    100.0000    
2       50.0000     22.6149     5.8503      
3       11.4297     1.1893      1.7361      
4       0.9051      5.0689      9.9995      
5       1.7149      9.1322      20.0000     
6       40.0000     40.0000     40.0000     

Iteration number: 0.01
State        L           0           R      
1       100.0000    100.0000    100.0000    
2       50.0000     22.6149     5.8503      
3       11.4297     1.1893      1.7361      
4       0.9051      5.0689      9.9995      
5       1.7149      9.1322      20.0000     
6       40.0000     40.0000     40.0000     

Iteration number: 0.01
State        L           0           R      
1       100.0000    100.0000    100.0000    
2       50.0000     22.6149     5.8503      
3       11.4297     1.1893      1.7361      
4       0.9051      5.0689      9.9995      
5       1.7149      9.1322      20.0000     
6       40.0000     40.0000     40.0000     

Iteration number: 0.01
State        L           0           R      
1       100.0000    100.0000    100.0000    
2       50.0000     22.6149     5.8503      
3       11.4297     1.1893      1.7361      
4       0.9051      5.0689      10.0000     
5       4.6715      9.1322      20.0000     
6       40.0000     40.0000     40.0000     

Iteration number: 0.01
State        L           0           R      
1       100.0000    100.0000    100.0000    
2       50.0000     22.6149     5.8503      
3       11.4297     1.1893      1.7361      
4       0.9051      5.0689      10.0000     
5       4.6715      9.1322      20.0000     
6       40.0000     40.0000     40.0000     

Iteration number: 0.01
State        L           0           R      
1       100.0000    100.0000    100.0000    
2       50.0000     22.6149     5.8503      
3       11.4297     1.2439      2.4236      
4       0.9051      5.0689      5.5000      
5       4.6715      9.9132      20.0000     
6       40.0000     40.0000     40.0000     

Iteration number: 0.01
State        L           0           R      
1       100.0000    100.0000    100.0000    
2       50.0000     22.6149     5.8503      
3       11.4297     1.2439      2.4236      
4       0.9051      5.0689      5.5000      
5       4.6715      9.9132      20.0000     
6       40.0000     40.0000     40.0000     

Iteration number: 0.01
State        L           0           R      
1       100.0000    100.0000    100.0000    
2       50.0000     22.6149     5.8503      
3       11.4297     1.2439      2.4236      
4       0.9051      5.0689      5.5000      
5       4.6715      9.9132      20.0000     
6       40.0000     40.0000     40.0000     

Iteration number: 0.01
State        L           0           R      
1       100.0000    100.0000    100.0000    
2       50.0000     22.6149     5.8503      
3       23.6430     11.3744     2.4236      
4       0.9051      5.0689      5.5000      
5       4.6715      9.9132      20.0000     
6       40.0000     40.0000     40.0000     

Iteration number: 0.01
State        L           0           R      
1       100.0000    100.0000    100.0000    
2       50.0000     22.6149     5.8503      
3       23.6430     11.3744     2.4236      
4       0.9051      5.0689      5.5000      
5       4.6715      9.9132      20.0000     
6       40.0000     40.0000     40.0000     

Iteration number: 0.01
State        L           0           R      
1       100.0000    100.0000    100.0000    
2       50.0000     22.6149     5.8503      
3       23.6430     11.3744     2.4236      
4       0.9051      5.0689      9.5500      
5       4.6715      9.9132      20.0000     
6       40.0000     40.0000     40.0000     

Iteration number: 0.01
State        L           0           R      
1       100.0000    100.0000    100.0000    
2       50.0000     22.6149     5.8503      
3       23.6430     11.3744     2.4236      
4       0.9051      5.0689      9.5500      
5       4.6715      9.9132      20.0000     
6       40.0000     40.0000     40.0000     

Iteration number: 0.01
State        L           0           R      
1       100.0000    100.0000    100.0000    
2       50.0000     22.6149     5.8503      
3       23.6430     11.3744     2.4236      
4       0.9051      5.0689      9.9550      
5       4.6715      9.9132      20.0000     
6       40.0000     40.0000     40.0000     

Iteration number: 0.01
State        L           0           R      
1       100.0000    100.0000    100.0000    
2       50.0000     22.6149     5.8503      
3       23.6430     11.3744     4.7424      
4       0.9051      5.0689      9.9955      
5       4.6715      9.9132      20.0000     
6       40.0000     40.0000     40.0000     

Iteration number: 0.01
State        L           0           R      
1       100.0000    100.0000    100.0000    
2       50.0000     22.6149     5.8503      
3       23.6430     11.3744     4.9742      
4       0.9051      5.0689      9.9995      
5       4.6715      9.9132      20.0000     
6       40.0000     40.0000     40.0000     

Iteration number: 0.01
State        L           0           R      
1       100.0000    100.0000    100.0000    
2       50.0000     22.6149     5.8503      
3       23.6430     11.3744     4.9742      
4       0.9051      5.0689      10.0000     
5       4.6715      9.9132      20.0000     
6       40.0000     40.0000     40.0000     

Iteration number: 0.01
State        L           0           R      
1       100.0000    100.0000    100.0000    
2       50.0000     22.6149     5.8503      
3       23.6430     11.3744     4.9742      
4       0.9051      5.0689      10.0000     
5       4.6715      9.9132      20.0000     
6       40.0000     40.0000     40.0000     

Iteration number: 0.01
State        L           0           R      
1       100.0000    100.0000    100.0000    
2       50.0000     22.6149     5.8503      
3       23.6430     11.3744     4.9742      
4       0.9051      5.0689      10.0000     
5       4.6715      9.9132      20.0000     
6       40.0000     40.0000     40.0000     

Iteration number: 0.01
State        L           0           R      
1       100.0000    100.0000    100.0000    
2       50.0000     22.6149     5.8503      
3       23.6430     11.3744     4.9742      
4       0.9051      5.0689      10.0000     
5       4.6715      9.9132      20.0000     
6       40.0000     40.0000     40.0000     

Iteration number: 0.01
State        L           0           R      
1       100.0000    100.0000    100.0000    
2       50.0000     22.6149     5.8503      
3       23.6430     11.3744     4.9742      
4       0.9051      5.0689      10.0000     
5       4.6715      9.9132      20.0000     
6       40.0000     40.0000     40.0000     

Iteration number: 0.01
State        L           0           R      
1       100.0000    100.0000    100.0000    
2       50.0000     22.6149     5.8503      
3       23.6430     11.3744     4.9742      
4       0.9051      5.0689      10.0000     
5       4.6715      9.9132      20.0000     
6       40.0000     40.0000     40.0000     

Iteration number: 0.01
State        L           0           R      
1       100.0000    100.0000    100.0000    
2       50.0000     15.3865     5.8503      
3       5.1768      11.3744     1.2005      
4       1.4968      5.0689      10.0000     
5       4.6715      9.9132      20.0000     
6       40.0000     40.0000     40.0000     

Iteration number: 0.01
State        L           0           R      
1       100.0000    100.0000    100.0000    
2       50.0000     15.3865     5.8503      
3       5.1768      11.3744     1.2005      
4       1.4968      5.0689      10.0000     
5       4.6715      9.9132      20.0000     
6       40.0000     40.0000     40.0000     

Iteration number: 0.01
State        L           0           R      
1       100.0000    100.0000    100.0000    
2       50.0000     15.3865     2.8350      
3       5.1768      11.3744     4.6201      
4       1.4968      5.0689      10.0000     
5       4.6715      9.9132      20.0000     
6       40.0000     40.0000     40.0000     

Iteration number: 0.01
State        L           0           R      
1       100.0000    100.0000    100.0000    
2       50.0000     15.3865     2.8350      
3       5.1768      11.3744     4.6201      
4       1.4968      5.0689      10.0000     
5       4.6715      9.9132      20.0000     
6       40.0000     40.0000     40.0000     

Iteration number: 0.01
State        L           0           R      
1       100.0000    100.0000    100.0000    
2       50.0000     15.3865     2.8350      
3       5.1768      3.3874      4.9620      
4       1.4968      5.0689      10.0000     
5       4.6715      9.9132      20.0000     
6       40.0000     40.0000     40.0000     

Iteration number: 0.01
State        L           0           R      
1       100.0000    100.0000    100.0000    
2       50.0000     15.3865     2.8350      
3       5.1768      3.3874      4.9620      
4       1.4968      5.0689      10.0000     
5       4.6715      9.9132      20.0000     
6       40.0000     40.0000     40.0000     

Iteration number: 0.01
State        L           0           R      
1       100.0000    100.0000    100.0000    
2       50.0000     15.3865     2.8350      
3       5.1768      3.3874      4.9620      
4       1.4968      5.0689      10.0000     
5       4.6715      9.9132      20.0000     
6       40.0000     40.0000     40.0000     

Iteration number: 0.01
State        L           0           R      
1       100.0000    100.0000    100.0000    
2       50.0000     24.0386     2.8350      
3       5.1768      3.3874      4.9620      
4       1.4968      5.0689      10.0000     
5       4.6715      9.9132      20.0000     
6       40.0000     40.0000     40.0000     

Iteration number: 0.01
State        L           0           R      
1       100.0000    100.0000    100.0000    
2       50.0000     24.0386     2.8350      
3       23.0177     3.3874      4.9620      
4       11.3997     5.0689      10.0000     
5       4.6715      9.9132      20.0000     
6       40.0000     40.0000     40.0000     

Iteration number: 0.01
State        L           0           R      
1       100.0000    100.0000    100.0000    
2       50.0000     24.0386     2.8350      
3       23.0177     3.3874      4.9620      
4       11.3997     5.0689      10.0000     
5       4.6715      9.9132      20.0000     
6       40.0000     40.0000     40.0000     

Iteration number: 0.01
State        L           0           R      
1       100.0000    100.0000    100.0000    
2       50.0000     8.0289      11.5335     
3       14.9580     3.3874      4.9620      
4       2.5462      5.0689      10.0000     
5       4.6715      9.9132      20.0000     
6       40.0000     40.0000     40.0000     

Iteration number: 0.01
State        L           0           R      
1       100.0000    100.0000    100.0000    
2       50.0000     8.0289      11.5335     
3       23.9958     3.3874      4.9620      
4       11.5046     5.0689      10.0000     
5       4.6715      9.9132      20.0000     
6       40.0000     40.0000     40.0000     

Iteration number: 0.01
State        L           0           R      
1       100.0000    100.0000    100.0000    
2       50.0000     8.0289      11.5335     
3       23.9958     3.3874      4.9620      
4       11.5046     5.0689      10.0000     
5       4.6715      9.9132      20.0000     
6       40.0000     40.0000     40.0000     

Iteration number: 0.01
State        L           0           R      
1       100.0000    100.0000    100.0000    
2       50.0000     8.0289      11.5335     
3       24.8996     3.3874      4.9620      
4       12.4005     6.1319      10.0000     
5       4.6715      9.9132      20.0000     
6       40.0000     40.0000     40.0000     

Iteration number: 0.01
State        L           0           R      
1       100.0000    100.0000    100.0000    
2       50.0000     8.0289      11.5335     
3       24.8996     3.3874      4.9620      
4       12.4005     6.1319      10.0000     
5       4.6715      9.9132      20.0000     
6       40.0000     40.0000     40.0000     

Iteration number: 0.01
State        L           0           R      
1       100.0000    100.0000    100.0000    
2       50.0000     8.0289      11.5335     
3       24.8996     3.3874      4.9620      
4       12.4005     6.1319      10.0000     
5       4.6715      9.9132      20.0000     
6       40.0000     40.0000     40.0000     

Iteration number: 0.01
State        L           0           R      
1       100.0000    100.0000    100.0000    
2       50.0000     8.0289      11.5335     
3       24.8996     3.3874      4.9620      
4       12.4005     3.9882      10.0000     
5       1.5921      9.9132      20.0000     
6       40.0000     40.0000     40.0000     

Iteration number: 0.01
State        L           0           R      
1       100.0000    100.0000    100.0000    
2       50.0000     8.0289      11.5335     
3       24.8996     3.3874      4.9620      
4       12.4005     3.9882      10.0000     
5       1.5921      9.9132      20.0000     
6       40.0000     40.0000     40.0000     

Iteration number: 0.01
State        L           0           R      
1       100.0000    100.0000    100.0000    
2       50.0000     8.0289      11.5335     
3       24.8996     3.3874      4.9620      
4       12.4005     3.9882      10.0000     
5       1.5921      9.9132      20.0000     
6       40.0000     40.0000     40.0000     

Iteration number: 0.01
State        L           0           R      
1       100.0000    100.0000    100.0000    
2       50.0000     0.8029      1.5049      
3       10.1071     1.0419      1.9025      
4       5.0486      1.3583      1.0003      
5       0.1637      0.9946      20.0000     
6       40.0000     40.0000     40.0000     

Iteration number: 0.01
State        L           0           R      
1       100.0000    100.0000    100.0000    
2       50.0000     0.8029      1.5049      
3       10.1071     1.0419      1.9025      
4       5.0486      1.3583      1.0003      
5       0.1637      0.9946      20.0000     
6       40.0000     40.0000     40.0000     

Iteration number: 0.01
State        L           0           R      
1       100.0000    100.0000    100.0000    
2       50.0000     0.8029      1.5049      
3       10.1071     1.2292      2.4402      
4       1.0674      0.2677      4.6000      
5       0.0340      9.0995      20.0000     
6       40.0000     40.0000     40.0000     

Iteration number: 0.01
State        L           0           R      
1       100.0000    100.0000    100.0000    
2       50.0000     0.8029      1.5049      
3       10.1071     1.2292      2.4402      
4       1.0674      0.2677      4.6000      
5       0.0340      9.0995      20.0000     
6       40.0000     40.0000     40.0000     

Iteration number: 0.01
State        L           0           R      
1       100.0000    100.0000    100.0000    
2       50.0000     0.8029      1.5049      
3       10.1071     1.2292      2.4402      
4       1.0674      0.2677      9.4600      
5       0.0340      9.0995      20.0000     
6       40.0000     40.0000     40.0000     

Iteration number: 0.01
State        L           0           R      
1       100.0000    100.0000    100.0000    
2       50.0000     0.8029      1.5049      
3       10.1071     1.2292      2.4402      
4       1.0674      0.2677      9.4600      
5       0.0340      9.0995      20.0000     
6       40.0000     40.0000     40.0000     

Iteration number: 0.01
State        L           0           R      
1       100.0000    100.0000    100.0000    
2       50.0000     0.0867      3.9078      
3       8.0423      0.1236      0.2660      
4       1.0444      0.5541      0.9753      
5       0.1206      0.9393      20.0000     
6       40.0000     40.0000     40.0000     

Iteration number: 0.01
State        L           0           R      
1       100.0000    100.0000    100.0000    
2       50.0000     0.0867      3.9078      
3       8.0423      0.1236      0.2660      
4       1.0444      0.5541      0.9753      
5       0.1206      0.9393      20.0000     
6       40.0000     40.0000     40.0000     

Iteration number: 0.01
State        L           0           R      
1       100.0000    100.0000    100.0000    
2       50.0000     0.0867      1.7970      
3       12.4058     1.5944      5.6516      
4       5.8173      0.5541      0.9753      
5       0.1206      0.9393      20.0000     
6       40.0000     40.0000     40.0000     

Iteration number: 0.01
State        L           0           R      
1       100.0000    100.0000    100.0000    
2       50.0000     0.0867      1.7970      
3       23.7406     1.5944      5.6516      
4       11.8317     0.5541      0.9753      
5       0.1206      0.9393      20.0000     
6       40.0000     40.0000     40.0000     

Iteration number: 0.01
State        L           0           R      
1       100.0000    100.0000    100.0000    
2       50.0000     0.0867      1.7970      
3       24.8741     1.5944      5.6516      
4       11.8317     0.5541      0.9753      
5       0.1206      0.9393      20.0000     
6       40.0000     40.0000     40.0000     

Iteration number: 0.01
State        L           0           R      
1       100.0000    100.0000    100.0000    
2       50.0000     0.0867      1.7970      
3       24.8741     1.5944      5.6516      
4       11.8317     0.5541      0.9753      
5       0.1206      0.9393      20.0000     
6       40.0000     40.0000     40.0000     

Iteration number: 0.01
State        L           0           R      
1       100.0000    100.0000    100.0000    
2       50.0000     0.0867      1.7970      
3       24.8741     1.5944      5.6516      
4       11.8317     0.5541      0.9753      
5       0.1206      0.9393      20.0000     
6       40.0000     40.0000     40.0000     

Iteration number: 0.01
State        L           0           R      
1       100.0000    100.0000    100.0000    
2       50.0000     0.0867      1.7970      
3       24.9874     1.5944      3.3777      
4       7.5113      5.6804      0.9753      
5       0.7152      0.4455      20.0000     
6       40.0000     40.0000     40.0000     

Iteration number: 0.01
State        L           0           R      
1       100.0000    100.0000    100.0000    
2       50.0000     0.0867      1.7970      
3       24.9874     1.5944      3.3777      
4       7.5113      5.6804      0.9753      
5       0.7152      0.4455      20.0000     
6       40.0000     40.0000     40.0000     

Iteration number: 0.01
State        L           0           R      
1       100.0000    100.0000    100.0000    
2       50.0000     0.0867      1.7970      
3       24.9874     1.5944      3.3777      
4       7.5113      5.6804      0.9753      
5       0.7152      6.7945      20.0000     
6       40.0000     40.0000     40.0000     

Iteration number: 0.01
State        L           0           R      
1       100.0000    100.0000    100.0000    
2       50.0000     0.0867      1.7970      
3       24.9874     1.5944      3.3777      
4       7.5113      5.6804      0.9753      
5       0.7152      6.7945      20.0000     
6       40.0000     40.0000     40.0000     

Iteration number: 0.01
State        L           0           R      
1       100.0000    100.0000    100.0000    
2       50.0000     0.0867      1.3047      
3       3.0612      0.4407      2.5878      
4       7.5113      5.6804      4.5975      
5       0.7152      9.6795      20.0000     
6       40.0000     40.0000     40.0000     

Iteration number: 0.01
State        L           0           R      
1       100.0000    100.0000    100.0000    
2       50.0000     0.0867      2.3805      
3       3.0612      0.4407      4.7588      
4       7.5113      5.6804      9.4598      
5       0.7152      9.6795      20.0000     
6       40.0000     40.0000     40.0000     

Iteration number: 0.01
State        L           0           R      
1       100.0000    100.0000    100.0000    
2       50.0000     0.0867      2.3805      
3       3.0612      0.4407      4.9759      
4       7.5113      5.6804      9.9460      
5       0.7152      9.6795      20.0000     
6       40.0000     40.0000     40.0000     

Iteration number: 0.01
State        L           0           R      
1       100.0000    100.0000    100.0000    
2       50.0000     0.0867      2.3805      
3       3.0612      0.4407      4.9976      
4       7.5113      5.6804      9.9946      
5       0.7152      9.6795      20.0000     
6       40.0000     40.0000     40.0000     

Iteration number: 0.01
State        L           0           R      
1       100.0000    100.0000    100.0000    
2       50.0000     0.0867      2.3805      
3       3.0612      0.4407      4.9998      
4       7.5113      5.6804      9.9995      
5       0.7152      9.6795      20.0000     
6       40.0000     40.0000     40.0000     

Iteration number: 0.01
State        L           0           R      
1       100.0000    100.0000    100.0000    
2       50.0000     0.0867      2.3805      
3       3.0612      0.4407      4.9998      
4       7.5113      5.6804      9.9995      
5       0.7152      9.6795      20.0000     
6       40.0000     40.0000     40.0000     

Iteration number: 0.01
State        L           0           R      
1       100.0000    100.0000    100.0000    
2       50.0000     0.0867      2.3805      
3       22.8061     0.4407      4.9998      
4       7.5113      5.6804      9.9995      
5       0.7152      9.6795      20.0000     
6       40.0000     40.0000     40.0000     

Iteration number: 0.01
State        L           0           R      
1       100.0000    100.0000    100.0000    
2       50.0000     0.0867      2.3805      
3       22.8061     0.4407      4.9998      
4       7.5113      5.6804      9.9995      
5       0.7152      9.6795      20.0000     
6       40.0000     40.0000     40.0000     

Iteration number: 0.01
State        L           0           R      
1       100.0000    100.0000    100.0000    
2       50.0000     0.0867      2.3805      
3       24.7806     0.4407      4.9998      
4       12.0011     5.6804      2.1865      
5       2.5325      1.0998      20.0000     
6       40.0000     40.0000     40.0000     

Iteration number: 0.01
State        L           0           R      
1       100.0000    100.0000    100.0000    
2       50.0000     0.0867      2.3805      
3       24.7806     0.4407      4.9998      
4       12.0011     5.6804      2.1865      
5       2.5325      1.0998      20.0000     
6       40.0000     40.0000     40.0000     

Iteration number: 0.01
State        L           0           R      
1       100.0000    100.0000    100.0000    
2       50.0000     0.0867      2.3805      
3       24.7806     0.4407      4.9998      
4       12.0011     5.6804      2.1865      
5       2.5325      1.0998      20.0000     
6       40.0000     40.0000     40.0000     

Iteration number: 0.01
State        L           0           R      
1       100.0000    100.0000    100.0000    
2       50.0000     0.0867      2.3805      
3       24.7806     0.4407      4.9998      
4       12.0011     5.6804      2.1865      
5       2.5325      1.0998      20.0000     
6       40.0000     40.0000     40.0000     

Iteration number: 0.01
State        L           0           R      
1       100.0000    100.0000    100.0000    
2       50.0000     0.0867      2.3805      
3       24.7806     0.4407      4.9998      
4       12.0011     5.6804      2.1865      
5       2.5325      1.0998      20.0000     
6       40.0000     40.0000     40.0000     

Iteration number: 0.01
State        L           0           R      
1       100.0000    100.0000    100.0000    
2       50.0000     0.0867      11.4880     
3       16.5406     0.4407      4.9998      
4       12.0011     5.6804      2.1865      
5       2.5325      1.0998      20.0000     
6       40.0000     40.0000     40.0000     

Iteration number: 0.01
State        L           0           R      
1       100.0000    100.0000    100.0000    
2       50.0000     0.0867      11.4880     
3       16.5406     0.4407      4.9998      
4       12.0011     5.6804      2.1865      
5       2.5325      9.1100      20.0000     
6       40.0000     40.0000     40.0000     

Iteration number: 0.01
State        L           0           R      
1       100.0000    100.0000    100.0000    
2       50.0000     0.0867      11.4880     
3       16.5406     0.4407      4.9998      
4       12.0011     5.6804      2.1865      
5       2.5325      9.1100      20.0000     
6       40.0000     40.0000     40.0000     

Iteration number: 0.01
State        L           0           R      
1       100.0000    100.0000    100.0000    
2       50.0000     0.0867      1.1840      
3       16.5406     0.4407      0.6758      
4       1.3407      5.6804      4.9999      
5       4.7532      2.5985      20.0000     
6       40.0000     40.0000     40.0000     

Iteration number: 0.01
State        L           0           R      
1       100.0000    100.0000    100.0000    
2       50.0000     0.0867      1.1840      
3       16.5406     0.4407      0.6758      
4       1.3407      5.6804      9.5000      
5       4.7532      2.5985      20.0000     
6       40.0000     40.0000     40.0000     

Iteration number: 0.01
State        L           0           R      
1       100.0000    100.0000    100.0000    
2       50.0000     0.0867      1.1840      
3       16.5406     0.4407      0.6758      
4       1.3407      5.6804      9.5000      
5       4.7532      2.5985      20.0000     
6       40.0000     40.0000     40.0000     

Iteration number: 0.01
State        L           0           R      
1       100.0000    100.0000    100.0000    
2       50.0000     2.1180      5.7434      
3       24.1541     11.2941     0.6758      
4       1.3407      5.6804      9.5000      
5       4.7532      2.5985      20.0000     
6       40.0000     40.0000     40.0000     

Iteration number: 0.01
State        L           0           R      
1       100.0000    100.0000    100.0000    
2       50.0000     2.1180      5.7434      
3       24.9154     11.2941     0.6758      
4       1.3407      5.6804      9.5000      
5       4.7532      2.5985      20.0000     
6       40.0000     40.0000     40.0000     

Iteration number: 0.01
State        L           0           R      
1       100.0000    100.0000    100.0000    
2       50.0000     2.1180      5.7434      
3       24.9154     11.2941     0.6758      
4       1.3407      5.6804      9.5000      
5       4.7532      2.5985      20.0000     
6       40.0000     40.0000     40.0000     

Iteration number: 0.01
State        L           0           R      
1       100.0000    100.0000    100.0000    
2       50.0000     2.1180      5.7434      
3       24.9154     11.2941     0.6758      
4       1.3407      5.6804      9.5000      
5       4.7532      9.2598      20.0000     
6       40.0000     40.0000     40.0000     

Iteration number: 0.01
State        L           0           R      
1       100.0000    100.0000    100.0000    
2       50.0000     2.1180      1.0797      
3       8.3061      1.3070      2.8801      
4       5.7604      6.1930      9.5000      
5       4.7532      9.2598      20.0000     
6       40.0000     40.0000     40.0000     

Iteration number: 0.01
State        L           0           R      
1       100.0000    100.0000    100.0000    
2       50.0000     2.1180      1.0797      
3       8.3061      1.3070      2.8801      
4       5.7604      6.1930      9.5000      
5       4.7532      9.2598      20.0000     
6       40.0000     40.0000     40.0000     

Iteration number: 0.01
State        L           0           R      
1       100.0000    100.0000    100.0000    
2       50.0000     2.1180      1.0797      
3       8.3061      1.3070      2.8801      
4       5.7604      6.1930      9.5000      
5       4.7532      9.2598      20.0000     
6       40.0000     40.0000     40.0000     

Iteration number: 0.01
State        L           0           R      
1       100.0000    100.0000    100.0000    
2       50.0000     11.6376     3.2720      
3       7.8619      1.5370      2.8801      
4       5.7604      6.1930      9.5000      
5       4.7532      9.2598      20.0000     
6       40.0000     40.0000     40.0000     

Iteration number: 0.01
State        L           0           R      
1       100.0000    100.0000    100.0000    
2       50.0000     11.6376     3.2720      
3       23.2862     1.5370      2.8801      
4       11.8260     6.1930      9.5000      
5       4.7532      9.2598      20.0000     
6       40.0000     40.0000     40.0000     

Iteration number: 0.01
State        L           0           R      
1       100.0000    100.0000    100.0000    
2       50.0000     11.6376     3.2720      
3       24.8286     1.5370      2.8801      
4       12.4326     6.1930      9.5000      
5       4.7532      9.2598      20.0000     
6       40.0000     40.0000     40.0000     

Iteration number: 0.01
State        L           0           R      
1       100.0000    100.0000    100.0000    
2       50.0000     11.6376     3.2720      
3       24.8286     1.5370      2.8801      
4       12.4326     6.1930      9.5000      
5       4.7532      9.2598      20.0000     
6       40.0000     40.0000     40.0000     

Iteration number: 0.01
State        L           0           R      
1       100.0000    100.0000    100.0000    
2       50.0000     11.6376     3.2720      
3       24.8286     1.5370      2.8801      
4       12.4326     6.1930      9.9500      
5       4.9753      9.2598      20.0000     
6       40.0000     40.0000     40.0000     

Iteration number: 0.01
State        L           0           R      
1       100.0000    100.0000    100.0000    
2       50.0000     11.6376     3.2720      
3       24.8286     1.5370      2.8801      
4       12.4326     6.1930      9.9500      
5       4.9753      9.2598      20.0000     
6       40.0000     40.0000     40.0000     

Iteration number: 0.01
State        L           0           R      
1       100.0000    100.0000    100.0000    
2       50.0000     23.6638     3.2720      
3       24.8286     1.5370      2.8801      
4       12.4326     6.1930      9.9500      
5       4.9753      9.2598      20.0000     
6       40.0000     40.0000     40.0000     

Iteration number: 0.01
State        L           0           R      
1       100.0000    100.0000    100.0000    
2       50.0000     23.6638     3.2720      
3       24.8286     1.5370      2.8801      
4       12.4326     6.1930      9.9500      
5       4.9753      9.2598      20.0000     
6       40.0000     40.0000     40.0000     

Iteration number: 0.01
State        L           0           R      
1       100.0000    100.0000    100.0000    
2       50.0000     23.6638     3.2720      
3       24.8286     1.5370      2.8801      
4       12.4326     6.1930      9.9500      
5       4.9753      9.2598      20.0000     
6       40.0000     40.0000     40.0000     

Iteration number: 0.01
State        L           0           R      
1       100.0000    100.0000    100.0000    
2       50.0000     23.6638     3.2720      
3       24.8286     1.5370      2.8801      
4       12.4326     6.1930      9.9500      
5       4.9753      9.2598      20.0000     
6       40.0000     40.0000     40.0000     

Iteration number: 0.01
State        L           0           R      
1       100.0000    100.0000    100.0000    
2       50.0000     24.8664     3.2720      
3       13.7329     1.2015      0.5244      
4       1.9523      1.0918      9.9500      
5       4.9753      9.2598      20.0000     
6       40.0000     40.0000     40.0000     

Iteration number: 0.01
State        L           0           R      
1       100.0000    100.0000    100.0000    
2       50.0000     24.8664     3.2720      
3       23.8733     1.2015      0.5244      
4       11.4452     1.0918      9.9500      
5       4.9753      9.2598      20.0000     
6       40.0000     40.0000     40.0000     

Iteration number: 0.01
State        L           0           R      
1       100.0000    100.0000    100.0000    
2       50.0000     24.8664     3.2720      
3       24.8873     1.2015      0.5244      
4       12.3945     1.0918      9.9500      
5       4.9753      9.2598      20.0000     
6       40.0000     40.0000     40.0000     

Iteration number: 0.01
State        L           0           R      
1       100.0000    100.0000    100.0000    
2       50.0000     24.8664     3.2720      
3       24.8873     1.2015      0.5244      
4       12.3945     1.0918      9.9500      
5       4.9753      9.2598      20.0000     
6       40.0000     40.0000     40.0000     

Iteration number: 0.01
State        L           0           R      
1       100.0000    100.0000    100.0000    
2       50.0000     24.8664     3.2720      
3       24.8873     1.2015      0.5244      
4       12.3945     1.0918      9.9500      
5       4.9753      9.2598      20.0000     
6       40.0000     40.0000     40.0000     

Iteration number: 0.01
State        L           0           R      
1       100.0000    100.0000    100.0000    
2       50.0000     8.1116      11.5772     
3       15.1450     1.5264      0.5244      
4       12.3945     1.0918      9.9500      
5       4.9753      9.2598      20.0000     
6       40.0000     40.0000     40.0000     

Iteration number: 0.01
State        L           0           R      
1       100.0000    100.0000    100.0000    
2       50.0000     8.1116      11.5772     
3       15.1450     1.5264      0.5244      
4       12.3945     1.0918      9.9500      
5       4.9753      9.2598      20.0000     
6       40.0000     40.0000     40.0000     

Iteration number: 0.01
State        L           0           R      
1       100.0000    100.0000    100.0000    
2       50.0000     8.1116      11.5772     
3       15.1450     1.5264      0.5244      
4       12.3945     1.0918      9.9500      
5       4.9753      9.2598      20.0000     
6       40.0000     40.0000     40.0000     

Iteration number: 0.01
State        L           0           R      
1       100.0000    100.0000    100.0000    
2       50.0000     8.1116      11.5772     
3       24.0145     0.5042      0.7556      
4       12.4895     1.5154      3.8075      
5       6.1225      9.2598      20.0000     
6       40.0000     40.0000     40.0000     

Iteration number: 0.01
State        L           0           R      
1       100.0000    100.0000    100.0000    
2       50.0000     8.1116      11.5772     
3       24.0145     0.5042      0.7556      
4       12.4895     1.5154      3.8075      
5       6.1225      9.2598      20.0000     
6       40.0000     40.0000     40.0000     

Iteration number: 0.01
State        L           0           R      
1       100.0000    100.0000    100.0000    
2       50.0000     0.8114      1.7559      
3       6.4005      2.3019      0.0756      
4       1.2490      0.1515      3.8075      
5       6.1225      9.2598      20.0000     
6       40.0000     40.0000     40.0000     

Iteration number: 0.01
State        L           0           R      
1       100.0000    100.0000    100.0000    
2       50.0000     0.8114      1.7559      
3       6.4005      2.3019      0.0756      
4       1.2490      0.1515      3.8075      
5       6.1225      9.2598      20.0000     
6       40.0000     40.0000     40.0000     

Iteration number: 0.01
State        L           0           R      
1       100.0000    100.0000    100.0000    
2       50.0000     0.8114      1.7559      
3       6.4005      2.3019      0.0756      
4       1.2490      0.1515      3.8075      
5       6.1225      9.2598      20.0000     
6       40.0000     40.0000     40.0000     

Iteration number: 0.01
State        L           0           R      
1       100.0000    100.0000    100.0000    
2       50.0000     0.8114      1.7559      
3       6.4005      2.3019      0.0756      
4       1.2490      0.1515      3.8075      
5       6.1225      9.2598      20.0000     
6       40.0000     40.0000     40.0000     

Iteration number: 0.01
State        L           0           R      
1       100.0000    100.0000    100.0000    
2       50.0000     0.8114      1.7559      
3       6.4005      2.3019      0.0756      
4       1.2490      0.1515      9.3807      
5       6.1225      9.2598      20.0000     
6       40.0000     40.0000     40.0000     

Iteration number: 0.01
State        L           0           R      
1       100.0000    100.0000    100.0000    
2       50.0000     0.8114      1.7559      
3       6.4005      2.3019      0.0756      
4       1.2490      0.1515      9.3807      
5       6.1225      9.2598      20.0000     
6       40.0000     40.0000     40.0000     

Iteration number: 0.01
State        L           0           R      
1       100.0000    100.0000    100.0000    
2       50.0000     0.8114      1.7559      
3       6.4005      2.3019      0.0756      
4       1.2490      0.1515      9.3807      
5       6.1225      9.2598      20.0000     
6       40.0000     40.0000     40.0000     

Iteration number: 0.01
State        L           0           R      
1       100.0000    100.0000    100.0000    
2       50.0000     0.8114      1.7559      
3       6.4005      2.3019      0.0756      
4       1.2490      0.1515      9.3807      
5       6.1225      9.2598      20.0000     
6       40.0000     40.0000     40.0000     

Iteration number: 0.01
State        L           0           R      
1       100.0000    100.0000    100.0000    
2       50.0000     22.5811     5.8006      
3       7.6713      2.3019      0.0756      
4       1.5312      0.1515      9.3807      
5       6.1225      9.2598      20.0000     
6       40.0000     40.0000     40.0000     

Iteration number: 0.01
State        L           0           R      
1       100.0000    100.0000    100.0000    
2       50.0000     22.5811     5.8006      
3       7.6713      2.3019      0.0756      
4       1.5312      4.5152      9.9381      
5       2.8623      2.0510      20.0000     
6       40.0000     40.0000     40.0000     

Iteration number: 0.01
State        L           0           R      
1       100.0000    100.0000    100.0000    
2       50.0000     22.5811     5.8006      
3       7.6713      2.3019      0.0756      
4       1.5312      4.5152      9.9938      
5       2.8623      2.0510      20.0000     
6       40.0000     40.0000     40.0000     

Iteration number: 0.01
State        L           0           R      
1       100.0000    100.0000    100.0000    
2       50.0000     22.5811     5.8006      
3       7.6713      2.3019      0.0756      
4       1.5312      4.5152      9.9938      
5       2.8623      2.0510      20.0000     
6       40.0000     40.0000     40.0000     

Iteration number: 0.01
State        L           0           R      
1       100.0000    100.0000    100.0000    
2       50.0000     22.5811     5.8006      
3       7.6713      2.3019      0.0756      
4       1.5312      4.5152      9.9938      
5       2.8623      2.0510      20.0000     
6       40.0000     40.0000     40.0000     

Iteration number: 0.01
State        L           0           R      
1       100.0000    100.0000    100.0000    
2       50.0000     22.5811     5.8006      
3       7.6713      2.3019      0.0756      
4       1.5312      4.5152      9.9938      
5       2.8623      2.0510      20.0000     
6       40.0000     40.0000     40.0000     

Iteration number: 0.01
State        L           0           R      
1       100.0000    100.0000    100.0000    
2       50.0000     22.5811     0.6679      
3       0.8111      0.2318      0.1028      
4       0.1563      1.5767      2.6869      
5       0.8487      9.2051      20.0000     
6       40.0000     40.0000     40.0000     

Iteration number: 0.01
State        L           0           R      
1       100.0000    100.0000    100.0000    
2       50.0000     22.5811     0.6679      
3       0.8111      0.2318      0.1028      
4       0.1563      1.5767      2.6869      
5       0.8487      9.2051      20.0000     
6       40.0000     40.0000     40.0000     

Iteration number: 0.01
State        L           0           R      
1       100.0000    100.0000    100.0000    
2       50.0000     22.5811     5.6918      
3       22.5811     11.2732     0.1028      
4       0.1563      1.5767      2.6869      
5       0.8487      9.2051      20.0000     
6       40.0000     40.0000     40.0000     

Iteration number: 0.01
State        L           0           R      
1       100.0000    100.0000    100.0000    
2       50.0000     22.5811     5.6918      
3       24.7581     11.2732     0.1028      
4       0.1563      1.5767      2.6869      
5       0.8487      9.2051      20.0000     
6       40.0000     40.0000     40.0000     

Iteration number: 0.01
State        L           0           R      
1       100.0000    100.0000    100.0000    
2       50.0000     22.5811     5.6918      
3       24.9758     11.2732     0.1028      
4       11.2656     1.5767      2.6869      
5       0.8487      9.2051      20.0000     
6       40.0000     40.0000     40.0000     

Iteration number: 0.01
State        L           0           R      
1       100.0000    100.0000    100.0000    
2       50.0000     22.5811     5.6918      
3       24.9758     11.2732     0.1028      
4       11.2656     1.5767      2.6869      
5       0.8487      9.2051      20.0000     
6       40.0000     40.0000     40.0000     

Iteration number: 0.01
State        L           0           R      
1       100.0000    100.0000    100.0000    
2       50.0000     22.5811     5.6918      
3       24.9976     12.3773     0.5523      
4       3.2652      1.7397      2.6869      
5       0.8487      9.2051      20.0000     
6       40.0000     40.0000     40.0000     

Iteration number: 0.01
State        L           0           R      
1       100.0000    100.0000    100.0000    
2       50.0000     22.5811     5.6918      
3       24.9976     12.3773     0.5523      
4       3.2652      1.7397      2.6869      
5       0.8487      9.2051      20.0000     
6       40.0000     40.0000     40.0000     

Iteration number: 0.01
State        L           0           R      
1       100.0000    100.0000    100.0000    
2       50.0000     22.5811     5.6918      
3       24.9998     12.3773     0.5523      
4       11.5765     1.7397      2.6869      
5       0.8487      9.2051      20.0000     
6       40.0000     40.0000     40.0000     

Iteration number: 0.01
State        L           0           R      
1       100.0000    100.0000    100.0000    
2       50.0000     22.5811     5.6918      
3       25.0000     12.3773     0.5523      
4       12.4077     1.7397      2.6869      
5       5.7099      9.2051      20.0000     
6       40.0000     40.0000     40.0000     

Iteration number: 0.01
State        L           0           R      
1       100.0000    100.0000    100.0000    
2       50.0000     22.5811     5.6918      
3       25.0000     12.3773     0.5523      
4       12.4077     1.7397      2.6869      
5       5.7099      9.2051      20.0000     
6       40.0000     40.0000     40.0000     

Iteration number: 0.01
State        L           0           R      
1       100.0000    100.0000    100.0000    
2       50.0000     24.7581     5.6918      
3       13.7500     2.6440      2.8677      
4       4.4048      1.7397      0.4445      
5       0.9225      9.2051      20.0000     
6       40.0000     40.0000     40.0000     

Iteration number: 0.01
State        L           0           R      
1       100.0000    100.0000    100.0000    
2       50.0000     24.7581     5.6918      
3       23.8750     2.6440      2.8677      
4       4.4048      1.7397      0.4445      
5       0.9225      9.2051      20.0000     
6       40.0000     40.0000     40.0000     

Iteration number: 0.01
State        L           0           R      
1       100.0000    100.0000    100.0000    
2       50.0000     24.7581     5.6918      
3       23.8750     2.6440      2.8677      
4       4.4048      1.7397      0.4445      
5       0.9225      9.2051      20.0000     
6       40.0000     40.0000     40.0000     

Iteration number: 0.01
State        L           0           R      
1       100.0000    100.0000    100.0000    
2       50.0000     19.3508     3.3817      
3       8.0125      2.6440      2.8677      
4       4.4048      1.7397      0.4445      
5       0.9225      9.2051      20.0000     
6       40.0000     40.0000     40.0000     

Iteration number: 0.01
State        L           0           R      
1       100.0000    100.0000    100.0000    
2       50.0000     19.3508     3.3817      
3       8.0125      2.6440      2.8677      
4       4.4048      1.7397      0.4445      
5       0.9225      9.2051      20.0000     
6       40.0000     40.0000     40.0000     

Iteration number: 0.01
State        L           0           R      
1       100.0000    100.0000    100.0000    
2       50.0000     19.3508     3.3817      
3       8.0125      2.6440      2.8677      
4       4.4048      1.7397      0.4445      
5       0.9225      9.2051      20.0000     
6       40.0000     40.0000     40.0000     

Iteration number: 0.01
State        L           0           R      
1       100.0000    100.0000    100.0000    
2       50.0000     19.3508     3.3817      
3       8.0125      2.6440      2.8677      
4       4.4048      1.7397      0.4445      
5       0.9225      9.2051      20.0000     
6       40.0000     40.0000     40.0000     

Iteration number: 0.01
State        L           0           R      
1       100.0000    100.0000    100.0000    
2       50.0000     19.3508     3.3817      
3       8.0125      2.6440      2.8677      
4       4.4048      1.7397      0.4445      
5       0.9225      9.2051      20.0000     
6       40.0000     40.0000     40.0000     

Iteration number: 0.01
State        L           0           R      
1       100.0000    100.0000    100.0000    
2       50.0000     1.9439      0.3557      
3       0.8056      0.6518      0.9373      
4       0.6166      4.6740      9.0444      
5       0.9225      9.2051      20.0000     
6       40.0000     40.0000     40.0000     

Iteration number: 0.01
State        L           0           R      
1       100.0000    100.0000    100.0000    
2       50.0000     1.9439      0.3557      
3       0.8056      0.6518      0.9373      
4       0.6166      4.6740      9.9044      
5       0.9225      9.2051      20.0000     
6       40.0000     40.0000     40.0000     

Iteration number: 0.01
State        L           0           R      
1       100.0000    100.0000    100.0000    
2       50.0000     1.9439      0.3557      
3       0.8056      0.6518      4.5937      
4       0.6166      4.6740      9.9904      
5       0.9225      9.2051      20.0000     
6       40.0000     40.0000     40.0000     

Iteration number: 0.01
State        L           0           R      
1       100.0000    100.0000    100.0000    
2       50.0000     1.9439      0.3557      
3       0.8056      0.6518      4.5937      
4       0.6166      4.6740      9.9904      
5       0.9225      9.2051      20.0000     
6       40.0000     40.0000     40.0000     

Iteration number: 0.01
State        L           0           R      
1       100.0000    100.0000    100.0000    
2       50.0000     1.9439      0.3557      
3       0.8056      0.6518      2.7094      
4       1.1867      4.9674      9.9990      
5       0.9225      9.2051      20.0000     
6       40.0000     40.0000     40.0000     

Iteration number: 0.01
State        L           0           R      
1       100.0000    100.0000    100.0000    
2       50.0000     1.9439      0.3557      
3       0.8056      0.6518      4.7709      
4       1.1867      4.9674      9.9999      
5       0.9225      9.2051      20.0000     
6       40.0000     40.0000     40.0000     

Iteration number: 0.01
State        L           0           R      
1       100.0000    100.0000    100.0000    
2       50.0000     1.9439      0.3557      
3       0.8056      0.6518      4.7709      
4       1.1867      4.9674      9.9999      
5       0.9225      9.2051      20.0000     
6       40.0000     40.0000     40.0000     

Iteration number: 0.01
State        L           0           R      
1       100.0000    100.0000    100.0000    
2       50.0000     1.9439      0.3557      
3       0.8056      0.6518      0.7583      
4       1.1867      1.0592      6.0625      
5       4.5923      3.1705      20.0000     
6       40.0000     40.0000     40.0000     

Iteration number: 0.01
State        L           0           R      
1       100.0000    100.0000    100.0000    
2       50.0000     1.9439      0.3557      
3       0.8056      0.6518      0.7583      
4       1.1867      1.0592      6.0625      
5       4.5923      3.1705      20.0000     
6       40.0000     40.0000     40.0000     

Iteration number: 0.01
State        L           0           R      
1       100.0000    100.0000    100.0000    
2       50.0000     1.9439      0.3557      
3       0.8056      0.6518      0.7583      
4       1.1867      1.0592      6.0625      
5       4.5923      3.1705      20.0000     
6       40.0000     40.0000     40.0000     

Iteration number: 0.01
State        L           0           R      
1       100.0000    100.0000    100.0000    
2       50.0000     1.9439      0.3557      
3       0.8056      0.6518      0.7583      
4       1.1867      1.0592      9.6062      
5       4.9592      3.1705      20.0000     
6       40.0000     40.0000     40.0000     

Iteration number: 0.01
State        L           0           R      
1       100.0000    100.0000    100.0000    
2       50.0000     1.9439      0.3557      
3       0.8056      0.6518      0.7583      
4       1.1867      1.0592      9.6062      
5       4.9592      3.1705      20.0000     
6       40.0000     40.0000     40.0000     

Iteration number: 0.01
State        L           0           R      
1       100.0000    100.0000    100.0000    
2       50.0000     1.9439      0.3557      
3       0.8056      0.6518      0.7583      
4       1.1867      1.0592      9.6062      
5       4.9592      3.1705      20.0000     
6       40.0000     40.0000     40.0000     

Iteration number: 0.01
State        L           0           R      
1       100.0000    100.0000    100.0000    
2       50.0000     1.9439      0.3557      
3       0.8056      0.6518      0.7583      
4       1.1867      1.0592      9.6062      
5       4.9592      3.1705      20.0000     
6       40.0000     40.0000     40.0000     

Iteration number: 0.01
State        L           0           R      
1       100.0000    100.0000    100.0000    
2       50.0000     1.9439      0.3557      
3       0.8056      0.6518      0.7583      
4       1.1867      1.0592      9.6062      
5       4.9592      3.1705      20.0000     
6       40.0000     40.0000     40.0000     

Iteration number: 0.01
State        L           0           R      
1       100.0000    100.0000    100.0000    
2       50.0000     22.6944     5.6606      
3       11.3306     0.6518      0.7583      
4       1.1867      1.0592      9.6062      
5       4.9592      3.1705      20.0000     
6       40.0000     40.0000     40.0000     

Iteration number: 0.01
State        L           0           R      
1       100.0000    100.0000    100.0000    
2       50.0000     22.6944     5.6606      
3       11.3306     0.6518      0.7583      
4       1.1867      1.0592      9.6062      
5       4.9592      3.1705      20.0000     
6       40.0000     40.0000     40.0000     

Iteration number: 0.01
State        L           0           R      
1       100.0000    100.0000    100.0000    
2       50.0000     22.6944     1.1286      
3       1.4143      0.6518      0.6559      
4       0.2593      2.3794      9.9606      
5       4.9592      3.1705      20.0000     
6       40.0000     40.0000     40.0000     

Iteration number: 0.01
State        L           0           R      
1       100.0000    100.0000    100.0000    
2       50.0000     22.6944     1.1286      
3       1.4143      0.6518      0.6559      
4       0.2593      2.3794      9.9606      
5       4.9592      3.1705      20.0000     
6       40.0000     40.0000     40.0000     

Iteration number: 0.01
State        L           0           R      
1       100.0000    100.0000    100.0000    
2       50.0000     22.6944     5.7379      
3       12.7977     11.3152     0.6559      
4       1.4322      2.3794      9.9606      
5       4.9592      3.1705      20.0000     
6       40.0000     40.0000     40.0000     

Iteration number: 0.01
State        L           0           R      
1       100.0000    100.0000    100.0000    
2       50.0000     22.6944     5.7379      
3       12.7977     11.3152     0.6559      
4       1.4322      2.3794      9.9606      
5       4.9592      3.1705      20.0000     
6       40.0000     40.0000     40.0000     

Iteration number: 0.01
State        L           0           R      
1       100.0000    100.0000    100.0000    
2       50.0000     22.6944     5.7379      
3       23.7798     7.6940      0.6559      
4       1.5495      2.3794      9.9606      
5       1.1990      3.1705      20.0000     
6       40.0000     40.0000     40.0000     

Iteration number: 0.01
State        L           0           R      
1       100.0000    100.0000    100.0000    
2       50.0000     22.6944     5.7379      
3       24.8780     7.6940      0.6559      
4       11.4049     2.3794      9.9606      
5       1.1990      3.1705      20.0000     
6       40.0000     40.0000     40.0000     

Iteration number: 0.01
State        L           0           R      
1       100.0000    100.0000    100.0000    
2       50.0000     22.6944     5.7379      
3       24.9878     7.6940      0.6559      
4       12.3905     2.3794      9.9606      
5       5.7449      3.1705      20.0000     
6       40.0000     40.0000     40.0000     

Iteration number: 0.01
State        L           0           R      
1       100.0000    100.0000    100.0000    
2       50.0000     22.6944     5.7379      
3       24.9878     7.6940      0.6559      
4       12.3905     2.3794      9.9606      
5       5.7449      3.1705      20.0000     
6       40.0000     40.0000     40.0000     

Iteration number: 0.01
State        L           0           R      
1       100.0000    100.0000    100.0000    
2       50.0000     22.6944     5.7379      
3       24.9878     7.6940      0.6559      
4       12.3905     2.3794      9.9961      
5       5.7449      3.1705      20.0000     
6       40.0000     40.0000     40.0000     

Iteration number: 0.01
State        L           0           R      
1       100.0000    100.0000    100.0000    
2       50.0000     22.6944     5.7379      
3       24.9878     7.6940      0.6559      
4       12.3905     2.3794      9.9961      
5       5.7449      3.1705      20.0000     
6       40.0000     40.0000     40.0000     

Iteration number: 0.01
State        L           0           R      
1       100.0000    100.0000    100.0000    
2       50.0000     22.6944     5.7379      
3       24.9878     7.6940      2.8781      
4       3.4890      2.3794      9.9996      
5       5.7449      3.1705      20.0000     
6       40.0000     40.0000     40.0000     

Iteration number: 0.01
State        L           0           R      
1       100.0000    100.0000    100.0000    
2       50.0000     22.6944     5.7379      
3       24.9878     7.6940      2.8781      
4       3.4890      2.3794      9.9996      
5       5.7449      3.1705      20.0000     
6       40.0000     40.0000     40.0000     

Iteration number: 0.01
State        L           0           R      
1       100.0000    100.0000    100.0000    
2       50.0000     22.6944     5.7379      
3       24.9988     7.6940      0.3318      
4       5.9849      0.2727      1.4394      
5       3.5628      2.4264      20.0000     
6       40.0000     40.0000     40.0000     

Iteration number: 0.01
State        L           0           R      
1       100.0000    100.0000    100.0000    
2       50.0000     22.6944     5.7379      
3       24.9999     7.6940      0.3318      
4       11.8485     0.2727      1.4394      
5       5.9813      2.4264      20.0000     
6       40.0000     40.0000     40.0000     

Iteration number: 0.01
State        L           0           R      
1       100.0000    100.0000    100.0000    
2       50.0000     22.6944     5.7379      
3       24.9999     7.6940      0.3318      
4       11.8485     0.2727      1.4394      
5       5.9813      2.4264      20.0000     
6       40.0000     40.0000     40.0000     

Iteration number: 0.01
State        L           0           R      
1       100.0000    100.0000    100.0000    
2       50.0000     22.6944     5.7379      
3       24.9999     7.6940      0.3318      
4       11.8485     0.2727      1.4394      
5       5.9813      2.4264      20.0000     
6       40.0000     40.0000     40.0000     

Iteration number: 0.01
State        L           0           R      
1       100.0000    100.0000    100.0000    
2       50.0000     15.3944     5.7379      
3       24.9999     7.6940      0.3318      
4       11.8485     0.2727      1.4394      
5       5.9813      2.4264      20.0000     
6       40.0000     40.0000     40.0000     

Iteration number: 0.01
State        L           0           R      
1       100.0000    100.0000    100.0000    
2       50.0000     15.3944     5.7379      
3       25.0000     7.6940      0.3318      
4       12.4348     4.2460      1.4394      
5       5.9813      2.4264      20.0000     
6       40.0000     40.0000     40.0000     

Iteration number: 0.01
State        L           0           R      
1       100.0000    100.0000    100.0000    
2       50.0000     15.3944     5.7379      
3       25.0000     7.6940      0.3318      
4       12.4935     4.2460      1.4394      
5       5.9813      2.4264      20.0000     
6       40.0000     40.0000     40.0000     

Iteration number: 0.01
State        L           0           R      
1       100.0000    100.0000    100.0000    
2       50.0000     15.3944     5.7379      
3       25.0000     7.6940      0.3318      
4       12.4935     4.2460      1.4394      
5       5.9813      2.4264      20.0000     
6       40.0000     40.0000     40.0000     

Iteration number: 0.01
State        L           0           R      
1       100.0000    100.0000    100.0000    
2       50.0000     15.3944     5.7379      
3       25.0000     7.6940      0.3318      
4       12.4935     4.2460      1.4394      
5       5.9813      2.4264      20.0000     
6       40.0000     40.0000     40.0000     

Iteration number: 0.01
State        L           0           R      
1       100.0000    100.0000    100.0000    
2       50.0000     15.3944     5.7379      
3       25.0000     7.6940      0.3318      
4       12.4935     4.2460      1.4394      
5       5.9813      2.4264      20.0000     
6       40.0000     40.0000     40.0000     

Iteration number: 0.01
State        L           0           R      
1       100.0000    100.0000    100.0000    
2       50.0000     15.3944     5.7379      
3       25.0000     7.6940      0.3318      
4       12.4935     4.2460      1.4394      
5       5.9813      9.2426      20.0000     
6       40.0000     40.0000     40.0000     

Iteration number: 0.01
State        L           0           R      
1       100.0000    100.0000    100.0000    
2       50.0000     15.3944     1.6988      
3       25.0000     3.0194      4.5332      
4       12.4935     4.2460      9.1439      
5       5.9813      9.2426      20.0000     
6       40.0000     40.0000     40.0000     

Iteration number: 0.01
State        L           0           R      
1       100.0000    100.0000    100.0000    
2       50.0000     15.3944     1.6988      
3       25.0000     3.0194      4.5332      
4       12.4935     4.2460      9.1439      
5       5.9813      9.2426      20.0000     
6       40.0000     40.0000     40.0000     

Iteration number: 0.01
State        L           0           R      
1       100.0000    100.0000    100.0000    
2       50.0000     15.3944     1.6988      
3       25.0000     3.0194      4.5332      
4       12.4935     4.2460      9.1439      
5       5.9813      9.2426      20.0000     
6       40.0000     40.0000     40.0000     

Iteration number: 0.01
State        L           0           R      
1       100.0000    100.0000    100.0000    
2       50.0000     2.9457      7.2011      
3       12.1094     0.6535      4.5332      
4       12.4935     4.2460      9.1439      
5       5.9813      9.2426      20.0000     
6       40.0000     40.0000     40.0000     

Iteration number: 0.01
State        L           0           R      
1       100.0000    100.0000    100.0000    
2       50.0000     2.9457      7.2011      
3       23.7109     0.6535      4.5332      
4       12.4993     4.2460      9.1439      
5       5.9813      9.2426      20.0000     
6       40.0000     40.0000     40.0000     

Iteration number: 0.01
State        L           0           R      
1       100.0000    100.0000    100.0000    
2       50.0000     2.9457      7.2011      
3       24.8711     0.6535      4.5332      
4       12.4999     4.2460      9.1439      
5       5.9813      9.2426      20.0000     
6       40.0000     40.0000     40.0000     

Iteration number: 0.01
State        L           0           R      
1       100.0000    100.0000    100.0000    
2       50.0000     2.9457      7.2011      
3       24.9871     0.6535      4.5332      
4       12.4999     4.2460      9.1439      
5       5.9813      9.2426      20.0000     
6       40.0000     40.0000     40.0000     

Iteration number: 0.01
State        L           0           R      
1       100.0000    100.0000    100.0000    
2       50.0000     2.9457      7.2011      
3       24.9987     0.6535      4.5332      
4       12.4999     4.2460      9.1439      
5       5.9813      9.2426      20.0000     
6       40.0000     40.0000     40.0000     

Iteration number: 0.01
State        L           0           R      
1       100.0000    100.0000    100.0000    
2       50.0000     2.9457      7.2011      
3       24.9987     0.6535      4.5332      
4       12.4999     4.2460      9.1439      
5       5.9813      9.2426      20.0000     
6       40.0000     40.0000     40.0000     

Iteration number: 0.01
State        L           0           R      
1       100.0000    100.0000    100.0000    
2       50.0000     2.9457      7.2011      
3       24.9987     0.6535      4.5332      
4       12.4999     4.2460      9.1439      
5       5.9813      9.2426      20.0000     
6       40.0000     40.0000     40.0000     

Iteration number: 0.01
State        L           0           R      
1       100.0000    100.0000    100.0000    
2       50.0000     22.7946     7.2011      
3       13.7499     5.6904      4.5332      
4       4.0625      4.2460      9.1439      
5       5.9813      9.2426      20.0000     
6       40.0000     40.0000     40.0000     

Iteration number: 0.01
State        L           0           R      
1       100.0000    100.0000    100.0000    
2       50.0000     22.7946     7.2011      
3       13.7499     5.6904      4.5332      
4       4.0625      4.2460      9.1439      
5       5.9813      9.2426      20.0000     
6       40.0000     40.0000     40.0000     

Iteration number: 0.01
State        L           0           R      
1       100.0000    100.0000    100.0000    
2       50.0000     22.7946     7.2011      
3       13.7499     5.6904      4.5332      
4       4.0625      4.2460      9.1439      
5       5.9813      9.2426      20.0000     
6       40.0000     40.0000     40.0000     

Iteration number: 0.01
State        L           0           R      
1       100.0000    100.0000    100.0000    
2       50.0000     22.7946     7.2011      
3       13.7499     5.6904      4.5332      
4       4.0625      4.2460      9.1439      
5       5.9813      9.2426      20.0000     
6       40.0000     40.0000     40.0000     

Iteration number: 0.01
State        L           0           R      
1       100.0000    100.0000    100.0000    
2       50.0000     22.7946     7.2011      
3       13.7499     5.6904      4.5332      
4       4.0625      4.2460      9.1439      
5       5.9813      9.2426      20.0000     
6       40.0000     40.0000     40.0000     

Iteration number: 0.01
State        L           0           R      
1       100.0000    100.0000    100.0000    
2       50.0000     22.7946     7.2011      
3       13.7499     5.6904      4.5332      
4       4.0625      4.2460      9.1439      
5       5.9813      9.2426      20.0000     
6       40.0000     40.0000     40.0000     

Iteration number: 0.01
State        L           0           R      
1       100.0000    100.0000    100.0000    
2       50.0000     22.7946     7.2011      
3       13.7499     5.6904      4.5332      
4       4.0625      4.2460      9.1439      
5       5.9813      9.2426      20.0000     
6       40.0000     40.0000     40.0000     

Iteration number: 0.01
State        L           0           R      
1       100.0000    100.0000    100.0000    
2       50.0000     24.7795     7.2011      
3       12.6250     5.6904      4.5332      
4       4.0625      4.2460      9.1439      
5       5.9813      9.2426      20.0000     
6       40.0000     40.0000     40.0000     

Iteration number: 0.01
State        L           0           R      
1       100.0000    100.0000    100.0000    
2       50.0000     24.7795     7.2011      
3       12.6250     5.6904      4.5332      
4       4.0625      4.2460      9.1439      
5       5.9813      9.2426      20.0000     
6       40.0000     40.0000     40.0000     

Iteration number: 0.01
State        L           0           R      
1       100.0000    100.0000    100.0000    
2       50.0000     24.7795     7.2011      
3       12.6250     5.6904      4.5332      
4       4.0625      4.2460      9.1439      
5       5.9813      9.2426      20.0000     
6       40.0000     40.0000     40.0000     

Iteration number: 0.01
State        L           0           R      
1       100.0000    100.0000    100.0000    
2       50.0000     24.7795     7.2011      
3       12.6250     5.6904      4.5332      
4       4.0625      4.2460      9.1439      
5       5.9813      9.2426      20.0000     
6       40.0000     40.0000     40.0000     

Iteration number: 0.01
State        L           0           R      
1       100.0000    100.0000    100.0000    
2       50.0000     24.7795     7.2011      
3       12.6250     5.6904      4.5332      
4       4.0625      4.2460      9.1439      
5       5.9813      9.2426      20.0000     
6       40.0000     40.0000     40.0000     

Iteration number: 0.01
State        L           0           R      
1       100.0000    100.0000    100.0000    
2       50.0000     24.7795     0.7553      
3       12.6250     5.6904      0.5236      
4       4.0625      0.5652      4.7581      
5       3.4106      1.4868      20.0000     
6       40.0000     40.0000     40.0000     

Iteration number: 0.01
State        L           0           R      
1       100.0000    100.0000    100.0000    
2       50.0000     2.6186      0.7787      
3       1.8250      2.8190      4.5524      
4       4.0625      0.5652      9.4758      
5       3.4106      1.4868      20.0000     
6       40.0000     40.0000     40.0000     

Iteration number: 0.01
State        L           0           R      
1       100.0000    100.0000    100.0000    
2       50.0000     2.6186      0.7787      
3       1.8250      2.8190      4.5524      
4       4.0625      0.5652      9.4758      
5       3.4106      1.4868      20.0000     
6       40.0000     40.0000     40.0000     

Iteration number: 0.01
State        L           0           R      
1       100.0000    100.0000    100.0000    
2       50.0000     2.6186      0.7787      
3       1.8250      2.8190      4.5524      
4       4.0625      0.5652      9.4758      
5       3.4106      1.4868      20.0000     
6       40.0000     40.0000     40.0000     

Iteration number: 0.01
State        L           0           R      
1       100.0000    100.0000    100.0000    
2       50.0000     2.6186      0.7787      
3       1.8250      2.8190      4.5524      
4       4.0625      0.5652      9.4758      
5       3.4106      1.4868      20.0000     
6       40.0000     40.0000     40.0000     

Iteration number: 0.01
State        L           0           R      
1       100.0000    100.0000    100.0000    
2       50.0000     2.6186      0.7787      
3       1.8250      2.8190      4.5524      
4       4.0625      0.5652      9.4758      
5       3.4106      1.4868      20.0000     
6       40.0000     40.0000     40.0000     

Iteration number: 0.01
State        L           0           R      
1       100.0000    100.0000    100.0000    
2       50.0000     2.6186      0.7787      
3       1.8250      2.8190      4.5524      
4       4.0625      0.5652      9.4758      
5       3.4106      1.4868      20.0000     
6       40.0000     40.0000     40.0000     

Iteration number: 0.01
State        L           0           R      
1       100.0000    100.0000    100.0000    
2       50.0000     2.6186      0.7787      
3       1.8250      2.8190      4.5524      
4       4.0625      0.5652      9.4758      
5       3.4106      1.4868      20.0000     
6       40.0000     40.0000     40.0000     

Iteration number: 0.01
State        L           0           R      
1       100.0000    100.0000    100.0000    
2       50.0000     2.6186      0.7787      
3       1.8250      2.8190      4.5524      
4       4.0625      0.5652      9.4758      
5       3.4106      9.1487      20.0000     
6       40.0000     40.0000     40.0000     

Iteration number: 0.01
State        L           0           R      
1       100.0000    100.0000    100.0000    
2       50.0000     2.6186      0.7787      
3       1.8250      2.8190      4.5524      
4       4.0625      0.5652      9.4758      
5       3.4106      9.1487      20.0000     
6       40.0000     40.0000     40.0000     

Iteration number: 0.01
State        L           0           R      
1       100.0000    100.0000    100.0000    
2       50.0000     2.6186      0.7787      
3       1.8250      2.8190      4.5524      
4       4.0625      0.5652      9.4758      
5       3.4106      9.1487      20.0000     
6       40.0000     40.0000     40.0000     

Iteration number: 0.01
State        L           0           R      
1       100.0000    100.0000    100.0000    
2       50.0000     2.6186      0.7787      
3       1.8250      2.8190      4.5524      
4       4.0625      0.5652      9.4758      
5       3.4106      9.1487      20.0000     
6       40.0000     40.0000     40.0000     

Iteration number: 0.01
State        L           0           R      
1       100.0000    100.0000    100.0000    
2       50.0000     0.3497      0.1712      
3       11.4545     0.4687      1.1584      
4       11.6562     0.5652      2.3538      
5       5.9661      3.7274      20.0000     
6       40.0000     40.0000     40.0000     

Iteration number: 0.01
State        L           0           R      
1       100.0000    100.0000    100.0000    
2       50.0000     0.3497      0.1712      
3       23.6454     0.4687      1.1584      
4       12.4156     0.5652      2.3538      
5       6.2216      3.7274      20.0000     
6       40.0000     40.0000     40.0000     

Iteration number: 0.01
State        L           0           R      
1       100.0000    100.0000    100.0000    
2       50.0000     0.3497      0.1712      
3       24.8645     0.4687      1.1584      
4       12.4916     0.5652      2.3538      
5       6.2472      3.7274      20.0000     
6       40.0000     40.0000     40.0000     

Iteration number: 0.01
State        L           0           R      
1       100.0000    100.0000    100.0000    
2       50.0000     0.3497      0.1712      
3       24.9865     0.4687      1.1584      
4       12.4992     0.5652      2.3538      
5       6.2497      3.7274      20.0000     
6       40.0000     40.0000     40.0000     

Iteration number: 0.01
State        L           0           R      
1       100.0000    100.0000    100.0000    
2       50.0000     0.3497      0.1712      
3       24.9865     0.4687      1.1584      
4       12.4992     0.5652      2.3538      
5       6.2497      3.7274      20.0000     
6       40.0000     40.0000     40.0000     

Iteration number: 0.01
State        L           0           R      
1       100.0000    100.0000    100.0000    
2       50.0000     8.7537      0.1712      
3       24.9865     0.4687      1.1584      
4       12.4992     0.5652      2.3538      
5       6.2497      3.7274      20.0000     
6       40.0000     40.0000     40.0000     

Iteration number: 0.01
State        L           0           R      
1       100.0000    100.0000    100.0000    
2       50.0000     8.7537      0.1712      
3       24.9986     0.4687      1.1584      
4       12.4999     3.2206      1.6416      
5       3.4375      3.7274      20.0000     
6       40.0000     40.0000     40.0000     

Iteration number: 0.01
State        L           0           R      
1       100.0000    100.0000    100.0000    
2       50.0000     8.7537      0.1712      
3       24.9986     0.4687      1.1584      
4       12.4999     3.2206      1.6416      
5       3.4375      3.7274      20.0000     
6       40.0000     40.0000     40.0000     

Iteration number: 0.01
State        L           0           R      
1       100.0000    100.0000    100.0000    
2       50.0000     8.7537      0.1712      
3       24.9986     0.4687      1.1584      
4       12.4999     3.2206      1.6416      
5       3.4375      3.7274      20.0000     
6       40.0000     40.0000     40.0000     

Iteration number: 0.01
State        L           0           R      
1       100.0000    100.0000    100.0000    
2       50.0000     8.7537      0.7312      
3       10.2379     0.1128      1.6100      
4       7.0508      5.9471      1.6416      
5       3.4375      3.7274      20.0000     
6       40.0000     40.0000     40.0000     

Iteration number: 0.01
State        L           0           R      
1       100.0000    100.0000    100.0000    
2       50.0000     8.7537      0.7312      
3       10.2379     0.1128      1.6100      
4       7.0508      5.9471      1.6416      
5       3.4375      3.7274      20.0000     
6       40.0000     40.0000     40.0000     

Iteration number: 0.01
State        L           0           R      
1       100.0000    100.0000    100.0000    
2       50.0000     23.3754     0.7312      
3       12.2738     5.6363      1.6100      
4       3.5176      5.9471      1.6416      
5       1.7500      3.7274      20.0000     
6       40.0000     40.0000     40.0000     

Iteration number: 0.01
State        L           0           R      
1       100.0000    100.0000    100.0000    
2       50.0000     23.3754     0.7312      
3       12.2738     5.6363      1.6100      
4       3.5176      5.9471      1.6416      
5       1.7500      3.7274      20.0000     
6       40.0000     40.0000     40.0000     

Iteration number: 0.01
State        L           0           R      
1       100.0000    100.0000    100.0000    
2       50.0000     23.3754     0.7312      
3       12.2738     5.6363      1.6100      
4       3.5176      5.9471      1.6416      
5       1.7500      3.7274      20.0000     
6       40.0000     40.0000     40.0000     

Iteration number: 0.01
State        L           0           R      
1       100.0000    100.0000    100.0000    
2       50.0000     23.3754     0.7312      
3       12.2738     5.6363      1.6100      
4       3.5176      5.9471      1.6416      
5       1.7500      3.7274      20.0000     
6       40.0000     40.0000     40.0000     

Iteration number: 0.01
State        L           0           R      
1       100.0000    100.0000    100.0000    
2       50.0000     23.3754     0.7312      
3       12.2738     5.6363      1.6100      
4       3.5176      5.9471      1.6416      
5       1.7500      3.7274      20.0000     
6       40.0000     40.0000     40.0000     

Iteration number: 0.01
State        L           0           R      
1       100.0000    100.0000    100.0000    
2       50.0000     23.3754     0.7312      
3       12.2738     5.6363      1.6100      
4       3.5176      5.9471      5.2267      
5       4.6750      2.6227      20.0000     
6       40.0000     40.0000     40.0000     

Iteration number: 0.01
State        L           0           R      
1       100.0000    100.0000    100.0000    
2       50.0000     23.3754     0.7312      
3       12.2738     5.6363      1.6100      
4       3.5176      5.9471      9.5227      
5       4.6750      2.6227      20.0000     
6       40.0000     40.0000     40.0000     

Iteration number: 0.01
State        L           0           R      
1       100.0000    100.0000    100.0000    
2       50.0000     23.3754     0.7312      
3       12.2738     5.6363      1.6100      
4       3.5176      5.9471      9.5227      
5       4.6750      2.6227      20.0000     
6       40.0000     40.0000     40.0000     

Iteration number: 0.01
State        L           0           R      
1       100.0000    100.0000    100.0000    
2       50.0000     23.3754     0.7312      
3       23.7274     5.6363      1.6100      
4       3.5176      5.9471      9.5227      
5       4.6750      2.6227      20.0000     
6       40.0000     40.0000     40.0000     

Iteration number: 0.01
State        L           0           R      
1       100.0000    100.0000    100.0000    
2       50.0000     23.3754     0.7312      
3       23.7274     5.6363      1.6100      
4       3.5176      5.9471      9.5227      
5       4.6750      2.6227      20.0000     
6       40.0000     40.0000     40.0000     

Iteration number: 0.01
State        L           0           R      
1       100.0000    100.0000    100.0000    
2       50.0000     24.8375     0.7312      
3       13.6227     5.6363      2.9735      
4       5.9768      5.9471      9.5227      
5       4.6750      2.6227      20.0000     
6       40.0000     40.0000     40.0000     

Iteration number: 0.01
State        L           0           R      
1       100.0000    100.0000    100.0000    
2       50.0000     24.8375     0.7312      
3       13.6227     5.6363      2.9735      
4       5.9768      5.9471      9.5227      
5       4.6750      2.6227      20.0000     
6       40.0000     40.0000     40.0000     

Iteration number: 0.01
State        L           0           R      
1       100.0000    100.0000    100.0000    
2       50.0000     24.9838     0.7312      
3       13.6227     5.6363      2.9735      
4       5.9768      5.9471      9.5227      
5       4.6750      2.6227      20.0000     
6       40.0000     40.0000     40.0000     

Iteration number: 0.01
State        L           0           R      
1       100.0000    100.0000    100.0000    
2       50.0000     24.9838     0.7312      
3       13.6227     5.6363      2.9735      
4       5.9768      5.9471      9.5227      
5       4.6750      2.6227      20.0000     
6       40.0000     40.0000     40.0000     

Iteration number: 0.01
State        L           0           R      
1       100.0000    100.0000    100.0000    
2       50.0000     24.9838     0.7312      
3       13.6227     5.6363      2.9735      
4       5.9768      5.9471      9.5227      
5       4.6750      2.6227      20.0000     
6       40.0000     40.0000     40.0000     

Iteration number: 0.01
State        L           0           R      
1       100.0000    100.0000    100.0000    
2       50.0000     24.9838     0.3544      
3       13.6227     5.6363      0.8598      
4       5.9768      5.9471      6.0148      
5       4.9675      2.5123      20.0000     
6       40.0000     40.0000     40.0000     

Iteration number: 0.01
State        L           0           R      
1       100.0000    100.0000    100.0000    
2       50.0000     24.9838     0.3544      
3       13.6227     5.6363      0.8598      
4       5.9768      5.9471      9.6015      
5       4.9675      2.5123      20.0000     
6       40.0000     40.0000     40.0000     

Iteration number: 0.01
State        L           0           R      
1       100.0000    100.0000    100.0000    
2       50.0000     24.9838     0.3544      
3       13.6227     5.6363      0.8598      
4       5.9768      5.9471      9.6015      
5       4.9675      2.5123      20.0000     
6       40.0000     40.0000     40.0000     

Iteration number: 0.01
State        L           0           R      
1       100.0000    100.0000    100.0000    
2       50.0000     24.9838     0.3544      
3       13.6227     5.6363      0.8598      
4       5.9768      5.9471      9.6015      
5       4.9675      2.5123      20.0000     
6       40.0000     40.0000     40.0000     

Iteration number: 0.01
State        L           0           R      
1       100.0000    100.0000    100.0000    
2       50.0000     3.6234      2.2854      
3       13.6227     5.6363      4.5860      
4       5.9768      5.9471      9.9601      
5       4.9675      2.5123      20.0000     
6       40.0000     40.0000     40.0000     

Iteration number: 0.01
State        L           0           R      
1       100.0000    100.0000    100.0000    
2       50.0000     3.6234      2.2854      
3       13.6227     5.6363      4.5860      
4       5.9768      5.9471      9.9601      
5       4.9675      2.5123      20.0000     
6       40.0000     40.0000     40.0000     

Iteration number: 0.01
State        L           0           R      
1       100.0000    100.0000    100.0000    
2       50.0000     0.4151      0.3692      
3       13.6227     0.8449      1.0211      
4       5.9768      5.9471      6.0585      
5       4.9967      2.5012      20.0000     
6       40.0000     40.0000     40.0000     

Iteration number: 0.01
State        L           0           R      
1       100.0000    100.0000    100.0000    
2       50.0000     22.5415     0.3692      
3       13.6227     0.8449      1.0211      
4       5.9768      5.9471      6.0585      
5       4.9967      2.5012      20.0000     
6       40.0000     40.0000     40.0000     

Iteration number: 0.01
State        L           0           R      
1       100.0000    100.0000    100.0000    
2       50.0000     22.5415     0.3692      
3       13.6227     0.8449      1.0211      
4       5.9768      2.2353      3.8051      
5       1.6598      1.3751      20.0000     
6       40.0000     40.0000     40.0000     

Iteration number: 0.01
State        L           0           R      
1       100.0000    100.0000    100.0000    
2       50.0000     24.7542     0.3692      
3       12.6123     0.8449      1.0211      
4       6.2227      2.2353      3.8051      
5       1.6598      1.3751      20.0000     
6       40.0000     40.0000     40.0000     

Iteration number: 0.01
State        L           0           R      
1       100.0000    100.0000    100.0000    
2       50.0000     24.7542     0.3692      
3       12.6123     0.8449      1.0211      
4       6.2227      2.2353      3.8051      
5       1.6598      1.3751      20.0000     
6       40.0000     40.0000     40.0000     

Iteration number: 0.01
State        L           0           R      
1       100.0000    100.0000    100.0000    
2       50.0000     24.7542     0.3692      
3       12.6123     0.8449      1.0211      
4       6.2227      2.2353      4.8805      
5       1.6598      9.1375      20.0000     
6       40.0000     40.0000     40.0000     

Iteration number: 0.01
State        L           0           R      
1       100.0000    100.0000    100.0000    
2       50.0000     24.9754     0.3692      
3       12.5112     0.8449      1.0211      
4       6.2227      2.2353      4.8805      
5       1.6598      9.1375      20.0000     
6       40.0000     40.0000     40.0000     

Iteration number: 0.01
State        L           0           R      
1       100.0000    100.0000    100.0000    
2       50.0000     24.9754     0.3692      
3       12.5112     0.8449      1.0211      
4       6.2227      2.2353      4.8805      
5       1.6598      9.1375      20.0000     
6       40.0000     40.0000     40.0000     

Iteration number: 0.01
State        L           0           R      
1       100.0000    100.0000    100.0000    
2       50.0000     24.9754     0.3692      
3       12.5112     0.8449      1.0211      
4       6.2227      2.2353      4.8805      
5       1.6598      9.1375      20.0000     
6       40.0000     40.0000     40.0000     

Iteration number: 0.01
State        L           0           R      
1       100.0000    100.0000    100.0000    
2       50.0000     24.9754     0.3692      
3       12.5112     0.8449      1.0211      
4       6.2227      2.2353      4.8805      
5       1.6598      9.1375      20.0000     
6       40.0000     40.0000     40.0000     

Iteration number: 0.01
State        L           0           R      
1       100.0000    100.0000    100.0000    
2       50.0000     24.9754     0.3692      
3       23.7511     0.8449      1.0211      
4       11.8723     2.2353      4.8805      
5       1.6598      9.1375      20.0000     
6       40.0000     40.0000     40.0000     

Iteration number: 0.01
State        L           0           R      
1       100.0000    100.0000    100.0000    
2       50.0000     24.9754     0.3692      
3       23.7511     0.8449      1.0211      
4       11.8723     2.2353      4.8805      
5       1.6598      9.1375      20.0000     
6       40.0000     40.0000     40.0000     

Iteration number: 0.01
State        L           0           R      
1       100.0000    100.0000    100.0000    
2       50.0000     24.9754     0.3692      
3       23.7511     0.8449      1.0211      
4       11.8723     2.2353      4.8805      
5       1.6598      9.1375      20.0000     
6       40.0000     40.0000     40.0000     

Iteration number: 0.01
State        L           0           R      
1       100.0000    100.0000    100.0000    
2       50.0000     24.9754     0.3692      
3       23.7511     0.6470      1.2271      
4       11.8723     2.2353      6.1131      
5       4.6660      9.1375      20.0000     
6       40.0000     40.0000     40.0000     

Iteration number: 0.01
State        L           0           R      
1       100.0000    100.0000    100.0000    
2       50.0000     24.9754     0.3692      
3       23.7511     0.6470      1.2271      
4       11.8723     2.2353      9.6113      
5       4.6660      9.1375      20.0000     
6       40.0000     40.0000     40.0000     

Iteration number: 0.01
State        L           0           R      
1       100.0000    100.0000    100.0000    
2       50.0000     24.9754     0.3692      
3       23.7511     0.6470      1.2271      
4       11.8723     2.2353      9.9611      
5       4.6660      9.1375      20.0000     
6       40.0000     40.0000     40.0000     

Iteration number: 0.01
State        L           0           R      
1       100.0000    100.0000    100.0000    
2       50.0000     24.9754     0.3692      
3       23.7511     0.6470      1.2271      
4       11.8723     2.2353      9.9611      
5       4.6660      9.1375      20.0000     
6       40.0000     40.0000     40.0000     

Iteration number: 0.01
State        L           0           R      
1       100.0000    100.0000    100.0000    
2       50.0000     24.9754     0.3692      
3       23.7511     1.7522      4.6227      
4       1.7497      0.5048      9.9961      
5       4.6660      9.1375      20.0000     
6       40.0000     40.0000     40.0000     

Iteration number: 0.01
State        L           0           R      
1       100.0000    100.0000    100.0000    
2       50.0000     24.9754     0.3692      
3       23.7511     1.7522      4.6227      
4       1.7497      0.5048      9.9961      
5       4.6660      9.1375      20.0000     
6       40.0000     40.0000     40.0000     

Iteration number: 0.01
State        L           0           R      
1       100.0000    100.0000    100.0000    
2       50.0000     24.9754     0.3692      
3       23.7511     1.7522      4.6227      
4       1.7497      0.5048      9.9961      
5       4.6660      9.1375      20.0000     
6       40.0000     40.0000     40.0000     

Iteration number: 0.01
State        L           0           R      
1       100.0000    100.0000    100.0000    
2       50.0000     12.4292     0.4324      
3       3.8693      1.5815      4.6227      
4       1.7497      0.5048      9.9961      
5       4.6660      9.1375      20.0000     
6       40.0000     40.0000     40.0000     

Iteration number: 0.01
State        L           0           R      
1       100.0000    100.0000    100.0000    
2       50.0000     12.4292     0.4324      
3       3.8693      1.5815      4.6227      
4       1.7497      0.5048      9.9961      
5       4.6660      9.1375      20.0000     
6       40.0000     40.0000     40.0000     

Iteration number: 0.01
State        L           0           R      
1       100.0000    100.0000    100.0000    
2       50.0000     12.4292     0.4324      
3       3.8693      0.4970      0.9423      
4       0.2632      4.5505      5.5084      
5       0.5018      9.1375      20.0000     
6       40.0000     40.0000     40.0000     

Iteration number: 0.01
State        L           0           R      
1       100.0000    100.0000    100.0000    
2       50.0000     12.4292     0.4324      
3       3.8693      0.4970      0.9423      
4       0.2632      4.5505      5.5084      
5       0.5018      9.1375      20.0000     
6       40.0000     40.0000     40.0000     

Iteration number: 0.01
State        L           0           R      
1       100.0000    100.0000    100.0000    
2       50.0000     12.4292     0.4324      
3       3.8693      0.4970      0.9423      
4       0.2632      4.5505      5.5084      
5       0.5018      9.1375      20.0000     
6       40.0000     40.0000     40.0000     

Iteration number: 0.01
State        L           0           R      
1       100.0000    100.0000    100.0000    
2       50.0000     12.4292     0.4324      
3       3.8693      0.4970      0.9423      
4       0.2632      4.5505      5.0508      
5       0.5018      9.9138      20.0000     
6       40.0000     40.0000     40.0000     

Iteration number: 0.01
State        L           0           R      
1       100.0000    100.0000    100.0000    
2       50.0000     12.4292     0.4324      
3       3.8693      0.4970      0.9423      
4       0.2632      4.5505      5.0508      
5       0.5018      9.9138      20.0000     
6       40.0000     40.0000     40.0000     

Iteration number: 0.01
State        L           0           R      
1       100.0000    100.0000    100.0000    
2       50.0000     12.4292     0.4324      
3       3.8693      0.4970      0.9423      
4       0.2632      4.5505      5.0508      
5       0.5018      9.9138      20.0000     
6       40.0000     40.0000     40.0000     

Iteration number: 0.01
State        L           0           R      
1       100.0000    100.0000    100.0000    
2       50.0000     12.4292     0.3245      
3       0.5276      0.6122      1.2192      
4       0.2632      4.5505      6.1301      
5       4.5502      9.9138      20.0000     
6       40.0000     40.0000     40.0000     

Iteration number: 0.01
State        L           0           R      
1       100.0000    100.0000    100.0000    
2       50.0000     12.4292     0.3245      
3       0.5276      0.6122      1.2192      
4       0.2632      4.5505      6.1301      
5       4.5502      9.9138      20.0000     
6       40.0000     40.0000     40.0000     

Iteration number: 0.01
State        L           0           R      
1       100.0000    100.0000    100.0000    
2       50.0000     12.4292     0.3245      
3       0.5276      0.6122      1.2192      
4       0.2632      4.5505      6.1301      
5       4.5502      9.9138      20.0000     
6       40.0000     40.0000     40.0000     

Iteration number: 0.01
State        L           0           R      
1       100.0000    100.0000    100.0000    
2       50.0000     12.4292     0.3245      
3       0.5276      0.6122      1.2192      
4       0.2632      4.5505      6.1301      
5       4.5502      9.9138      20.0000     
6       40.0000     40.0000     40.0000     

Iteration number: 0.01
State        L           0           R      
1       100.0000    100.0000    100.0000    
2       50.0000     12.4292     0.3245      
3       0.5276      0.6122      1.2192      
4       0.2632      4.5505      6.1301      
5       4.5502      9.9138      20.0000     
6       40.0000     40.0000     40.0000     

Iteration number: 0.01
State        L           0           R      
1       100.0000    100.0000    100.0000    
2       50.0000     23.7429     0.3245      
3       11.3028     0.6122      1.2192      
4       5.6513      3.2675      6.1301      
5       1.8613      1.6945      20.0000     
6       40.0000     40.0000     40.0000     

Iteration number: 0.01
State        L           0           R      
1       100.0000    100.0000    100.0000    
2       50.0000     23.7429     0.3245      
3       11.3028     0.6122      1.2192      
4       5.6513      3.2675      6.1301      
5       1.8613      1.6945      20.0000     
6       40.0000     40.0000     40.0000     

Iteration number: 0.01
State        L           0           R      
1       100.0000    100.0000    100.0000    
2       50.0000     23.7429     0.3245      
3       11.3028     0.6122      1.2192      
4       5.6513      2.9518      9.6130      
5       0.7486      0.4507      20.0000     
6       40.0000     40.0000     40.0000     

Iteration number: 0.01
State        L           0           R      
1       100.0000    100.0000    100.0000    
2       50.0000     23.7429     0.3245      
3       11.3028     0.6122      1.2192      
4       5.6513      2.9518      9.6130      
5       0.7486      0.4507      20.0000     
6       40.0000     40.0000     40.0000     

Iteration number: 0.01
State        L           0           R      
1       100.0000    100.0000    100.0000    
2       50.0000     23.7429     0.3245      
3       11.3028     0.6122      1.2192      
4       5.6513      2.9518      9.6130      
5       0.7486      0.4507      20.0000     
6       40.0000     40.0000     40.0000     

Iteration number: 0.01
State        L           0           R      
1       100.0000    100.0000    100.0000    
2       50.0000     23.7429     0.3245      
3       11.3028     0.6122      1.2192      
4       5.6513      2.9518      9.6130      
5       0.7486      9.0451      20.0000     
6       40.0000     40.0000     40.0000     

Iteration number: 0.01
State        L           0           R      
1       100.0000    100.0000    100.0000    
2       50.0000     23.7429     0.3245      
3       11.3028     0.6122      1.2192      
4       5.6513      2.9518      9.6130      
5       0.7486      9.0451      20.0000     
6       40.0000     40.0000     40.0000     

Iteration number: 0.01
State        L           0           R      
1       100.0000    100.0000    100.0000    
2       50.0000     23.7429     0.3245      
3       11.3028     0.6122      1.2192      
4       5.6513      2.9518      9.9613      
5       0.7486      9.0451      20.0000     
6       40.0000     40.0000     40.0000     

Iteration number: 0.01
State        L           0           R      
1       100.0000    100.0000    100.0000    
2       50.0000     23.7429     0.3245      
3       11.3028     0.6122      1.2192      
4       5.6513      2.9518      9.9961      
5       0.7486      9.0451      20.0000     
6       40.0000     40.0000     40.0000     

Iteration number: 0.01
State        L           0           R      
1       100.0000    100.0000    100.0000    
2       50.0000     23.7429     0.3245      
3       11.3028     0.6122      1.2192      
4       5.6513      2.9518      9.9996      
5       0.7486      9.0451      20.0000     
6       40.0000     40.0000     40.0000     

Iteration number: 0.01
State        L           0           R      
1       100.0000    100.0000    100.0000    
2       50.0000     9.2298      1.9807      
3       5.0268      0.6122      1.2192      
4       5.6513      2.9518      9.9996      
5       0.7486      9.0451      20.0000     
6       40.0000     40.0000     40.0000     

Iteration number: 0.01
State        L           0           R      
1       100.0000    100.0000    100.0000    
2       50.0000     9.2298      1.9807      
3       23.0027     0.6122      1.2192      
4       11.8151     2.9518      9.9996      
5       0.7486      9.0451      20.0000     
6       40.0000     40.0000     40.0000     

Iteration number: 0.01
State        L           0           R      
1       100.0000    100.0000    100.0000    
2       50.0000     9.2298      1.9807      
3       23.0027     0.6122      1.2192      
4       11.8151     2.9518      9.9996      
5       0.7486      9.0451      20.0000     
6       40.0000     40.0000     40.0000     

Iteration number: 0.01
State        L           0           R      
1       100.0000    100.0000    100.0000    
2       50.0000     9.2298      1.9807      
3       23.0027     0.6122      1.2192      
4       11.8151     2.9518      9.9996      
5       0.7486      9.0451      20.0000     
6       40.0000     40.0000     40.0000     

Iteration number: 0.01
State        L           0           R      
1       100.0000    100.0000    100.0000    
2       50.0000     9.2298      1.9807      
3       24.8003     5.7302      0.2977      
4       4.0160      2.4046      1.3515      
5       0.4374      9.0451      20.0000     
6       40.0000     40.0000     40.0000     

Iteration number: 0.01
State        L           0           R      
1       100.0000    100.0000    100.0000    
2       50.0000     9.2298      1.9807      
3       24.8003     5.7302      0.2977      
4       4.0160      2.4046      1.3515      
5       0.4374      9.0451      20.0000     
6       40.0000     40.0000     40.0000     

Iteration number: 0.01
State        L           0           R      
1       100.0000    100.0000    100.0000    
2       50.0000     9.2298      1.9807      
3       24.8003     5.7302      0.3154      
4       0.5444      0.3459      0.7064      
5       0.0789      6.1545      20.0000     
6       40.0000     40.0000     40.0000     

Iteration number: 0.01
State        L           0           R      
1       100.0000    100.0000    100.0000    
2       50.0000     9.2298      1.9807      
3       24.8003     5.7302      0.3154      
4       0.5444      0.3459      0.7064      
5       0.0789      6.1545      20.0000     
6       40.0000     40.0000     40.0000     

Iteration number: 0.01
State        L           0           R      
1       100.0000    100.0000    100.0000    
2       50.0000     9.2298      1.9807      
3       24.8003     5.7302      0.3154      
4       0.5444      0.3459      0.7064      
5       0.0789      6.1545      20.0000     
6       40.0000     40.0000     40.0000     

Iteration number: 0.01
State        L           0           R      
1       100.0000    100.0000    100.0000    
2       50.0000     9.6241      1.6043      
3       8.1050      3.3855      0.3154      
4       0.5444      0.3459      0.7064      
5       0.0789      6.1545      20.0000     
6       40.0000     40.0000     40.0000     

Iteration number: 0.01
State        L           0           R      
1       100.0000    100.0000    100.0000    
2       50.0000     9.6241      1.6043      
3       8.1050      3.3855      0.3154      
4       0.5444      0.3459      0.7064      
5       0.0789      6.1545      20.0000     
6       40.0000     40.0000     40.0000     

Iteration number: 0.01
State        L           0           R      
1       100.0000    100.0000    100.0000    
2       50.0000     9.6241      1.6043      
3       8.1050      3.3855      0.3154      
4       0.5444      0.3459      0.7064      
5       0.0789      6.1545      20.0000     
6       40.0000     40.0000     40.0000     

Iteration number: 0.01
State        L           0           R      
1       100.0000    100.0000    100.0000    
2       50.0000     9.6241      1.6043      
3       8.1050      3.3855      1.1565      
4       0.5444      0.3459      5.6956      
5       4.5079      6.1545      20.0000     
6       40.0000     40.0000     40.0000     

Iteration number: 0.01
State        L           0           R      
1       100.0000    100.0000    100.0000    
2       50.0000     23.4624     1.6043      
3       8.1050      3.3855      1.1565      
4       0.5444      0.3459      5.6956      
5       4.5079      6.1545      20.0000     
6       40.0000     40.0000     40.0000     

Iteration number: 0.01
State        L           0           R      
1       100.0000    100.0000    100.0000    
2       50.0000     23.4624     1.6043      
3       23.3105     3.3855      1.1565      
4       11.3044     0.3459      5.6956      
5       4.5079      6.1545      20.0000     
6       40.0000     40.0000     40.0000     

Iteration number: 0.01
State        L           0           R      
1       100.0000    100.0000    100.0000    
2       50.0000     23.4624     1.6043      
3       23.3105     3.3855      1.1565      
4       11.3044     0.3459      5.6956      
5       4.5079      6.1545      20.0000     
6       40.0000     40.0000     40.0000     

Iteration number: 0.01
State        L           0           R      
1       100.0000    100.0000    100.0000    
2       50.0000     23.4624     1.6043      
3       23.3105     1.3932      4.6157      
4       11.3044     0.3459      9.5696      
5       4.5079      6.1545      20.0000     
6       40.0000     40.0000     40.0000     

Iteration number: 0.01
State        L           0           R      
1       100.0000    100.0000    100.0000    
2       50.0000     23.4624     1.6043      
3       23.3105     1.3932      4.6157      
4       11.3044     0.3459      9.9570      
5       4.5079      6.1545      20.0000     
6       40.0000     40.0000     40.0000     

Iteration number: 0.01
State        L           0           R      
1       100.0000    100.0000    100.0000    
2       50.0000     23.4624     1.6043      
3       23.3105     1.3932      4.6157      
4       11.3044     0.3459      9.9570      
5       4.5079      6.1545      20.0000     
6       40.0000     40.0000     40.0000     

Iteration number: 0.01
State        L           0           R      
1       100.0000    100.0000    100.0000    
2       50.0000     23.4624     1.6043      
3       23.3105     1.3932      4.6157      
4       11.3044     0.3459      9.9570      
5       4.5079      6.1545      20.0000     
6       40.0000     40.0000     40.0000     

Iteration number: 0.01
State        L           0           R      
1       100.0000    100.0000    100.0000    
2       50.0000     23.4624     1.6043      
3       23.3105     1.3932      4.6157      
4       11.3044     0.3459      9.9570      
5       4.5079      6.1545      20.0000     
6       40.0000     40.0000     40.0000     

Iteration number: 0.01
State        L           0           R      
1       100.0000    100.0000    100.0000    
2       50.0000     23.4624     1.6043      
3       23.3105     1.3932      4.6157      
4       11.3044     0.3459      6.0582      
5       4.9508      2.8655      20.0000     
6       40.0000     40.0000     40.0000     

Iteration number: 0.01
State        L           0           R      
1       100.0000    100.0000    100.0000    
2       50.0000     23.4624     1.6043      
3       23.3105     1.3932      4.6157      
4       11.3044     0.3459      6.0582      
5       4.9508      2.8655      20.0000     
6       40.0000     40.0000     40.0000     

Iteration number: 0.01
State        L           0           R      
1       100.0000    100.0000    100.0000    
2       50.0000     23.4624     1.6043      
3       23.3105     1.3932      4.6157      
4       11.3044     0.3459      6.0582      
5       4.9508      2.8655      20.0000     
6       40.0000     40.0000     40.0000     

Iteration number: 0.01
State        L           0           R      
1       100.0000    100.0000    100.0000    
2       50.0000     23.4624     1.6043      
3       23.3105     1.3932      4.6157      
4       11.3044     0.3459      6.0582      
5       4.9508      2.8655      20.0000     
6       40.0000     40.0000     40.0000     

Iteration number: 0.01
State        L           0           R      
1       100.0000    100.0000    100.0000    
2       50.0000     23.4624     1.6043      
3       23.3105     1.3932      2.7116      
4       2.2554      0.3459      2.9261      
5       0.8115      4.9272      20.0000     
6       40.0000     40.0000     40.0000     

Iteration number: 0.01
State        L           0           R      
1       100.0000    100.0000    100.0000    
2       50.0000     23.4624     1.6043      
3       23.3105     1.3932      2.7116      
4       2.2554      0.3459      2.9261      
5       0.8115      4.9272      20.0000     
6       40.0000     40.0000     40.0000     

Iteration number: 0.01
State        L           0           R      
1       100.0000    100.0000    100.0000    
2       50.0000     23.4624     1.6043      
3       23.3105     1.3932      2.7116      
4       2.2554      0.3459      2.9261      
5       0.8115      4.9272      20.0000     
6       40.0000     40.0000     40.0000     

Iteration number: 0.01
State        L           0           R      
1       100.0000    100.0000    100.0000    
2       50.0000     23.4624     1.6043      
3       23.3105     1.3932      2.7116      
4       2.2554      0.3459      2.9261      
5       0.8115      4.9272      20.0000     
6       40.0000     40.0000     40.0000     

Iteration number: 0.01
State        L           0           R      
1       100.0000    100.0000    100.0000    
2       50.0000     23.4624     1.6043      
3       24.8311     1.3932      3.7868      
4       7.2568      0.3459      2.9261      
5       0.8115      4.9272      20.0000     
6       40.0000     40.0000     40.0000     

Iteration number: 0.01
State        L           0           R      
1       100.0000    100.0000    100.0000    
2       50.0000     23.4624     1.6043      
3       24.9831     1.3932      3.7868      
4       11.9757     0.3459      2.9261      
5       0.8115      4.9272      20.0000     
6       40.0000     40.0000     40.0000     

Iteration number: 0.01
State        L           0           R      
1       100.0000    100.0000    100.0000    
2       50.0000     23.4624     1.6043      
3       24.9983     1.3932      3.7868      
4       12.4476     0.3459      2.9261      
5       0.8115      4.9272      20.0000     
6       40.0000     40.0000     40.0000     

Iteration number: 0.01
State        L           0           R      
1       100.0000    100.0000    100.0000    
2       50.0000     23.4624     1.6043      
3       24.9998     1.3932      3.7868      
4       12.4476     0.3459      2.9261      
5       0.8115      4.9272      20.0000     
6       40.0000     40.0000     40.0000     

Iteration number: 0.01
State        L           0           R      
1       100.0000    100.0000    100.0000    
2       50.0000     23.4624     1.6043      
3       24.9998     1.3932      3.7868      
4       12.4476     0.3459      2.9261      
5       0.8115      4.9272      20.0000     
6       40.0000     40.0000     40.0000     

Iteration number: 0.01
State        L           0           R      
1       100.0000    100.0000    100.0000    
2       50.0000     23.4624     1.6043      
3       24.9998     1.3932      2.7693      
4       2.4401      0.3459      5.0739      
5       1.2061      4.9272      20.0000     
6       40.0000     40.0000     40.0000     

Iteration number: 0.01
State        L           0           R      
1       100.0000    100.0000    100.0000    
2       50.0000     23.4624     1.6043      
3       24.9998     2.3893      4.7769      
4       2.4401      0.3459      9.5074      
5       1.2061      4.9272      20.0000     
6       40.0000     40.0000     40.0000     

Iteration number: 0.01
State        L           0           R      
1       100.0000    100.0000    100.0000    
2       50.0000     23.4624     1.6043      
3       24.9998     2.3893      4.7769      
4       2.4401      0.3459      9.5074      
5       1.2061      4.9272      20.0000     
6       40.0000     40.0000     40.0000     

Iteration number: 0.01
State        L           0           R      
1       100.0000    100.0000    100.0000    
2       50.0000     23.4624     1.6043      
3       24.9998     2.3893      4.7769      
4       2.4401      0.3459      9.5074      
5       1.2061      4.9272      20.0000     
6       40.0000     40.0000     40.0000     

Iteration number: 0.01
State        L           0           R      
1       100.0000    100.0000    100.0000    
2       50.0000     23.4624     1.6043      
3       24.9998     2.3893      4.7769      
4       2.4401      0.3459      9.5074      
5       1.2061      4.9272      20.0000     
6       40.0000     40.0000     40.0000     

Iteration number: 0.01
State        L           0           R      
1       100.0000    100.0000    100.0000    
2       50.0000     23.4624     1.6043      
3       24.9998     2.3893      4.7769      
4       2.4401      0.3459      9.5074      
5       1.2061      4.9272      20.0000     
6       40.0000     40.0000     40.0000     

Iteration number: 0.01
State        L           0           R      
1       100.0000    100.0000    100.0000    
2       50.0000     23.4624     1.6043      
3       24.9998     2.3893      4.7769      
4       2.4401      0.3459      9.9507      
5       1.2061      4.9272      20.0000     
6       40.0000     40.0000     40.0000     

Iteration number: 0.01
State        L           0           R      
1       100.0000    100.0000    100.0000    
2       50.0000     23.4624     1.6043      
3       24.9998     2.3893      4.7769      
4       2.4401      0.3459      9.9507      
5       1.2061      4.9272      20.0000     
6       40.0000     40.0000     40.0000     

Iteration number: 0.01
State        L           0           R      
1       100.0000    100.0000    100.0000    
2       50.0000     23.4624     1.6043      
3       24.9998     2.3893      4.7769      
4       2.4401      0.3459      9.9507      
5       1.2061      4.9272      20.0000     
6       40.0000     40.0000     40.0000     

Iteration number: 0.01
State        L           0           R      
1       100.0000    100.0000    100.0000    
2       50.0000     15.4712     1.6043      
3       5.3125      0.2829      0.5893      
4       0.5655      0.3916      9.9507      
5       1.2061      4.9272      20.0000     
6       40.0000     40.0000     40.0000     

Iteration number: 0.01
State        L           0           R      
1       100.0000    100.0000    100.0000    
2       50.0000     15.4712     1.6043      
3       5.3125      0.2829      0.5893      
4       0.5655      2.2892      3.3857      
5       1.2456      5.2740      20.0000     
6       40.0000     40.0000     40.0000     

Iteration number: 0.01
State        L           0           R      
1       100.0000    100.0000    100.0000    
2       50.0000     15.4712     1.6043      
3       5.3125      0.2829      4.5589      
4       2.3065      1.3539      9.3386      
5       1.2456      5.2740      20.0000     
6       40.0000     40.0000     40.0000     

Iteration number: 0.01
State        L           0           R      
1       100.0000    100.0000    100.0000    
2       50.0000     15.4712     1.6043      
3       5.3125      0.2829      4.5589      
4       2.3065      1.3539      9.3386      
5       1.2456      5.2740      20.0000     
6       40.0000     40.0000     40.0000     

Iteration number: 0.01
State        L           0           R      
1       100.0000    100.0000    100.0000    
2       50.0000     15.4712     11.4104     
3       23.0312     0.2829      4.5589      
4       2.3065      1.3539      9.3386      
5       1.2456      5.2740      20.0000     
6       40.0000     40.0000     40.0000     

Iteration number: 0.01
State        L           0           R      
1       100.0000    100.0000    100.0000    
2       50.0000     15.4712     11.4104     
3       23.0312     0.2829      4.5589      
4       2.3065      1.3539      9.9339      
5       1.2456      5.2740      20.0000     
6       40.0000     40.0000     40.0000     

Iteration number: 0.01
State        L           0           R      
1       100.0000    100.0000    100.0000    
2       50.0000     15.4712     11.4104     
3       23.0312     0.2829      4.5589      
4       2.3065      1.3539      9.9339      
5       1.2456      5.2740      20.0000     
6       40.0000     40.0000     40.0000     

Iteration number: 0.01
State        L           0           R      
1       100.0000    100.0000    100.0000    
2       50.0000     15.4712     2.2660      
3       2.8656      0.7007      2.7235      
4       0.2702      1.3539      9.9934      
5       1.2456      5.2740      20.0000     
6       40.0000     40.0000     40.0000     

Iteration number: 0.01
State        L           0           R      
1       100.0000    100.0000    100.0000    
2       50.0000     15.4712     2.2660      
3       2.8656      0.7007      2.7235      
4       0.2702      1.3539      9.9934      
5       1.2456      5.2740      20.0000     
6       40.0000     40.0000     40.0000     

Iteration number: 0.01
State        L           0           R      
1       100.0000    100.0000    100.0000    
2       50.0000     15.4712     2.2660      
3       2.8656      0.1755      0.5536      
4       0.0622      2.6666      6.0618      
5       1.2584      5.2740      20.0000     
6       40.0000     40.0000     40.0000     

Iteration number: 0.01
State        L           0           R      
1       100.0000    100.0000    100.0000    
2       50.0000     15.4712     2.2660      
3       2.8656      0.1755      0.5536      
4       0.0622      2.6666      6.0618      
5       1.2584      5.2740      20.0000     
6       40.0000     40.0000     40.0000     

Iteration number: 0.01
State        L           0           R      
1       100.0000    100.0000    100.0000    
2       50.0000     15.4712     2.2660      
3       2.8656      0.1755      2.3054      
4       1.1312      2.6666      5.1062      
5       1.2584      9.5274      20.0000     
6       40.0000     40.0000     40.0000     

Iteration number: 0.01
State        L           0           R      
1       100.0000    100.0000    100.0000    
2       50.0000     15.4712     2.2660      
3       2.8656      2.2676      4.7305      
4       1.1312      2.6666      9.5106      
5       1.2584      9.5274      20.0000     
6       40.0000     40.0000     40.0000     

Iteration number: 0.01
State        L           0           R      
1       100.0000    100.0000    100.0000    
2       50.0000     15.4712     2.2660      
3       2.8656      2.2676      4.7305      
4       1.1312      2.6666      9.5106      
5       1.2584      9.5274      20.0000     
6       40.0000     40.0000     40.0000     

Iteration number: 0.01
State        L           0           R      
1       100.0000    100.0000    100.0000    
2       50.0000     15.4712     2.2660      
3       2.8656      2.2676      4.7305      
4       1.1312      2.6666      9.5106      
5       1.2584      9.5274      20.0000     
6       40.0000     40.0000     40.0000     

Iteration number: 0.01
State        L           0           R      
1       100.0000    100.0000    100.0000    
2       50.0000     15.4712     2.2660      
3       2.8656      2.2676      4.7305      
4       1.1312      2.6666      9.9511      
5       4.6258      2.2652      20.0000     
6       40.0000     40.0000     40.0000     

Iteration number: 0.01
State        L           0           R      
1       100.0000    100.0000    100.0000    
2       50.0000     15.4712     2.2660      
3       2.8656      2.2676      4.9731      
4       1.1312      2.6666      9.9951      
5       4.6258      2.2652      20.0000     
6       40.0000     40.0000     40.0000     

Iteration number: 0.01
State        L           0           R      
1       100.0000    100.0000    100.0000    
2       50.0000     15.4712     2.2660      
3       2.8656      2.2676      4.9731      
4       1.1312      2.6666      9.9995      
5       4.6258      2.2652      20.0000     
6       40.0000     40.0000     40.0000     

Iteration number: 0.01
State        L           0           R      
1       100.0000    100.0000    100.0000    
2       50.0000     15.4712     2.4766      
3       2.8656      2.2676      4.9973      
4       1.1312      2.6666      10.0000     
5       4.6258      2.2652      20.0000     
6       40.0000     40.0000     40.0000     

Iteration number: 0.01
State        L           0           R      
1       100.0000    100.0000    100.0000    
2       50.0000     15.4712     2.4766      
3       2.8656      2.2676      4.9973      
4       1.1312      2.6666      10.0000     
5       4.6258      2.2652      20.0000     
6       40.0000     40.0000     40.0000     

Iteration number: 0.01
State        L           0           R      
1       100.0000    100.0000    100.0000    
2       50.0000     15.4712     2.4766      
3       22.7866     2.2676      4.9973      
4       11.3631     2.6666      10.0000     
5       6.0876      2.2652      20.0000     
6       40.0000     40.0000     40.0000     

Iteration number: 0.01
State        L           0           R      
1       100.0000    100.0000    100.0000    
2       50.0000     15.4712     2.4766      
3       22.7866     2.2676      4.9973      
4       11.3631     2.6666      10.0000     
5       6.0876      2.2652      20.0000     
6       40.0000     40.0000     40.0000     

Iteration number: 0.01
State        L           0           R      
1       100.0000    100.0000    100.0000    
2       50.0000     15.4712     2.4766      
3       22.7866     2.2676      4.9973      
4       11.3631     2.6666      10.0000     
5       6.0876      2.2652      20.0000     
6       40.0000     40.0000     40.0000     

Iteration number: 0.01
State        L           0           R      
1       100.0000    100.0000    100.0000    
2       50.0000     15.4712     2.4766      
3       22.7866     2.2676      4.9997      
4       3.3863      1.3917      10.0000     
5       1.1713      2.2652      20.0000     
6       40.0000     40.0000     40.0000     

Iteration number: 0.01
State        L           0           R      
1       100.0000    100.0000    100.0000    
2       50.0000     15.4712     2.4766      
3       22.7866     2.2676      4.9997      
4       3.3863      1.3917      10.0000     
5       1.1713      2.2652      20.0000     
6       40.0000     40.0000     40.0000     

Iteration number: 0.01
State        L           0           R      
1       100.0000    100.0000    100.0000    
2       50.0000     15.4712     2.4766      
3       22.7866     2.2676      4.9997      
4       3.3863      1.3917      10.0000     
5       1.1713      2.2652      20.0000     
6       40.0000     40.0000     40.0000     

Iteration number: 0.01
State        L           0           R      
1       100.0000    100.0000    100.0000    
2       50.0000     15.4712     2.4766      
3       22.7866     0.5080      1.9062      
4       1.4636      4.6392      10.0000     
5       1.1713      2.2652      20.0000     
6       40.0000     40.0000     40.0000     

Iteration number: 0.01
State        L           0           R      
1       100.0000    100.0000    100.0000    
2       50.0000     15.4712     1.3727      
3       22.7866     2.3008      4.6906      
4       1.4636      4.6392      10.0000     
5       1.1713      2.2652      20.0000     
6       40.0000     40.0000     40.0000     

Iteration number: 0.01
State        L           0           R      
1       100.0000    100.0000    100.0000    
2       50.0000     15.4712     2.3873      
3       22.7866     2.3008      4.9691      
4       1.4636      4.6392      10.0000     
5       1.1713      2.2652      20.0000     
6       40.0000     40.0000     40.0000     

Iteration number: 0.01
State        L           0           R      
1       100.0000    100.0000    100.0000    
2       50.0000     15.4712     2.4887      
3       22.7866     2.3008      4.9969      
4       1.4636      4.6392      10.0000     
5       1.1713      2.2652      20.0000     
6       40.0000     40.0000     40.0000     

Iteration number: 0.01
State        L           0           R      
1       100.0000    100.0000    100.0000    
2       50.0000     15.4712     2.4887      
3       22.7866     2.3008      4.9969      
4       1.4636      4.6392      10.0000     
5       1.1713      2.2652      20.0000     
6       40.0000     40.0000     40.0000     

Iteration number: 0.01
State        L           0           R      
1       100.0000    100.0000    100.0000    
2       50.0000     15.4712     2.4887      
3       22.7866     2.3008      4.9969      
4       1.4636      4.6392      10.0000     
5       1.1713      2.2652      20.0000     
6       40.0000     40.0000     40.0000     

Iteration number: 0.01
State        L           0           R      
1       100.0000    100.0000    100.0000    
2       50.0000     15.4712     2.4887      
3       24.7787     3.6578      3.3122      
4       5.7714      4.6392      10.0000     
5       1.1713      2.2652      20.0000     
6       40.0000     40.0000     40.0000     

Iteration number: 0.01
State        L           0           R      
1       100.0000    100.0000    100.0000    
2       50.0000     15.4712     2.4887      
3       24.7787     3.6578      3.3122      
4       5.7714      4.6392      10.0000     
5       1.1713      2.2652      20.0000     
6       40.0000     40.0000     40.0000     

Iteration number: 0.01
State        L           0           R      
1       100.0000    100.0000    100.0000    
2       50.0000     15.4712     2.4887      
3       24.7787     0.4185      0.6828      
4       0.7266      4.6392      6.0625      
5       2.3715      1.3537      20.0000     
6       40.0000     40.0000     40.0000     

Iteration number: 0.01
State        L           0           R      
1       100.0000    100.0000    100.0000    
2       50.0000     15.4712     2.4887      
3       24.9779     8.4794      0.6828      
4       0.7266      4.6392      6.0625      
5       2.3715      1.3537      20.0000     
6       40.0000     40.0000     40.0000     

Iteration number: 0.01
State        L           0           R      
1       100.0000    100.0000    100.0000    
2       50.0000     15.4712     2.4887      
3       24.9779     8.4794      0.6828      
4       0.7266      4.6392      9.6062      
5       4.7372      1.8229      20.0000     
6       40.0000     40.0000     40.0000     

Iteration number: 0.01
State        L           0           R      
1       100.0000    100.0000    100.0000    
2       50.0000     15.4712     2.4887      
3       24.9779     8.4794      0.6828      
4       0.7266      4.6392      9.6062      
5       4.7372      1.8229      20.0000     
6       40.0000     40.0000     40.0000     

Iteration number: 0.01
State        L           0           R      
1       100.0000    100.0000    100.0000    
2       50.0000     2.8011      4.1170      
3       10.4684     1.5511      0.6828      
4       0.7266      4.6392      9.6062      
5       4.7372      1.8229      20.0000     
6       40.0000     40.0000     40.0000     

Iteration number: 0.01
State        L           0           R      
1       100.0000    100.0000    100.0000    
2       50.0000     2.8011      4.1170      
3       23.5468     1.5511      0.6828      
4       0.7266      4.6392      9.6062      
5       4.7372      1.8229      20.0000     
6       40.0000     40.0000     40.0000     

Iteration number: 0.01
State        L           0           R      
1       100.0000    100.0000    100.0000    
2       50.0000     2.8011      4.1170      
3       23.5468     1.5511      0.6828      
4       0.7266      4.6392      9.6062      
5       4.7372      1.8229      20.0000     
6       40.0000     40.0000     40.0000     

Iteration number: 0.01
State        L           0           R      
1       100.0000    100.0000    100.0000    
2       50.0000     2.8011      4.1170      
3       23.5468     1.5511      0.6828      
4       0.7266      4.6392      9.6062      
5       4.7372      1.8229      20.0000     
6       40.0000     40.0000     40.0000     

Iteration number: 0.01
State        L           0           R      
1       100.0000    100.0000    100.0000    
2       50.0000     2.8011      4.1170      
3       23.5468     1.5511      0.6828      
4       0.7266      4.6392      9.6062      
5       4.7372      1.8229      20.0000     
6       40.0000     40.0000     40.0000     

Iteration number: 0.01
State        L           0           R      
1       100.0000    100.0000    100.0000    
2       50.0000     2.8011      4.1170      
3       24.8547     11.4051     0.6828      
4       5.6977      3.2764      9.6062      
5       1.8800      1.8229      20.0000     
6       40.0000     40.0000     40.0000     

Iteration number: 0.01
State        L           0           R      
1       100.0000    100.0000    100.0000    
2       50.0000     2.8011      4.1170      
3       24.9855     11.4051     0.6828      
4       5.6977      3.2764      9.6062      
5       1.8800      1.8229      20.0000     
6       40.0000     40.0000     40.0000     

Iteration number: 0.01
State        L           0           R      
1       100.0000    100.0000    100.0000    
2       50.0000     2.8011      4.1170      
3       24.9855     11.4051     0.6828      
4       5.6977      3.2764      9.6062      
5       1.8800      1.8229      20.0000     
6       40.0000     40.0000     40.0000     

Iteration number: 0.01
State        L           0           R      
1       100.0000    100.0000    100.0000    
2       50.0000     2.8011      4.1170      
3       24.9855     11.4051     0.6828      
4       5.6977      3.2764      5.4606      
5       1.8800      9.1823      20.0000     
6       40.0000     40.0000     40.0000     

Iteration number: 0.01
State        L           0           R      
1       100.0000    100.0000    100.0000    
2       50.0000     2.8011      4.1170      
3       24.9855     11.4051     0.6828      
4       5.6977      3.2764      5.4606      
5       1.8800      9.1823      20.0000     
6       40.0000     40.0000     40.0000     

Iteration number: 0.01
State        L           0           R      
1       100.0000    100.0000    100.0000    
2       50.0000     22.7801     3.2242      
3       8.8267      6.7655      0.6828      
4       1.2729      3.2764      5.4606      
5       1.8800      9.1823      20.0000     
6       40.0000     40.0000     40.0000     

Iteration number: 0.01
State        L           0           R      
1       100.0000    100.0000    100.0000    
2       50.0000     22.7801     3.2242      
3       8.8267      6.7655      0.6828      
4       1.2729      3.2764      5.4606      
5       1.8800      9.1823      20.0000     
6       40.0000     40.0000     40.0000     

Iteration number: 0.01
State        L           0           R      
1       100.0000    100.0000    100.0000    
2       50.0000     22.7801     3.2242      
3       8.8267      6.7655      0.6828      
4       1.2729      3.2764      5.4606      
5       1.8800      9.1823      20.0000     
6       40.0000     40.0000     40.0000     

Iteration number: 0.01
State        L           0           R      
1       100.0000    100.0000    100.0000    
2       50.0000     22.7801     3.2242      
3       8.8267      6.7655      0.6828      
4       1.2729      3.2764      5.4606      
5       1.8800      9.1823      20.0000     
6       40.0000     40.0000     40.0000     

Iteration number: 0.01
State        L           0           R      
1       100.0000    100.0000    100.0000    
2       50.0000     2.8054      2.5724      
3       0.9530      6.7655      4.5683      
4       1.2729      3.2764      9.5461      
5       1.8800      9.1823      20.0000     
6       40.0000     40.0000     40.0000     

Iteration number: 0.01
State        L           0           R      
1       100.0000    100.0000    100.0000    
2       50.0000     2.8054      2.5072      
3       0.9530      6.7655      4.9568      
4       1.2729      3.2764      9.9546      
5       1.8800      9.1823      20.0000     
6       40.0000     40.0000     40.0000     

Iteration number: 0.01
State        L           0           R      
1       100.0000    100.0000    100.0000    
2       50.0000     2.8054      2.5007      
3       0.9530      6.7655      4.9957      
4       1.2729      3.2764      9.9955      
5       1.8800      9.1823      20.0000     
6       40.0000     40.0000     40.0000     

Iteration number: 0.01
State        L           0           R      
1       100.0000    100.0000    100.0000    
2       50.0000     2.8054      2.5007      
3       0.9530      6.7655      4.9957      
4       1.2729      3.2764      9.9955      
5       1.8800      9.1823      20.0000     
6       40.0000     40.0000     40.0000     

Iteration number: 0.01
State        L           0           R      
1       100.0000    100.0000    100.0000    
2       50.0000     17.1555     3.0626      
3       5.7203      6.7655      4.9957      
4       1.2729      3.2764      9.9955      
5       1.8800      9.1823      20.0000     
6       40.0000     40.0000     40.0000     

Iteration number: 0.01
State        L           0           R      
1       100.0000    100.0000    100.0000    
2       50.0000     17.1555     3.0626      
3       5.7203      6.7655      4.9957      
4       1.2729      3.2764      9.9955      
5       1.8800      9.1823      20.0000     
6       40.0000     40.0000     40.0000     

Iteration number: 0.01
State        L           0           R      
1       100.0000    100.0000    100.0000    
2       50.0000     17.1555     3.0626      
3       23.0720     6.7655      4.9957      
4       1.2729      3.2764      9.9955      
5       1.8800      9.1823      20.0000     
6       40.0000     40.0000     40.0000     

Iteration number: 0.01
State        L           0           R      
1       100.0000    100.0000    100.0000    
2       50.0000     17.1555     3.0626      
3       23.0720     6.7655      4.9957      
4       1.2729      3.2764      9.9995      
5       1.8800      9.1823      20.0000     
6       40.0000     40.0000     40.0000     

Iteration number: 0.01
State        L           0           R      
1       100.0000    100.0000    100.0000    
2       50.0000     17.1555     3.0626      
3       24.8072     6.7655      4.9957      
4       1.2729      3.2764      9.9995      
5       1.8800      9.1823      20.0000     
6       40.0000     40.0000     40.0000     

Iteration number: 0.01
State        L           0           R      
1       100.0000    100.0000    100.0000    
2       50.0000     17.1555     3.0626      
3       24.8072     6.7655      4.9957      
4       1.2729      3.2764      9.9995      
5       1.8800      9.1823      20.0000     
6       40.0000     40.0000     40.0000     

Iteration number: 0.01
State        L           0           R      
1       100.0000    100.0000    100.0000    
2       50.0000     17.1555     3.0626      
3       24.8072     6.7655      4.9957      
4       1.2729      3.2764      9.9995      
5       1.8800      9.1823      20.0000     
6       40.0000     40.0000     40.0000     

Iteration number: 0.01
State        L           0           R      
1       100.0000    100.0000    100.0000    
2       50.0000     17.1555     3.0626      
3       24.8072     6.7655      4.9957      
4       1.2729      3.2764      9.9995      
5       1.8800      9.1823      20.0000     
6       40.0000     40.0000     40.0000     

Iteration number: 0.01
State        L           0           R      
1       100.0000    100.0000    100.0000    
2       50.0000     17.1555     11.5563     
3       16.5432     6.7655      1.9058      
4       1.8851      3.2764      9.9995      
5       1.8800      9.1823      20.0000     
6       40.0000     40.0000     40.0000     

Iteration number: 0.01
State        L           0           R      
1       100.0000    100.0000    100.0000    
2       50.0000     17.1555     11.5563     
3       16.5432     6.7655      1.9058      
4       1.8851      3.2764      9.9995      
5       1.8800      9.1823      20.0000     
6       40.0000     40.0000     40.0000     

Iteration number: 0.01
State        L           0           R      
1       100.0000    100.0000    100.0000    
2       50.0000     17.1555     11.5563     
3       16.5432     6.7655      1.9058      
4       1.8851      3.2764      9.9995      
5       1.8800      9.1823      20.0000     
6       40.0000     40.0000     40.0000     

Iteration number: 0.01
State        L           0           R      
1       100.0000    100.0000    100.0000    
2       50.0000     17.1555     11.5563     
3       24.1543     6.7655      1.9058      
4       1.8851      3.2764      9.9995      
5       1.8800      9.1823      20.0000     
6       40.0000     40.0000     40.0000     

Iteration number: 0.01
State        L           0           R      
1       100.0000    100.0000    100.0000    
2       50.0000     17.1555     11.5563     
3       24.9154     6.7655      1.9058      
4       11.4385     5.9526      9.9995      
5       1.8800      9.1823      20.0000     
6       40.0000     40.0000     40.0000     

Iteration number: 0.01
State        L           0           R      
1       100.0000    100.0000    100.0000    
2       50.0000     17.1555     11.5563     
3       24.9154     6.7655      1.9058      
4       11.4385     5.9526      9.9995      
5       1.8800      9.1823      20.0000     
6       40.0000     40.0000     40.0000     

Iteration number: 0.01
State        L           0           R      
1       100.0000    100.0000    100.0000    
2       50.0000     17.1555     11.5563     
3       24.9154     6.7655      1.9058      
4       11.4385     5.9526      9.9995      
5       1.8800      9.1823      20.0000     
6       40.0000     40.0000     40.0000     

Iteration number: 0.01
State        L           0           R      
1       100.0000    100.0000    100.0000    
2       50.0000     17.1555     11.5563     
3       24.9154     6.7655      4.6906      
4       3.3939      5.9526      10.0000     
5       1.8800      9.1823      20.0000     
6       40.0000     40.0000     40.0000     

Iteration number: 0.01
State        L           0           R      
1       100.0000    100.0000    100.0000    
2       50.0000     17.1555     11.5563     
3       24.9154     6.7655      4.6906      
4       3.3939      5.9526      10.0000     
5       1.8800      9.1823      20.0000     
6       40.0000     40.0000     40.0000     

Iteration number: 0.01
State        L           0           R      
1       100.0000    100.0000    100.0000    
2       50.0000     2.8406      2.4213      
3       2.8431      6.7655      2.7366      
4       0.4097      5.9526      10.0000     
5       1.8800      9.1823      20.0000     
6       40.0000     40.0000     40.0000     

Iteration number: 0.01
State        L           0           R      
1       100.0000    100.0000    100.0000    
2       50.0000     2.8406      2.4213      
3       2.8431      6.7655      4.7737      
4       0.4097      5.9526      10.0000     
5       1.8800      9.1823      20.0000     
6       40.0000     40.0000     40.0000     

Iteration number: 0.01
State        L           0           R      
1       100.0000    100.0000    100.0000    
2       50.0000     2.8406      2.4213      
3       2.8431      6.7655      4.7737      
4       0.4097      5.9526      10.0000     
5       1.8800      9.1823      20.0000     
6       40.0000     40.0000     40.0000     

Iteration number: 0.01
State        L           0           R      
1       100.0000    100.0000    100.0000    
2       50.0000     2.8406      2.4213      
3       2.8431      6.7655      4.7737      
4       0.4097      5.9526      10.0000     
5       1.8800      9.1823      20.0000     
6       40.0000     40.0000     40.0000     

Iteration number: 0.01
State        L           0           R      
1       100.0000    100.0000    100.0000    
2       50.0000     2.8406      2.4213      
3       2.8431      6.7655      4.7737      
4       0.4097      5.9526      10.0000     
5       1.8800      9.1823      20.0000     
6       40.0000     40.0000     40.0000     

Iteration number: 0.01
State        L           0           R      
1       100.0000    100.0000    100.0000    
2       50.0000     2.8406      2.4213      
3       2.8431      6.7655      4.7737      
4       0.4097      5.9526      10.0000     
5       1.8800      9.1823      20.0000     
6       40.0000     40.0000     40.0000     

Iteration number: 0.01
State        L           0           R      
1       100.0000    100.0000    100.0000    
2       50.0000     2.8406      2.4213      
3       2.8431      6.7655      4.7737      
4       0.4097      5.9526      10.0000     
5       1.8800      9.1823      20.0000     
6       40.0000     40.0000     40.0000     

Iteration number: 0.01
State        L           0           R      
1       100.0000    100.0000    100.0000    
2       50.0000     2.8406      2.4213      
3       2.8431      6.7655      4.7737      
4       0.4097      5.9526      10.0000     
5       1.8800      9.1823      20.0000     
6       40.0000     40.0000     40.0000     

Iteration number: 0.01
State        L           0           R      
1       100.0000    100.0000    100.0000    
2       50.0000     2.8406      2.4213      
3       22.7843     6.7655      6.1024      
4       11.2910     5.9526      10.0000     
5       1.8800      9.1823      20.0000     
6       40.0000     40.0000     40.0000     

Iteration number: 0.01
State        L           0           R      
1       100.0000    100.0000    100.0000    
2       50.0000     2.8406      2.4213      
3       22.7843     6.7655      6.1024      
4       11.2910     5.9526      10.0000     
5       1.8800      9.1823      20.0000     
6       40.0000     40.0000     40.0000     

Iteration number: 0.01
State        L           0           R      
1       100.0000    100.0000    100.0000    
2       50.0000     2.8406      2.4213      
3       22.7843     6.7655      6.1024      
4       11.2910     5.9526      10.0000     
5       1.8800      9.1823      20.0000     
6       40.0000     40.0000     40.0000     

Iteration number: 0.01
State        L           0           R      
1       100.0000    100.0000    100.0000    
2       50.0000     2.8406      2.4213      
3       22.7843     6.7655      6.1024      
4       11.2910     5.9526      10.0000     
5       1.8800      9.9182      20.0000     
6       40.0000     40.0000     40.0000     

Iteration number: 0.01
State        L           0           R      
1       100.0000    100.0000    100.0000    
2       50.0000     2.8406      2.4213      
3       22.7843     6.7655      6.1024      
4       11.2910     5.9526      10.0000     
5       1.8800      9.9182      20.0000     
6       40.0000     40.0000     40.0000     

Iteration number: 0.01
State        L           0           R      
1       100.0000    100.0000    100.0000    
2       50.0000     2.8406      2.4213      
3       22.7843     6.7655      6.1024      
4       11.2910     5.9526      10.0000     
5       1.8800      9.9182      20.0000     
6       40.0000     40.0000     40.0000     

Iteration number: 0.01
State        L           0           R      
1       100.0000    100.0000    100.0000    
2       50.0000     0.3192      0.3124      
3       22.7843     0.8172      0.8915      
4       11.2910     2.7046      10.0000     
5       1.8800      9.9182      20.0000     
6       40.0000     40.0000     40.0000     

Iteration number: 0.01
State        L           0           R      
1       100.0000    100.0000    100.0000    
2       50.0000     0.3192      0.3124      
3       22.7843     0.8172      0.8915      
4       11.2910     2.7046      10.0000     
5       1.8800      9.9182      20.0000     
6       40.0000     40.0000     40.0000     

Iteration number: 0.01
State        L           0           R      
1       100.0000    100.0000    100.0000    
2       50.0000     0.3192      0.3124      
3       24.7784     0.8172      0.8915      
4       11.2910     2.7046      10.0000     
5       1.8800      9.9182      20.0000     
6       40.0000     40.0000     40.0000     

Iteration number: 0.01
State        L           0           R      
1       100.0000    100.0000    100.0000    
2       50.0000     0.3192      0.3124      
3       24.7784     0.8172      0.8915      
4       11.2910     2.7046      10.0000     
5       1.8800      9.9182      20.0000     
6       40.0000     40.0000     40.0000     

Iteration number: 0.01
State        L           0           R      
1       100.0000    100.0000    100.0000    
2       50.0000     0.3192      0.3124      
3       24.7784     0.8172      0.8915      
4       11.2910     2.7046      10.0000     
5       1.8800      9.9182      20.0000     
6       40.0000     40.0000     40.0000     

Iteration number: 0.01
State        L           0           R      
1       100.0000    100.0000    100.0000    
2       50.0000     4.2507      11.2812     
3       24.9778     0.8172      0.8915      
4       11.2910     2.7046      10.0000     
5       1.8800      9.9182      20.0000     
6       40.0000     40.0000     40.0000     

Iteration number: 0.01
State        L           0           R      
1       100.0000    100.0000    100.0000    
2       50.0000     4.2507      11.2812     
3       24.9778     0.8172      0.8915      
4       11.2910     2.7046      10.0000     
5       1.8800      9.9182      20.0000     
6       40.0000     40.0000     40.0000     

Iteration number: 0.01
State        L           0           R      
1       100.0000    100.0000    100.0000    
2       50.0000     4.2507      11.2812     
3       24.9778     0.8172      0.8915      
4       11.2910     2.7046      6.6250      
5       4.6880      9.9182      20.0000     
6       40.0000     40.0000     40.0000     

Iteration number: 0.01
State        L           0           R      
1       100.0000    100.0000    100.0000    
2       50.0000     4.2507      11.2812     
3       24.9778     0.8172      0.8915      
4       11.2910     2.7046      9.6625      
5       4.6880      9.9182      20.0000     
6       40.0000     40.0000     40.0000     

Iteration number: 0.01
State        L           0           R      
1       100.0000    100.0000    100.0000    
2       50.0000     4.2507      11.2812     
3       24.9778     0.8172      4.5891      
4       11.2910     2.7046      9.9662      
5       4.6880      9.9182      20.0000     
6       40.0000     40.0000     40.0000     

Iteration number: 0.01
State        L           0           R      
1       100.0000    100.0000    100.0000    
2       50.0000     4.2507      11.2812     
3       24.9778     0.8172      4.5891      
4       11.2910     2.7046      9.9966      
5       4.6880      9.9182      20.0000     
6       40.0000     40.0000     40.0000     

Iteration number: 0.01
State        L           0           R      
1       100.0000    100.0000    100.0000    
2       50.0000     4.2507      11.2812     
3       24.9778     0.8172      4.5891      
4       11.2910     2.7046      9.9966      
5       4.6880      9.9182      20.0000     
6       40.0000     40.0000     40.0000     

Iteration number: 0.01
State        L           0           R      
1       100.0000    100.0000    100.0000    
2       50.0000     17.3001     11.2812     
3       8.1228      0.8172      4.5891      
4       11.2910     2.7046      9.9966      
5       4.6880      9.9182      20.0000     
6       40.0000     40.0000     40.0000     

Iteration number: 0.01
State        L           0           R      
1       100.0000    100.0000    100.0000    
2       50.0000     17.3001     11.2812     
3       8.1228      0.8172      4.5891      
4       11.2910     2.7046      9.9966      
5       4.6880      9.9182      20.0000     
6       40.0000     40.0000     40.0000     

Iteration number: 0.01
State        L           0           R      
1       100.0000    100.0000    100.0000    
2       50.0000     1.7301      1.1305      
3       0.8134      0.0825      2.7133      
4       3.3791      0.2968      4.2106      
5       1.1719      1.1324      20.0000     
6       40.0000     40.0000     40.0000     

Iteration number: 0.01
State        L           0           R      
1       100.0000    100.0000    100.0000    
2       50.0000     1.7301      1.1305      
3       0.8134      0.0825      2.7133      
4       3.3791      0.2968      4.2106      
5       1.1719      1.1324      20.0000     
6       40.0000     40.0000     40.0000     

Iteration number: 0.01
State        L           0           R      
1       100.0000    100.0000    100.0000    
2       50.0000     1.7301      1.1305      
3       0.8134      1.1333      2.5213      
4       0.9004      4.5297      9.4211      
5       1.1719      1.1324      20.0000     
6       40.0000     40.0000     40.0000     

Iteration number: 0.01
State        L           0           R      
1       100.0000    100.0000    100.0000    
2       50.0000     1.7301      1.1305      
3       0.8134      1.1333      2.5213      
4       0.9004      4.5297      9.4211      
5       1.1719      1.1324      20.0000     
6       40.0000     40.0000     40.0000     

Iteration number: 0.01
State        L           0           R      
1       100.0000    100.0000    100.0000    
2       50.0000     1.7301      1.1305      
3       0.8134      1.1333      2.5213      
4       0.9004      4.5297      9.4211      
5       1.1719      1.1324      20.0000     
6       40.0000     40.0000     40.0000     

Iteration number: 0.01
State        L           0           R      
1       100.0000    100.0000    100.0000    
2       50.0000     1.7301      1.1305      
3       0.8134      1.1333      4.7521      
4       0.9004      4.5297      9.9421      
5       1.1719      1.1324      20.0000     
6       40.0000     40.0000     40.0000     

Iteration number: 0.01
State        L           0           R      
1       100.0000    100.0000    100.0000    
2       50.0000     1.7301      1.1305      
3       0.8134      1.1333      4.7521      
4       0.9004      4.5297      9.9942      
5       1.1719      1.1324      20.0000     
6       40.0000     40.0000     40.0000     

Iteration number: 0.01
State        L           0           R      
1       100.0000    100.0000    100.0000    
2       50.0000     1.7301      1.1305      
3       0.8134      1.1333      4.7521      
4       0.9004      4.5297      9.9942      
5       1.1719      1.1324      20.0000     
6       40.0000     40.0000     40.0000     

Iteration number: 0.01
State        L           0           R      
1       100.0000    100.0000    100.0000    
2       50.0000     3.3371      6.4412      
3       8.6360      1.1333      4.7521      
4       0.9004      4.5297      9.9942      
5       1.1719      1.1324      20.0000     
6       40.0000     40.0000     40.0000     

Iteration number: 0.01
State        L           0           R      
1       100.0000    100.0000    100.0000    
2       50.0000     3.3371      6.4412      
3       23.3636     1.1333      4.7521      
4       0.9004      4.5297      9.9942      
5       1.1719      1.1324      20.0000     
6       40.0000     40.0000     40.0000     

Iteration number: 0.01
State        L           0           R      
1       100.0000    100.0000    100.0000    
2       50.0000     3.3371      6.4412      
3       23.3636     1.1333      4.7521      
4       0.9004      4.5297      9.9942      
5       1.1719      1.1324      20.0000     
6       40.0000     40.0000     40.0000     

Iteration number: 0.01
State        L           0           R      
1       100.0000    100.0000    100.0000    
2       50.0000     3.3371      6.4412      
3       23.3636     1.1333      4.7521      
4       0.9004      4.5297      9.9942      
5       1.1719      1.1324      20.0000     
6       40.0000     40.0000     40.0000     

Iteration number: 0.01
State        L           0           R      
1       100.0000    100.0000    100.0000    
2       50.0000     3.3371      6.4412      
3       23.3636     1.1333      4.7521      
4       0.9004      4.5297      9.9942      
5       1.1719      1.1324      20.0000     
6       40.0000     40.0000     40.0000     

Iteration number: 0.01
State        L           0           R      
1       100.0000    100.0000    100.0000    
2       50.0000     3.3371      6.4412      
3       23.3636     1.2383      2.7252      
4       0.9004      4.9530      9.9994      
5       1.1719      1.1324      20.0000     
6       40.0000     40.0000     40.0000     

Iteration number: 0.01
State        L           0           R      
1       100.0000    100.0000    100.0000    
2       50.0000     3.3371      6.4412      
3       23.3636     1.2383      2.7252      
4       0.9004      4.9530      9.9994      
5       1.1719      1.1324      20.0000     
6       40.0000     40.0000     40.0000     

Iteration number: 0.01
State        L           0           R      
1       100.0000    100.0000    100.0000    
2       50.0000     3.3371      6.4412      
3       24.8364     1.2383      2.7252      
4       11.3400     4.9530      9.9994      
5       1.1719      1.1324      20.0000     
6       40.0000     40.0000     40.0000     

Iteration number: 0.01
State        L           0           R      
1       100.0000    100.0000    100.0000    
2       50.0000     3.3371      6.4412      
3       24.9836     1.2383      2.7252      
4       11.3400     4.9530      9.9994      
5       1.1719      1.1324      20.0000     
6       40.0000     40.0000     40.0000     

Iteration number: 0.01
State        L           0           R      
1       100.0000    100.0000    100.0000    
2       50.0000     3.3371      6.4412      
3       24.9836     1.2383      2.7252      
4       11.3400     4.9530      9.9994      
5       1.1719      1.1324      20.0000     
6       40.0000     40.0000     40.0000     

Iteration number: 0.01
State        L           0           R      
1       100.0000    100.0000    100.0000    
2       50.0000     3.3371      6.4412      
3       24.9836     0.1963      0.3539      
4       1.1640      0.4961      3.5312      
5       2.3672      5.1757      20.0000     
6       40.0000     40.0000     40.0000     

Iteration number: 0.01
State        L           0           R      
1       100.0000    100.0000    100.0000    
2       50.0000     3.3371      6.4412      
3       24.9836     0.1963      0.3539      
4       1.1640      0.4961      3.5312      
5       2.3672      5.1757      20.0000     
6       40.0000     40.0000     40.0000     

Iteration number: 0.01
State        L           0           R      
1       100.0000    100.0000    100.0000    
2       50.0000     3.3371      6.4412      
3       24.9984     0.1963      0.3539      
4       1.1640      0.4961      3.5312      
5       2.3672      5.1757      20.0000     
6       40.0000     40.0000     40.0000     

Iteration number: 0.01
State        L           0           R      
1       100.0000    100.0000    100.0000    
2       50.0000     3.3371      6.4412      
3       24.9998     0.1963      0.3539      
4       11.3664     5.6746      3.5312      
5       2.3672      5.1757      20.0000     
6       40.0000     40.0000     40.0000     

Iteration number: 0.01
State        L           0           R      
1       100.0000    100.0000    100.0000    
2       50.0000     3.3371      6.4412      
3       24.9998     0.1963      0.3539      
4       11.3664     5.6746      3.5312      
5       2.3672      5.1757      20.0000     
6       40.0000     40.0000     40.0000     

Iteration number: 0.01
State        L           0           R      
1       100.0000    100.0000    100.0000    
2       50.0000     3.3371      6.4412      
3       25.0000     8.4571      0.3870      
4       3.9491      5.6746      1.0562      
5       1.6430      5.1757      20.0000     
6       40.0000     40.0000     40.0000     

Iteration number: 0.01
State        L           0           R      
1       100.0000    100.0000    100.0000    
2       50.0000     3.3371      6.4412      
3       25.0000     8.4571      0.3870      
4       3.9491      5.6746      1.0562      
5       1.6430      5.1757      20.0000     
6       40.0000     40.0000     40.0000     

Iteration number: 0.01
State        L           0           R      
1       100.0000    100.0000    100.0000    
2       50.0000     3.3371      6.4412      
3       25.0000     12.0957     0.3870      
4       3.9491      5.6746      1.0562      
5       1.6430      5.1757      20.0000     
6       40.0000     40.0000     40.0000     

Iteration number: 0.01
State        L           0           R      
1       100.0000    100.0000    100.0000    
2       50.0000     3.3371      6.4412      
3       25.0000     12.0957     0.3870      
4       3.9491      5.6746      1.0562      
5       1.6430      5.1757      20.0000     
6       40.0000     40.0000     40.0000     

Iteration number: 0.01
State        L           0           R      
1       100.0000    100.0000    100.0000    
2       50.0000     3.3371      6.4412      
3       25.0000     12.0957     0.3870      
4       3.9491      5.0675      9.1056      
5       1.6430      5.1757      20.0000     
6       40.0000     40.0000     40.0000     

Iteration number: 0.01
State        L           0           R      
1       100.0000    100.0000    100.0000    
2       50.0000     3.3371      6.4412      
3       25.0000     12.0957     0.3870      
4       3.9491      5.0675      9.1056      
5       1.6430      5.1757      20.0000     
6       40.0000     40.0000     40.0000     

Iteration number: 0.01
State        L           0           R      
1       100.0000    100.0000    100.0000    
2       50.0000     22.8337     6.4412      
3       25.0000     12.0957     0.3870      
4       3.9491      5.0675      9.1056      
5       1.6430      5.1757      20.0000     
6       40.0000     40.0000     40.0000     

Iteration number: 0.01
State        L           0           R      
1       100.0000    100.0000    100.0000    
2       50.0000     22.8337     6.4412      
3       25.0000     12.0957     0.3870      
4       3.9491      5.0675      9.1056      
5       1.6430      5.1757      20.0000     
6       40.0000     40.0000     40.0000     

Iteration number: 0.01
State        L           0           R      
1       100.0000    100.0000    100.0000    
2       50.0000     22.8337     6.4412      
3       25.0000     12.0957     0.3870      
4       3.9491      5.0675      9.1056      
5       1.6430      5.1757      20.0000     
6       40.0000     40.0000     40.0000     

Iteration number: 0.01
State        L           0           R      
1       100.0000    100.0000    100.0000    
2       50.0000     22.8337     6.4412      
3       25.0000     12.0957     0.3870      
4       3.9491      5.0675      9.1056      
5       1.6430      5.1757      20.0000     
6       40.0000     40.0000     40.0000     

Iteration number: 0.01
State        L           0           R      
1       100.0000    100.0000    100.0000    
2       50.0000     22.8337     6.4412      
3       25.0000     12.0957     0.3870      
4       3.9491      5.0675      9.1056      
5       1.6430      5.1757      20.0000     
6       40.0000     40.0000     40.0000     

Iteration number: 0.01
State        L           0           R      
1       100.0000    100.0000    100.0000    
2       50.0000     2.8107      2.8941      
3       2.5703      1.2447      4.5387      
4       3.9491      5.0675      9.9106      
5       1.6430      5.1757      20.0000     
6       40.0000     40.0000     40.0000     

Iteration number: 0.01
State        L           0           R      
1       100.0000    100.0000    100.0000    
2       50.0000     2.8107      2.8941      
3       2.5703      1.2447      4.5387      
4       3.9491      5.0675      9.9106      
5       1.6430      5.1757      20.0000     
6       40.0000     40.0000     40.0000     

Iteration number: 0.01
State        L           0           R      
1       100.0000    100.0000    100.0000    
2       50.0000     2.8107      2.8941      
3       2.5703      1.2447      4.5387      
4       3.9491      5.0675      9.9106      
5       1.6430      5.1757      20.0000     
6       40.0000     40.0000     40.0000     

Iteration number: 0.01
State        L           0           R      
1       100.0000    100.0000    100.0000    
2       50.0000     5.9253      0.3773      
3       5.8848      2.3657      1.1570      
4       1.0994      0.5081      9.9106      
5       1.6430      5.1757      20.0000     
6       40.0000     40.0000     40.0000     

Iteration number: 0.01
State        L           0           R      
1       100.0000    100.0000    100.0000    
2       50.0000     5.9253      0.3773      
3       23.0885     2.3657      1.1570      
4       11.3599     0.5081      9.9106      
5       1.6430      5.1757      20.0000     
6       40.0000     40.0000     40.0000     

Iteration number: 0.01
State        L           0           R      
1       100.0000    100.0000    100.0000    
2       50.0000     5.9253      0.3773      
3       24.8088     2.3657      1.1570      
4       11.3599     0.5081      9.9106      
5       1.6430      5.1757      20.0000     
6       40.0000     40.0000     40.0000     

Iteration number: 0.01
State        L           0           R      
1       100.0000    100.0000    100.0000    
2       50.0000     5.9253      0.3773      
3       24.8088     2.3657      1.1570      
4       11.3599     0.5081      9.9106      
5       1.6430      5.1757      20.0000     
6       40.0000     40.0000     40.0000     

Iteration number: 0.01
State        L           0           R      
1       100.0000    100.0000    100.0000    
2       50.0000     5.9253      0.3773      
3       24.8088     2.3657      1.1570      
4       11.3599     0.5081      9.9106      
5       1.6430      5.1757      20.0000     
6       40.0000     40.0000     40.0000     

Iteration number: 0.01
State        L           0           R      
1       100.0000    100.0000    100.0000    
2       50.0000     23.0925     0.3773      
3       13.7309     5.8616      1.1570      
4       3.9485      0.5081      9.9106      
5       1.6430      5.1757      20.0000     
6       40.0000     40.0000     40.0000     

Iteration number: 0.01
State        L           0           R      
1       100.0000    100.0000    100.0000    
2       50.0000     23.0925     0.3773      
3       13.7309     5.8616      1.1570      
4       3.9485      0.5081      9.9106      
5       1.6430      5.1757      20.0000     
6       40.0000     40.0000     40.0000     

Iteration number: 0.01
State        L           0           R      
1       100.0000    100.0000    100.0000    
2       50.0000     23.0925     0.3773      
3       13.7309     5.8616      1.1570      
4       3.9485      0.5081      9.9106      
5       1.6430      5.1757      20.0000     
6       40.0000     40.0000     40.0000     

Iteration number: 0.01
State        L           0           R      
1       100.0000    100.0000    100.0000    
2       50.0000     23.0925     0.3773      
3       23.8731     4.0139      1.5659      
4       3.2952      0.5081      9.9106      
5       1.6430      5.1757      20.0000     
6       40.0000     40.0000     40.0000     

Iteration number: 0.01
State        L           0           R      
1       100.0000    100.0000    100.0000    
2       50.0000     23.0925     0.3773      
3       23.8731     4.0139      1.5659      
4       3.2952      0.5081      9.9106      
5       1.6430      5.1757      20.0000     
6       40.0000     40.0000     40.0000     

Iteration number: 0.01
State        L           0           R      
1       100.0000    100.0000    100.0000    
2       50.0000     24.8093     3.5534      
3       9.4186      4.0139      1.5659      
4       3.2952      0.5081      9.9106      
5       1.6430      5.1757      20.0000     
6       40.0000     40.0000     40.0000     

Iteration number: 0.01
State        L           0           R      
1       100.0000    100.0000    100.0000    
2       50.0000     24.8093     3.5534      
3       9.4186      4.0139      1.5659      
4       3.2952      0.5081      9.9106      
5       1.6430      5.1757      20.0000     
6       40.0000     40.0000     40.0000     

Iteration number: 0.01
State        L           0           R      
1       100.0000    100.0000    100.0000    
2       50.0000     24.8093     3.5534      
3       9.4186      4.0139      1.5659      
4       3.2952      0.5081      9.9106      
5       1.6430      5.1757      20.0000     
6       40.0000     40.0000     40.0000     

Iteration number: 0.01
State        L           0           R      
1       100.0000    100.0000    100.0000    
2       50.0000     24.8093     3.5534      
3       9.4186      4.0139      1.5659      
4       3.2952      0.5081      9.9106      
5       1.6430      5.1757      20.0000     
6       40.0000     40.0000     40.0000     

Iteration number: 0.01
State        L           0           R      
1       100.0000    100.0000    100.0000    
2       50.0000     2.5688      0.4441      
3       5.4510      0.4091      0.8597      
4       11.5795     3.3321      9.9106      
5       1.6430      5.1757      20.0000     
6       40.0000     40.0000     40.0000     

Iteration number: 0.01
State        L           0           R      
1       100.0000    100.0000    100.0000    
2       50.0000     2.5688      0.4441      
3       23.0451     0.4091      0.8597      
4       11.5795     3.3321      9.9106      
5       1.6430      5.1757      20.0000     
6       40.0000     40.0000     40.0000     

Iteration number: 0.01
State        L           0           R      
1       100.0000    100.0000    100.0000    
2       50.0000     2.5688      0.4441      
3       23.0451     0.4091      0.8597      
4       11.5795     3.3321      9.9106      
5       1.6430      5.1757      20.0000     
6       40.0000     40.0000     40.0000     

Iteration number: 0.01
State        L           0           R      
1       100.0000    100.0000    100.0000    
2       50.0000     2.5688      0.4441      
3       24.8045     0.4091      0.8597      
4       11.5795     3.3321      9.9106      
5       1.6430      5.1757      20.0000     
6       40.0000     40.0000     40.0000     

Iteration number: 0.01
State        L           0           R      
1       100.0000    100.0000    100.0000    
2       50.0000     2.5688      0.4441      
3       24.9805     0.4091      0.8597      
4       11.5795     3.3321      9.9106      
5       1.6430      5.1757      20.0000     
6       40.0000     40.0000     40.0000     

Iteration number: 0.01
State        L           0           R      
1       100.0000    100.0000    100.0000    
2       50.0000     2.5688      0.4441      
3       24.9805     0.4091      0.8597      
4       11.5795     3.3321      9.9106      
5       1.6430      5.1757      20.0000     
6       40.0000     40.0000     40.0000     

Iteration number: 0.01
State        L           0           R      
1       100.0000    100.0000    100.0000    
2       50.0000     2.5688      0.4441      
3       24.9805     0.4091      0.8597      
4       11.5795     3.3321      9.9106      
5       1.6430      5.1757      20.0000     
6       40.0000     40.0000     40.0000     

Iteration number: 0.01
State        L           0           R      
1       100.0000    100.0000    100.0000    
2       50.0000     2.5688      0.4441      
3       24.9980     11.2909     0.8597      
4       6.7830      3.3321      9.9106      
5       2.9768      1.5723      20.0000     
6       40.0000     40.0000     40.0000     

Iteration number: 0.01
State        L           0           R      
1       100.0000    100.0000    100.0000    
2       50.0000     2.5688      0.4441      
3       24.9998     11.2909     0.8597      
4       11.9283     3.3321      9.9106      
5       2.9768      1.5723      20.0000     
6       40.0000     40.0000     40.0000     

Iteration number: 0.01
State        L           0           R      
1       100.0000    100.0000    100.0000    
2       50.0000     2.5688      0.4441      
3       24.9998     11.2909     0.8597      
4       11.9283     3.3321      9.9106      
5       2.9768      1.5723      20.0000     
6       40.0000     40.0000     40.0000     

Iteration number: 0.01
State        L           0           R      
1       100.0000    100.0000    100.0000    
2       50.0000     2.5688      0.4441      
3       24.9998     11.2909     0.8597      
4       11.9283     3.3321      9.9106      
5       2.9768      1.5723      20.0000     
6       40.0000     40.0000     40.0000     

Iteration number: 0.01
State        L           0           R      
1       100.0000    100.0000    100.0000    
2       50.0000     2.5688      0.4441      
3       24.9998     11.2909     0.6485      
4       1.4741      1.2297      5.4911      
5       2.9768      9.1572      20.0000     
6       40.0000     40.0000     40.0000     

Iteration number: 0.01
State        L           0           R      
1       100.0000    100.0000    100.0000    
2       50.0000     2.5688      0.4441      
3       24.9998     11.2909     0.6485      
4       1.4741      1.2297      5.4911      
5       2.9768      9.1572      20.0000     
6       40.0000     40.0000     40.0000     

Iteration number: 0.01
State        L           0           R      
1       100.0000    100.0000    100.0000    
2       50.0000     2.5688      0.4441      
3       24.9998     11.2909     0.6485      
4       1.4741      1.2297      5.4911      
5       2.9768      9.1572      20.0000     
6       40.0000     40.0000     40.0000     

Iteration number: 0.01
State        L           0           R      
1       100.0000    100.0000    100.0000    
2       50.0000     4.4756      6.0210      
3       10.5859     11.2909     0.6485      
4       0.3232      1.2297      5.4911      
5       2.9768      9.1572      20.0000     
6       40.0000     40.0000     40.0000     

Iteration number: 0.01
State        L           0           R      
1       100.0000    100.0000    100.0000    
2       50.0000     4.4756      6.0210      
3       10.5859     11.2909     0.6485      
4       0.3232      1.2297      5.0491      
5       2.9768      9.9157      20.0000     
6       40.0000     40.0000     40.0000     

Iteration number: 0.01
State        L           0           R      
1       100.0000    100.0000    100.0000    
2       50.0000     4.4756      6.0210      
3       10.5859     11.2909     0.6485      
4       0.3232      1.2297      9.5049      
5       2.9768      9.9157      20.0000     
6       40.0000     40.0000     40.0000     

Iteration number: 0.01
State        L           0           R      
1       100.0000    100.0000    100.0000    
2       50.0000     4.4756      6.0210      
3       10.5859     11.2909     0.6485      
4       0.3232      1.2297      9.5049      
5       2.9768      9.9157      20.0000     
6       40.0000     40.0000     40.0000     

Iteration number: 0.01
State        L           0           R      
1       100.0000    100.0000    100.0000    
2       50.0000     4.4756      6.0210      
3       10.5859     11.2909     0.6485      
4       0.3232      1.2297      9.5049      
5       2.9768      9.9157      20.0000     
6       40.0000     40.0000     40.0000     

Iteration number: 0.01
State        L           0           R      
1       100.0000    100.0000    100.0000    
2       50.0000     4.4756      6.0210      
3       10.5859     11.2909     0.6485      
4       0.3232      1.2297      9.5049      
5       2.9768      9.9157      20.0000     
6       40.0000     40.0000     40.0000     

Iteration number: 0.01
State        L           0           R      
1       100.0000    100.0000    100.0000    
2       50.0000     22.9476     6.0210      
3       10.5859     11.2909     0.6485      
4       0.3232      1.2297      9.5049      
5       2.9768      9.9157      20.0000     
6       40.0000     40.0000     40.0000     

Iteration number: 0.01
State        L           0           R      
1       100.0000    100.0000    100.0000    
2       50.0000     22.9476     6.0210      
3       23.5586     11.2909     0.6485      
4       11.2823     1.2297      9.5049      
5       2.9768      9.9157      20.0000     
6       40.0000     40.0000     40.0000     

Iteration number: 0.01
State        L           0           R      
1       100.0000    100.0000    100.0000    
2       50.0000     22.9476     6.0210      
3       24.8559     11.2909     0.6485      
4       11.2823     1.2297      9.5049      
5       2.9768      9.9157      20.0000     
6       40.0000     40.0000     40.0000     

Iteration number: 0.01
State        L           0           R      
1       100.0000    100.0000    100.0000    
2       50.0000     22.9476     6.0210      
3       24.8559     11.2909     0.6485      
4       11.2823     1.2297      9.5049      
5       2.9768      9.9157      20.0000     
6       40.0000     40.0000     40.0000     

Iteration number: 0.01
State        L           0           R      
1       100.0000    100.0000    100.0000    
2       50.0000     22.9476     6.0210      
3       24.8559     11.2909     0.6485      
4       11.2823     1.2297      9.5049      
5       2.9768      9.9157      20.0000     
6       40.0000     40.0000     40.0000     

Iteration number: 0.01
State        L           0           R      
1       100.0000    100.0000    100.0000    
2       50.0000     22.9476     6.0210      
3       24.8559     11.2909     0.6485      
4       11.2823     1.2297      9.5049      
5       2.9768      9.9157      20.0000     
6       40.0000     40.0000     40.0000     

Iteration number: 0.01
State        L           0           R      
1       100.0000    100.0000    100.0000    
2       50.0000     22.9476     6.0210      
3       24.8559     11.2909     0.6485      
4       11.2823     4.6230      9.9505      
5       2.9768      9.9157      20.0000     
6       40.0000     40.0000     40.0000     

Iteration number: 0.01
State        L           0           R      
1       100.0000    100.0000    100.0000    
2       50.0000     22.9476     6.0210      
3       24.8559     11.2909     0.6485      
4       11.2823     4.6230      9.9505      
5       2.9768      9.9157      20.0000     
6       40.0000     40.0000     40.0000     

Iteration number: 0.01
State        L           0           R      
1       100.0000    100.0000    100.0000    
2       50.0000     10.1463     4.1177      
3       9.5168      11.2909     0.6485      
4       11.2823     4.6230      9.9505      
5       2.9768      9.9157      20.0000     
6       40.0000     40.0000     40.0000     

Iteration number: 0.01
State        L           0           R      
1       100.0000    100.0000    100.0000    
2       50.0000     10.1463     4.1177      
3       9.5168      11.2909     0.6485      
4       11.2823     4.6230      9.9505      
5       2.9768      9.9157      20.0000     
6       40.0000     40.0000     40.0000     

Iteration number: 0.01
State        L           0           R      
1       100.0000    100.0000    100.0000    
2       50.0000     10.1463     4.1177      
3       9.5168      11.2909     0.6485      
4       11.2823     4.6230      9.9505      
5       2.9768      9.9157      20.0000     
6       40.0000     40.0000     40.0000     

Iteration number: 0.01
State        L           0           R      
1       100.0000    100.0000    100.0000    
2       50.0000     12.4990     1.8180      
3       3.9400      2.5408      0.1198      
4       1.2381      4.6230      9.9505      
5       2.9768      9.9157      20.0000     
6       40.0000     40.0000     40.0000     

Iteration number: 0.01
State        L           0           R      
1       100.0000    100.0000    100.0000    
2       50.0000     12.4990     1.8180      
3       3.9400      2.5408      0.1198      
4       1.2381      4.6230      9.9505      
5       2.9768      9.9157      20.0000     
6       40.0000     40.0000     40.0000     

Iteration number: 0.01
State        L           0           R      
1       100.0000    100.0000    100.0000    
2       50.0000     12.4990     1.8180      
3       3.9400      2.5408      0.1198      
4       1.2381      4.6230      5.4950      
5       2.9768      9.9916      20.0000     
6       40.0000     40.0000     40.0000     

Iteration number: 0.01
State        L           0           R      
1       100.0000    100.0000    100.0000    
2       50.0000     13.9062     5.8068      
3       11.6440     2.5408      0.1198      
4       1.2381      4.6230      5.4950      
5       2.9768      9.9916      20.0000     
6       40.0000     40.0000     40.0000     

Iteration number: 0.01
State        L           0           R      
1       100.0000    100.0000    100.0000    
2       50.0000     13.9062     5.8068      
3       11.6440     2.5408      0.1198      
4       1.2381      4.6230      5.4950      
5       2.9768      9.9916      20.0000     
6       40.0000     40.0000     40.0000     

Iteration number: 0.01
State        L           0           R      
1       100.0000    100.0000    100.0000    
2       50.0000     13.9062     5.8068      
3       11.6440     2.5408      0.1198      
4       1.2381      4.6230      5.4950      
5       2.9768      9.9916      20.0000     
6       40.0000     40.0000     40.0000     

Iteration number: 0.01
State        L           0           R      
1       100.0000    100.0000    100.0000    
2       50.0000     23.8906     6.2057      
3       8.1956      1.6603      0.1198      
4       1.2381      4.6230      5.4950      
5       2.9768      9.9916      20.0000     
6       40.0000     40.0000     40.0000     

Iteration number: 0.01
State        L           0           R      
1       100.0000    100.0000    100.0000    
2       50.0000     23.8906     6.2057      
3       8.1956      1.6603      0.1198      
4       1.2381      4.6230      5.4950      
5       2.9768      9.9916      20.0000     
6       40.0000     40.0000     40.0000     

Iteration number: 0.01
State        L           0           R      
1       100.0000    100.0000    100.0000    
2       50.0000     23.8906     6.2057      
3       8.1956      1.6603      0.1198      
4       1.2381      4.6230      5.4950      
5       2.9768      9.9916      20.0000     
6       40.0000     40.0000     40.0000     

Iteration number: 0.01
State        L           0           R      
1       100.0000    100.0000    100.0000    
2       50.0000     23.8906     6.2057      
3       8.1956      1.6603      0.1198      
4       1.2381      4.6230      5.4950      
5       2.9768      9.9916      20.0000     
6       40.0000     40.0000     40.0000     

Iteration number: 0.01
State        L           0           R      
1       100.0000    100.0000    100.0000    
2       50.0000     23.8906     6.2057      
3       8.1956      1.6603      0.1198      
4       1.2381      4.6230      5.4950      
5       2.9768      9.9916      20.0000     
6       40.0000     40.0000     40.0000     

Iteration number: 0.01
State        L           0           R      
1       100.0000    100.0000    100.0000    
2       50.0000     15.5141     6.2057      
3       8.1956      1.6603      0.1198      
4       1.2381      4.6230      5.4950      
5       2.9768      9.9916      20.0000     
6       40.0000     40.0000     40.0000     

Iteration number: 0.01
State        L           0           R      
1       100.0000    100.0000    100.0000    
2       50.0000     15.5141     6.2057      
3       23.3196     11.4160     0.1198      
4       1.2381      4.6230      5.4950      
5       2.9768      9.9916      20.0000     
6       40.0000     40.0000     40.0000     

Iteration number: 0.01
State        L           0           R      
1       100.0000    100.0000    100.0000    
2       50.0000     15.5141     6.2057      
3       23.3196     11.4160     0.1198      
4       1.2381      4.6230      5.4950      
5       2.9768      9.9916      20.0000     
6       40.0000     40.0000     40.0000     

Iteration number: 0.01
State        L           0           R      
1       100.0000    100.0000    100.0000    
2       50.0000     15.5141     6.2057      
3       23.3196     11.4160     0.1198      
4       1.2381      4.6230      5.4950      
5       2.9768      9.9916      20.0000     
6       40.0000     40.0000     40.0000     

Iteration number: 0.01
State        L           0           R      
1       100.0000    100.0000    100.0000    
2       50.0000     15.5141     6.2057      
3       23.3196     11.4160     0.1198      
4       1.2381      4.6230      5.4950      
5       2.9768      9.9916      20.0000     
6       40.0000     40.0000     40.0000     

Iteration number: 0.01
State        L           0           R      
1       100.0000    100.0000    100.0000    
2       50.0000     15.5141     6.2057      
3       23.3196     11.4160     0.1198      
4       1.2381      4.6230      5.4950      
5       2.9768      9.9916      20.0000     
6       40.0000     40.0000     40.0000     

Iteration number: 0.01
State        L           0           R      
1       100.0000    100.0000    100.0000    
2       50.0000     15.5141     2.0268      
3       13.9335     1.4932      2.8245      
4       11.3738     6.0873      5.4950      
5       2.9768      9.9916      20.0000     
6       40.0000     40.0000     40.0000     

Iteration number: 0.01
State        L           0           R      
1       100.0000    100.0000    100.0000    
2       50.0000     15.5141     2.0268      
3       23.8934     1.4932      2.8245      
4       11.3738     6.0873      5.4950      
5       2.9768      9.9916      20.0000     
6       40.0000     40.0000     40.0000     

Iteration number: 0.01
State        L           0           R      
1       100.0000    100.0000    100.0000    
2       50.0000     15.5141     2.0268      
3       24.8893     1.4932      2.8245      
4       11.3738     6.0873      5.4950      
5       2.9768      9.9916      20.0000     
6       40.0000     40.0000     40.0000     

Iteration number: 0.01
State        L           0           R      
1       100.0000    100.0000    100.0000    
2       50.0000     15.5141     2.0268      
3       24.8893     1.4932      2.8245      
4       11.3738     6.0873      5.4950      
5       2.9768      9.9916      20.0000     
6       40.0000     40.0000     40.0000     

Iteration number: 0.01
State        L           0           R      
1       100.0000    100.0000    100.0000    
2       50.0000     15.5141     2.0268      
3       24.8893     1.4932      2.8245      
4       11.3738     6.0873      5.4950      
5       2.9768      9.9916      20.0000     
6       40.0000     40.0000     40.0000     

Iteration number: 0.01
State        L           0           R      
1       100.0000    100.0000    100.0000    
2       50.0000     24.0514     2.0268      
3       13.7389     2.9728      0.3264      
4       2.5491      0.6966      0.9890      
5       1.1766      9.9916      20.0000     
6       40.0000     40.0000     40.0000     

Iteration number: 0.01
State        L           0           R      
1       100.0000    100.0000    100.0000    
2       50.0000     24.0514     2.0268      
3       23.8739     2.9728      0.3264      
4       2.5491      0.6966      0.9890      
5       1.1766      9.9916      20.0000     
6       40.0000     40.0000     40.0000     

Iteration number: 0.01
State        L           0           R      
1       100.0000    100.0000    100.0000    
2       50.0000     24.0514     2.0268      
3       24.8874     2.9728      0.3264      
4       2.5491      0.6966      0.9890      
5       1.1766      9.9916      20.0000     
6       40.0000     40.0000     40.0000     

Iteration number: 0.01
State        L           0           R      
1       100.0000    100.0000    100.0000    
2       50.0000     24.0514     2.0268      
3       24.9887     2.9728      0.3264      
4       11.5049     0.6966      0.9890      
5       5.7427      3.8117      20.0000     
6       40.0000     40.0000     40.0000     

Iteration number: 0.01
State        L           0           R      
1       100.0000    100.0000    100.0000    
2       50.0000     24.0514     2.0268      
3       24.9989     2.9728      0.3264      
4       12.4005     0.6966      0.9890      
5       6.1993      3.8117      20.0000     
6       40.0000     40.0000     40.0000     

Iteration number: 0.01
State        L           0           R      
1       100.0000    100.0000    100.0000    
2       50.0000     24.0514     2.0268      
3       24.9989     2.9728      0.3264      
4       12.4005     0.6966      0.9890      
5       6.1993      3.8117      20.0000     
6       40.0000     40.0000     40.0000     

Iteration number: 0.01
State        L           0           R      
1       100.0000    100.0000    100.0000    
2       50.0000     24.9051     5.8277      
3       13.7499     2.9728      0.3264      
4       12.4005     0.6966      0.9890      
5       6.1993      3.8117      20.0000     
6       40.0000     40.0000     40.0000     

Iteration number: 0.01
State        L           0           R      
1       100.0000    100.0000    100.0000    
2       50.0000     24.9051     5.8277      
3       23.8750     2.9728      0.3264      
4       12.4005     0.6966      0.9890      
5       6.1993      3.8117      20.0000     
6       40.0000     40.0000     40.0000     

Iteration number: 0.01
State        L           0           R      
1       100.0000    100.0000    100.0000    
2       50.0000     24.9051     5.8277      
3       23.8750     2.9728      0.3264      
4       12.4005     0.6966      0.9890      
5       6.1993      3.8117      20.0000     
6       40.0000     40.0000     40.0000     

Iteration number: 0.01
State        L           0           R      
1       100.0000    100.0000    100.0000    
2       50.0000     24.9051     5.8277      
3       23.8750     2.9728      0.3264      
4       12.4005     0.6966      0.9890      
5       6.1993      3.8117      20.0000     
6       40.0000     40.0000     40.0000     

Iteration number: 0.01
State        L           0           R      
1       100.0000    100.0000    100.0000    
2       50.0000     24.9051     5.8277      
3       23.8750     2.9728      0.3264      
4       12.4005     0.6966      0.9890      
5       6.1993      3.8117      20.0000     
6       40.0000     40.0000     40.0000     

Iteration number: 0.01
State        L           0           R      
1       100.0000    100.0000    100.0000    
2       50.0000     24.9051     5.8277      
3       23.8750     2.9728      0.3264      
4       12.4005     0.6966      0.9890      
5       6.1993      3.8117      20.0000     
6       40.0000     40.0000     40.0000     

Iteration number: 0.01
State        L           0           R      
1       100.0000    100.0000    100.0000    
2       50.0000     19.3655     5.8277      
3       8.0125      3.1098      0.3264      
4       12.4005     0.6966      0.9890      
5       6.1993      3.8117      20.0000     
6       40.0000     40.0000     40.0000     

Iteration number: 0.01
State        L           0           R      
1       100.0000    100.0000    100.0000    
2       50.0000     19.3655     5.8277      
3       8.0125      3.1098      0.3264      
4       12.4005     0.6966      0.9890      
5       6.1993      3.8117      20.0000     
6       40.0000     40.0000     40.0000     

Iteration number: 0.01
State        L           0           R      
1       100.0000    100.0000    100.0000    
2       50.0000     19.3655     5.8277      
3       23.3012     1.9516      5.6576      
4       12.4900     0.6966      0.9890      
5       6.1993      3.8117      20.0000     
6       40.0000     40.0000     40.0000     

Iteration number: 0.01
State        L           0           R      
1       100.0000    100.0000    100.0000    
2       50.0000     19.3655     5.8277      
3       23.3012     1.9516      5.6576      
4       12.4900     0.6966      0.9890      
5       6.1993      3.8117      20.0000     
6       40.0000     40.0000     40.0000     

Iteration number: 0.01
State        L           0           R      
1       100.0000    100.0000    100.0000    
2       50.0000     19.3655     5.8277      
3       23.3012     1.9516      5.6576      
4       12.4900     0.6966      0.9890      
5       6.1993      3.8117      20.0000     
6       40.0000     40.0000     40.0000     

Iteration number: 0.01
State        L           0           R      
1       100.0000    100.0000    100.0000    
2       50.0000     19.3655     5.8277      
3       24.8301     1.9516      5.6576      
4       12.4900     0.6966      0.9890      
5       6.1993      3.8117      20.0000     
6       40.0000     40.0000     40.0000     

Iteration number: 0.01
State        L           0           R      
1       100.0000    100.0000    100.0000    
2       50.0000     19.3655     5.8277      
3       24.8301     1.9516      5.6576      
4       12.4900     0.6966      0.9890      
5       6.1993      3.8117      20.0000     
6       40.0000     40.0000     40.0000     

Iteration number: 0.01
State        L           0           R      
1       100.0000    100.0000    100.0000    
2       50.0000     19.3655     5.8277      
3       24.8301     1.9516      5.6576      
4       12.4900     2.3197      4.5989      
5       6.1993      9.3812      20.0000     
6       40.0000     40.0000     40.0000     

Iteration number: 0.01
State        L           0           R      
1       100.0000    100.0000    100.0000    
2       50.0000     19.3655     5.8277      
3       24.8301     1.9516      5.6576      
4       12.4900     2.3197      4.5989      
5       6.1993      9.3812      20.0000     
6       40.0000     40.0000     40.0000     

Iteration number: 0.01
State        L           0           R      
1       100.0000    100.0000    100.0000    
2       50.0000     19.3655     1.8484      
3       3.1158      0.3832      2.8169      
4       1.2843      2.3197      4.9621      
5       0.6551      0.9513      20.0000     
6       40.0000     40.0000     40.0000     

Iteration number: 0.01
State        L           0           R      
1       100.0000    100.0000    100.0000    
2       50.0000     19.3655     1.8484      
3       3.1158      0.3832      2.8169      
4       1.2843      2.3197      9.4962      
5       0.6551      0.9513      20.0000     
6       40.0000     40.0000     40.0000     

Iteration number: 0.01
State        L           0           R      
1       100.0000    100.0000    100.0000    
2       50.0000     19.3655     1.8484      
3       3.1158      0.3832      2.8169      
4       1.2843      2.3197      9.4962      
5       0.6551      0.9513      20.0000     
6       40.0000     40.0000     40.0000     

Iteration number: 0.01
State        L           0           R      
1       100.0000    100.0000    100.0000    
2       50.0000     18.8116     1.8484      
3       3.1158      0.3832      2.8169      
4       1.2843      2.3197      9.4962      
5       0.6551      0.9513      20.0000     
6       40.0000     40.0000     40.0000     

Iteration number: 0.01
State        L           0           R      
1       100.0000    100.0000    100.0000    
2       50.0000     18.8116     1.8484      
3       3.1158      0.3832      2.8169      
4       1.2843      2.3197      9.4962      
5       0.6551      0.9513      20.0000     
6       40.0000     40.0000     40.0000     

Iteration number: 0.01
State        L           0           R      
1       100.0000    100.0000    100.0000    
2       50.0000     18.8116     1.8484      
3       3.1158      0.3832      2.8169      
4       1.2843      2.3197      9.4962      
5       0.6551      0.9513      20.0000     
6       40.0000     40.0000     40.0000     

Iteration number: 0.01
State        L           0           R      
1       100.0000    100.0000    100.0000    
2       50.0000     18.8116     1.8484      
3       3.1158      0.3832      2.8169      
4       1.2843      2.3197      9.4962      
5       0.6551      0.9513      20.0000     
6       40.0000     40.0000     40.0000     

Iteration number: 0.01
State        L           0           R      
1       100.0000    100.0000    100.0000    
2       50.0000     24.3812     1.8484      
3       3.1158      0.3832      2.8169      
4       1.2843      2.3197      9.4962      
5       0.6551      0.9513      20.0000     
6       40.0000     40.0000     40.0000     

Iteration number: 0.01
State        L           0           R      
1       100.0000    100.0000    100.0000    
2       50.0000     24.3812     1.8484      
3       3.1158      0.3832      2.8169      
4       1.2843      2.3197      9.4962      
5       0.6551      0.9513      20.0000     
6       40.0000     40.0000     40.0000     

Iteration number: 0.01
State        L           0           R      
1       100.0000    100.0000    100.0000    
2       50.0000     2.4385      0.1866      
3       11.5623     3.9791      0.3037      
4       1.5347      0.2979      1.1254      
5       0.7686      0.4467      20.0000     
6       40.0000     40.0000     40.0000     

Iteration number: 0.01
State        L           0           R      
1       100.0000    100.0000    100.0000    
2       50.0000     2.4385      0.1866      
3       23.6562     3.9791      0.3037      
4       11.4035     5.6548      1.1254      
5       2.8894      1.4509      20.0000     
6       40.0000     40.0000     40.0000     

Iteration number: 0.01
State        L           0           R      
1       100.0000    100.0000    100.0000    
2       50.0000     2.4385      0.1866      
3       23.6562     3.9791      0.3037      
4       11.4035     5.6548      1.1254      
5       2.8894      1.4509      20.0000     
6       40.0000     40.0000     40.0000     

Iteration number: 0.01
State        L           0           R      
1       100.0000    100.0000    100.0000    
2       50.0000     2.4385      0.1866      
3       23.6562     3.9791      0.3037      
4       11.4035     5.6548      1.1254      
5       2.8894      1.4509      20.0000     
6       40.0000     40.0000     40.0000     

Iteration number: 0.01
State        L           0           R      
1       100.0000    100.0000    100.0000    
2       50.0000     2.4385      0.1866      
3       23.6562     3.9791      0.3037      
4       11.4035     0.7295      4.0500      
5       2.1757      1.4509      20.0000     
6       40.0000     40.0000     40.0000     

Iteration number: 0.01
State        L           0           R      
1       100.0000    100.0000    100.0000    
2       50.0000     2.4385      0.1866      
3       23.6562     3.9791      0.3037      
4       11.4035     0.7295      4.0500      
5       2.1757      1.4509      20.0000     
6       40.0000     40.0000     40.0000     

Iteration number: 0.01
State        L           0           R      
1       100.0000    100.0000    100.0000    
2       50.0000     0.5251      0.5812      
3       2.5062      0.4682      1.1554      
4       1.1755      3.4480      4.9094      
5       0.2286      0.1473      20.0000     
6       40.0000     40.0000     40.0000     

Iteration number: 0.01
State        L           0           R      
1       100.0000    100.0000    100.0000    
2       50.0000     0.5251      0.5812      
3       2.5062      0.4682      1.1554      
4       1.1755      4.8448      9.4909      
5       0.2286      0.1473      20.0000     
6       40.0000     40.0000     40.0000     

Iteration number: 0.01
State        L           0           R      
1       100.0000    100.0000    100.0000    
2       50.0000     22.5525     0.5812      
3       2.5062      0.4682      1.1554      
4       1.1755      4.8448      9.4909      
5       0.2286      0.1473      20.0000     
6       40.0000     40.0000     40.0000     

Iteration number: 0.01
State        L           0           R      
1       100.0000    100.0000    100.0000    
2       50.0000     22.5525     0.5812      
3       2.5062      0.4682      1.1554      
4       1.1755      4.8448      9.4909      
5       0.2286      0.1473      20.0000     
6       40.0000     40.0000     40.0000     

Iteration number: 0.01
State        L           0           R      
1       100.0000    100.0000    100.0000    
2       50.0000     22.5525     0.5812      
3       2.5062      0.4682      1.1554      
4       1.1755      4.8448      5.4491      
5       2.2729      9.0147      20.0000     
6       40.0000     40.0000     40.0000     

Iteration number: 0.01
State        L           0           R      
1       100.0000    100.0000    100.0000    
2       50.0000     22.5525     0.5812      
3       2.5062      0.4682      1.1554      
4       1.1755      4.8448      9.5449      
5       2.2729      9.0147      20.0000     
6       40.0000     40.0000     40.0000     

Iteration number: 0.01
State        L           0           R      
1       100.0000    100.0000    100.0000    
2       50.0000     22.5525     0.5812      
3       2.5062      0.4682      1.1554      
4       1.1755      4.8448      9.5449      
5       2.2729      9.0147      20.0000     
6       40.0000     40.0000     40.0000     

Iteration number: 0.01
State        L           0           R      
1       100.0000    100.0000    100.0000    
2       50.0000     7.8803      11.3081     
3       12.9069     0.4682      1.1554      
4       1.5238      4.8448      9.5449      
5       2.2729      9.0147      20.0000     
6       40.0000     40.0000     40.0000     

Iteration number: 0.01
State        L           0           R      
1       100.0000    100.0000    100.0000    
2       50.0000     7.8803      11.3081     
3       12.9069     0.4682      1.1554      
4       1.5238      4.8448      9.5449      
5       2.2729      9.9015      20.0000     
6       40.0000     40.0000     40.0000     

Iteration number: 0.01
State        L           0           R      
1       100.0000    100.0000    100.0000    
2       50.0000     7.8803      11.3081     
3       23.7907     0.4682      1.1554      
4       11.4024     4.8448      9.5449      
5       2.2729      9.9015      20.0000     
6       40.0000     40.0000     40.0000     

Iteration number: 0.01
State        L           0           R      
1       100.0000    100.0000    100.0000    
2       50.0000     7.8803      11.3081     
3       23.7907     0.4682      1.1554      
4       11.4024     4.8448      9.5449      
5       2.2729      9.9015      20.0000     
6       40.0000     40.0000     40.0000     

Iteration number: 0.01
State        L           0           R      
1       100.0000    100.0000    100.0000    
2       50.0000     7.8803      11.3081     
3       23.7907     0.4682      1.1554      
4       11.4024     4.8448      9.5449      
5       2.2729      9.9015      20.0000     
6       40.0000     40.0000     40.0000     

Iteration number: 0.01
State        L           0           R      
1       100.0000    100.0000    100.0000    
2       50.0000     7.8803      11.3081     
3       23.7907     0.4682      1.1554      
4       11.4024     4.8448      9.5449      
5       2.2729      9.9901      20.0000     
6       40.0000     40.0000     40.0000     

Iteration number: 0.01
State        L           0           R      
1       100.0000    100.0000    100.0000    
2       50.0000     7.8803      11.3081     
3       23.7907     0.4682      4.6155      
4       11.4024     4.8448      9.9545      
5       2.2729      9.9901      20.0000     
6       40.0000     40.0000     40.0000     

Iteration number: 0.01
State        L           0           R      
1       100.0000    100.0000    100.0000    
2       50.0000     7.8803      11.3081     
3       23.7907     0.4682      4.9616      
4       11.4024     4.8448      9.9954      
5       2.2729      9.9901      20.0000     
6       40.0000     40.0000     40.0000     

Iteration number: 0.01
State        L           0           R      
1       100.0000    100.0000    100.0000    
2       50.0000     7.8803      11.3081     
3       23.7907     0.4682      4.9616      
4       11.4024     4.8448      9.9954      
5       2.2729      9.9901      20.0000     
6       40.0000     40.0000     40.0000     

Iteration number: 0.01
State        L           0           R      
1       100.0000    100.0000    100.0000    
2       50.0000     7.8803      11.3081     
3       24.8791     0.5742      1.9024      
4       12.3902     4.7032      9.9954      
5       2.2729      9.9901      20.0000     
6       40.0000     40.0000     40.0000     

Iteration number: 0.01
State        L           0           R      
1       100.0000    100.0000    100.0000    
2       50.0000     7.8803      11.3081     
3       24.9879     0.5742      1.9024      
4       12.3902     4.7032      9.9954      
5       2.2729      9.9901      20.0000     
6       40.0000     40.0000     40.0000     

Iteration number: 0.01
State        L           0           R      
1       100.0000    100.0000    100.0000    
2       50.0000     7.8803      11.3081     
3       24.9879     0.5742      1.9024      
4       12.3902     4.7032      9.9954      
5       2.2729      9.9901      20.0000     
6       40.0000     40.0000     40.0000     

Iteration number: 0.01
State        L           0           R      
1       100.0000    100.0000    100.0000    
2       50.0000     23.2880     11.3081     
3       13.7488     1.1121      1.6844      
4       4.2273      4.7032      9.9954      
5       2.2729      9.9901      20.0000     
6       40.0000     40.0000     40.0000     

Iteration number: 0.01
State        L           0           R      
1       100.0000    100.0000    100.0000    
2       50.0000     23.2880     11.3081     
3       23.8749     1.1121      1.6844      
4       11.6727     4.7032      9.9954      
5       2.2729      9.9901      20.0000     
6       40.0000     40.0000     40.0000     

Iteration number: 0.01
State        L           0           R      
1       100.0000    100.0000    100.0000    
2       50.0000     23.2880     11.3081     
3       24.8875     1.1121      1.6844      
4       12.4173     4.7032      9.9954      
5       2.2729      9.9901      20.0000     
6       40.0000     40.0000     40.0000     

Iteration number: 0.01
State        L           0           R      
1       100.0000    100.0000    100.0000    
2       50.0000     23.2880     11.3081     
3       24.9887     1.1121      1.6844      
4       12.4917     4.7032      9.9954      
5       5.8523      3.8115      20.0000     
6       40.0000     40.0000     40.0000     

Iteration number: 0.01
State        L           0           R      
1       100.0000    100.0000    100.0000    
2       50.0000     23.2880     11.3081     
3       24.9887     1.1121      1.6844      
4       12.4917     4.7032      9.9954      
5       5.8523      3.8115      20.0000     
6       40.0000     40.0000     40.0000     

Iteration number: 0.01
State        L           0           R      
1       100.0000    100.0000    100.0000    
2       50.0000     23.2880     11.3081     
3       24.9887     1.1121      0.4497      
4       12.4917     1.0328      2.1245      
5       5.8523      5.6312      20.0000     
6       40.0000     40.0000     40.0000     

Iteration number: 0.01
State        L           0           R      
1       100.0000    100.0000    100.0000    
2       50.0000     23.2880     11.3081     
3       24.9887     1.1121      0.4497      
4       12.4917     1.0328      2.1245      
5       5.8523      5.6312      20.0000     
6       40.0000     40.0000     40.0000     

Iteration number: 0.01
State        L           0           R      
1       100.0000    100.0000    100.0000    
2       50.0000     23.2880     11.3081     
3       24.9887     1.1121      0.4497      
4       12.4917     1.0328      2.1245      
5       5.8523      5.6312      20.0000     
6       40.0000     40.0000     40.0000     

Iteration number: 0.01
State        L           0           R      
1       100.0000    100.0000    100.0000    
2       50.0000     24.8288     11.3081     
3       13.7489     0.1625      1.5391      
4       4.7648      1.0328      0.5640      
5       1.2884      5.6312      20.0000     
6       40.0000     40.0000     40.0000     

Iteration number: 0.01
State        L           0           R      
1       100.0000    100.0000    100.0000    
2       50.0000     24.8288     11.3081     
3       13.7489     0.1625      1.5391      
4       4.7648      1.0328      0.5640      
5       1.2884      5.6312      20.0000     
6       40.0000     40.0000     40.0000     

Iteration number: 0.01
State        L           0           R      
1       100.0000    100.0000    100.0000    
2       50.0000     24.8288     11.3081     
3       13.7489     0.1625      1.5391      
4       4.7648      1.0328      0.5640      
5       1.2884      5.6312      20.0000     
6       40.0000     40.0000     40.0000     

Iteration number: 0.01
State        L           0           R      
1       100.0000    100.0000    100.0000    
2       50.0000     2.5532      1.4824      
3       1.5331      1.7037      4.6539      
4       0.4941      1.0328      9.0564      
5       1.2884      5.6312      20.0000     
6       40.0000     40.0000     40.0000     

Iteration number: 0.01
State        L           0           R      
1       100.0000    100.0000    100.0000    
2       50.0000     2.5532      1.4824      
3       1.5331      1.7037      4.6539      
4       0.4941      1.0328      9.0564      
5       1.2884      5.6312      20.0000     
6       40.0000     40.0000     40.0000     

Iteration number: 0.01
State        L           0           R      
1       100.0000    100.0000    100.0000    
2       50.0000     2.5532      1.4824      
3       1.5331      1.7037      4.6539      
4       0.4941      1.0328      9.0564      
5       1.2884      5.6312      20.0000     
6       40.0000     40.0000     40.0000     

Iteration number: 0.01
State        L           0           R      
1       100.0000    100.0000    100.0000    
2       50.0000     2.5532      1.4824      
3       1.5331      1.7037      4.6539      
4       0.4941      1.0328      9.0564      
5       1.2884      5.6312      20.0000     
6       40.0000     40.0000     40.0000     

Iteration number: 0.01
State        L           0           R      
1       100.0000    100.0000    100.0000    
2       50.0000     0.6772      1.2732      
3       0.2939      2.4204      4.9654      
4       0.4941      1.0328      9.9056      
5       1.2884      5.6312      20.0000     
6       40.0000     40.0000     40.0000     

Iteration number: 0.01
State        L           0           R      
1       100.0000    100.0000    100.0000    
2       50.0000     0.6772      1.2732      
3       0.2939      2.4204      4.9654      
4       0.4941      1.0328      9.9056      
5       1.2884      5.6312      20.0000     
6       40.0000     40.0000     40.0000     

Iteration number: 0.01
State        L           0           R      
1       100.0000    100.0000    100.0000    
2       50.0000     0.2083      0.4086      
3       0.2939      2.4204      1.9028      
4       1.1744      4.6033      9.9906      
5       1.2884      5.6312      20.0000     
6       40.0000     40.0000     40.0000     

Iteration number: 0.01
State        L           0           R      
1       100.0000    100.0000    100.0000    
2       50.0000     0.2083      0.4086      
3       0.2939      2.4204      1.9028      
4       1.1744      4.6033      9.9906      
5       1.2884      5.6312      20.0000     
6       40.0000     40.0000     40.0000     

Iteration number: 0.01
State        L           0           R      
1       100.0000    100.0000    100.0000    
2       50.0000     0.2083      0.4086      
3       0.2939      2.4204      1.9028      
4       1.1744      4.6033      9.9906      
5       1.2884      5.6312      20.0000     
6       40.0000     40.0000     40.0000     

Iteration number: 0.01
State        L           0           R      
1       100.0000    100.0000    100.0000    
2       50.0000     0.2083      0.3924      
3       11.3673     4.1993      0.4329      
4       0.6027      4.6033      9.9906      
5       1.2884      5.6312      20.0000     
6       40.0000     40.0000     40.0000     

Iteration number: 0.01
State        L           0           R      
1       100.0000    100.0000    100.0000    
2       50.0000     0.2083      0.3924      
3       11.3673     4.1993      0.4329      
4       0.6027      4.6033      9.9906      
5       1.2884      5.6312      20.0000     
6       40.0000     40.0000     40.0000     

Iteration number: 0.01
State        L           0           R      
1       100.0000    100.0000    100.0000    
2       50.0000     0.2083      0.3924      
3       11.3673     4.1993      0.4329      
4       0.6027      4.6033      9.9906      
5       1.2884      5.6312      20.0000     
6       40.0000     40.0000     40.0000     

Iteration number: 0.01
State        L           0           R      
1       100.0000    100.0000    100.0000    
2       50.0000     16.8958     0.3924      
3       6.7617      3.2324      0.4329      
4       0.6027      4.6033      9.9906      
5       1.2884      5.6312      20.0000     
6       40.0000     40.0000     40.0000     

Iteration number: 0.01
State        L           0           R      
1       100.0000    100.0000    100.0000    
2       50.0000     16.8958     0.3924      
3       23.1762     3.2324      0.4329      
4       0.6027      4.6033      9.9906      
5       1.2884      5.6312      20.0000     
6       40.0000     40.0000     40.0000     

Iteration number: 0.01
State        L           0           R      
1       100.0000    100.0000    100.0000    
2       50.0000     16.8958     0.3924      
3       24.8176     3.2324      0.4329      
4       11.3103     4.6033      9.9906      
5       5.7538      5.6312      20.0000     
6       40.0000     40.0000     40.0000     

Iteration number: 0.01
State        L           0           R      
1       100.0000    100.0000    100.0000    
2       50.0000     16.8958     0.3924      
3       24.9818     3.2324      0.4329      
4       12.3810     4.6033      9.9906      
5       6.2004      5.6312      20.0000     
6       40.0000     40.0000     40.0000     

Iteration number: 0.01
State        L           0           R      
1       100.0000    100.0000    100.0000    
2       50.0000     16.8958     0.3924      
3       24.9982     3.2324      0.4329      
4       12.4881     4.6033      9.9906      
5       6.2450      5.6312      20.0000     
6       40.0000     40.0000     40.0000     

Iteration number: 0.01
State        L           0           R      
1       100.0000    100.0000    100.0000    
2       50.0000     16.8958     0.3924      
3       24.9998     3.2324      0.4329      
4       12.4988     4.6033      9.9906      
5       6.2495      5.6312      20.0000     
6       40.0000     40.0000     40.0000     

Iteration number: 0.01
State        L           0           R      
1       100.0000    100.0000    100.0000    
2       50.0000     16.8958     0.3924      
3       24.9998     3.2324      0.4329      
4       12.4988     4.6033      9.9906      
5       6.2495      5.6312      20.0000     
6       40.0000     40.0000     40.0000     

Iteration number: 0.01
State        L           0           R      
1       100.0000    100.0000    100.0000    
2       50.0000     16.8958     0.0744      
3       2.5176      0.3936      0.1147      
4       1.2548      0.6032      5.7803      
5       2.8752      2.2506      20.0000     
6       40.0000     40.0000     40.0000     

Iteration number: 0.01
State        L           0           R      
1       100.0000    100.0000    100.0000    
2       50.0000     16.8958     0.0744      
3       2.5176      0.3936      0.1147      
4       1.2548      0.6032      9.5780      
5       2.8752      2.2506      20.0000     
6       40.0000     40.0000     40.0000     

Iteration number: 0.01
State        L           0           R      
1       100.0000    100.0000    100.0000    
2       50.0000     16.8958     2.2574      
3       1.3768      0.3936      4.5115      
4       1.2548      0.6032      9.9578      
5       2.8752      2.2506      20.0000     
6       40.0000     40.0000     40.0000     

Iteration number: 0.01
State        L           0           R      
1       100.0000    100.0000    100.0000    
2       50.0000     16.8958     2.2574      
3       1.3768      0.3936      4.5115      
4       1.2548      0.6032      9.9578      
5       2.8752      2.2506      20.0000     
6       40.0000     40.0000     40.0000     

Iteration number: 0.01
State        L           0           R      
1       100.0000    100.0000    100.0000    
2       50.0000     16.8958     0.3664      
3       0.2080      0.3936      0.7324      
4       1.2548      2.3103      3.5270      
5       1.4125      9.2251      20.0000     
6       40.0000     40.0000     40.0000     

Iteration number: 0.01
State        L           0           R      
1       100.0000    100.0000    100.0000    
2       50.0000     16.8958     0.3664      
3       0.2080      0.3936      0.7324      
4       1.2548      2.3103      3.5270      
5       1.4125      9.2251      20.0000     
6       40.0000     40.0000     40.0000     

Iteration number: 0.01
State        L           0           R      
1       100.0000    100.0000    100.0000    
2       50.0000     24.1896     5.6616      
3       11.2708     0.3936      0.7324      
4       1.2548      2.3103      3.5270      
5       1.4125      9.2251      20.0000     
6       40.0000     40.0000     40.0000     

Iteration number: 0.01
State        L           0           R      
1       100.0000    100.0000    100.0000    
2       50.0000     24.1896     5.6616      
3       23.6271     0.3936      0.7324      
4       11.3755     5.8560      3.5270      
5       2.9538      9.2251      20.0000     
6       40.0000     40.0000     40.0000     

Iteration number: 0.01
State        L           0           R      
1       100.0000    100.0000    100.0000    
2       50.0000     24.1896     5.6616      
3       23.6271     0.3936      0.7324      
4       11.3755     5.8560      3.5270      
5       2.9538      9.2251      20.0000     
6       40.0000     40.0000     40.0000     

Iteration number: 0.01
State        L           0           R      
1       100.0000    100.0000    100.0000    
2       50.0000     24.1896     5.6616      
3       23.6271     1.1644      2.3232      
4       11.3755     5.0856      9.3527      
5       2.9538      9.2251      20.0000     
6       40.0000     40.0000     40.0000     

Iteration number: 0.01
State        L           0           R      
1       100.0000    100.0000    100.0000    
2       50.0000     24.1896     5.6616      
3       23.6271     1.1644      2.3232      
4       11.3755     5.0856      9.9353      
5       2.9538      9.2251      20.0000     
6       40.0000     40.0000     40.0000     

Iteration number: 0.01
State        L           0           R      
1       100.0000    100.0000    100.0000    
2       50.0000     24.1896     5.6616      
3       23.6271     1.1644      2.3232      
4       11.3755     5.0856      9.9353      
5       2.9538      9.2251      20.0000     
6       40.0000     40.0000     40.0000     

Iteration number: 0.01
State        L           0           R      
1       100.0000    100.0000    100.0000    
2       50.0000     24.1896     5.6616      
3       23.6271     1.1644      2.3232      
4       11.3755     5.0856      9.9353      
5       2.9538      9.9225      20.0000     
6       40.0000     40.0000     40.0000     

Iteration number: 0.01
State        L           0           R      
1       100.0000    100.0000    100.0000    
2       50.0000     24.1896     5.6616      
3       24.8627     11.3664     3.0448      
4       6.7625      5.0856      9.9353      
5       2.9538      9.9225      20.0000     
6       40.0000     40.0000     40.0000     

Iteration number: 0.01
State        L           0           R      
1       100.0000    100.0000    100.0000    
2       50.0000     24.1896     5.6616      
3       24.8627     11.3664     3.0448      
4       6.7625      5.0856      9.9353      
5       2.9538      9.9225      20.0000     
6       40.0000     40.0000     40.0000     

Iteration number: 0.01
State        L           0           R      
1       100.0000    100.0000    100.0000    
2       50.0000     24.1896     5.6616      
3       24.8627     11.3664     3.0448      
4       6.7625      5.0856      9.9353      
5       2.9538      9.9225      20.0000     
6       40.0000     40.0000     40.0000     

Iteration number: 0.01
State        L           0           R      
1       100.0000    100.0000    100.0000    
2       50.0000     24.1896     5.6616      
3       24.8627     11.3664     3.0448      
4       6.7625      5.0856      9.9353      
5       2.9538      9.9225      20.0000     
6       40.0000     40.0000     40.0000     

Iteration number: 0.01
State        L           0           R      
1       100.0000    100.0000    100.0000    
2       50.0000     24.1896     5.6616      
3       24.9863     11.3664     3.0448      
4       6.7625      5.0856      9.9353      
5       2.9538      9.9225      20.0000     
6       40.0000     40.0000     40.0000     

Iteration number: 0.01
State        L           0           R      
1       100.0000    100.0000    100.0000    
2       50.0000     24.1896     5.6616      
3       24.9863     11.3664     3.0448      
4       6.7625      5.0856      9.9353      
5       2.9538      9.9225      20.0000     
6       40.0000     40.0000     40.0000     

Iteration number: 0.01
State        L           0           R      
1       100.0000    100.0000    100.0000    
2       50.0000     24.1896     5.6616      
3       24.9863     11.3664     3.0448      
4       6.7625      5.0856      9.9353      
5       2.9538      9.9225      20.0000     
6       40.0000     40.0000     40.0000     

Iteration number: 0.01
State        L           0           R      
1       100.0000    100.0000    100.0000    
2       50.0000     24.1896     5.6616      
3       24.9863     11.3664     3.0448      
4       6.7625      5.0856      9.9353      
5       2.9538      9.9225      20.0000     
6       40.0000     40.0000     40.0000     

Iteration number: 0.01
State        L           0           R      
1       100.0000    100.0000    100.0000    
2       50.0000     24.1896     5.6616      
3       24.9863     11.3664     3.0448      
4       6.7625      5.0856      9.9353      
5       2.9538      9.9225      20.0000     
6       40.0000     40.0000     40.0000     

Iteration number: 0.01
State        L           0           R      
1       100.0000    100.0000    100.0000    
2       50.0000     24.1896     5.6616      
3       24.9863     11.3664     4.8045      
4       6.7625      5.0856      9.9935      
5       2.9538      9.9225      20.0000     
6       40.0000     40.0000     40.0000     

Iteration number: 0.01
State        L           0           R      
1       100.0000    100.0000    100.0000    
2       50.0000     24.1896     5.6616      
3       24.9863     11.3664     4.8045      
4       6.7625      5.0856      9.9935      
5       2.9538      9.9225      20.0000     
6       40.0000     40.0000     40.0000     

Iteration number: 0.01
State        L           0           R      
1       100.0000    100.0000    100.0000    
2       50.0000     24.1896     5.6616      
3       24.9863     11.3664     4.8045      
4       6.7625      2.8523      5.7806      
5       1.4204      9.9225      20.0000     
6       40.0000     40.0000     40.0000     

Iteration number: 0.01
State        L           0           R      
1       100.0000    100.0000    100.0000    
2       50.0000     24.1896     5.6616      
3       24.9863     11.3664     4.8045      
4       6.7625      2.8523      5.7806      
5       1.4204      9.9225      20.0000     
6       40.0000     40.0000     40.0000     

Iteration number: 0.01
State        L           0           R      
1       100.0000    100.0000    100.0000    
2       50.0000     24.1896     5.6616      
3       24.9863     11.3664     4.8045      
4       6.7625      2.8523      5.7806      
5       1.4204      9.9225      20.0000     
6       40.0000     40.0000     40.0000     

Iteration number: 0.01
State        L           0           R      
1       100.0000    100.0000    100.0000    
2       50.0000     24.1896     5.6616      
3       24.9863     11.3664     4.8045      
4       6.7625      2.8523      5.7806      
5       1.4204      9.9225      20.0000     
6       40.0000     40.0000     40.0000     

Iteration number: 0.01
State        L           0           R      
1       100.0000    100.0000    100.0000    
2       50.0000     2.4277      0.6101      
3       2.5184      1.1750      0.5610      
4       0.6767      0.2853      0.9531      
5       0.1420      4.1423      20.0000     
6       40.0000     40.0000     40.0000     

Iteration number: 0.01
State        L           0           R      
1       100.0000    100.0000    100.0000    
2       50.0000     2.4277      0.6101      
3       2.5184      1.1750      0.5610      
4       0.6767      0.2853      0.9531      
5       0.1420      4.1423      20.0000     
6       40.0000     40.0000     40.0000     

Iteration number: 0.01
State        L           0           R      
1       100.0000    100.0000    100.0000    
2       50.0000     2.4277      0.6101      
3       2.5184      1.1750      0.5610      
4       0.6767      0.2853      0.9531      
5       0.1420      4.1423      20.0000     
6       40.0000     40.0000     40.0000     

Iteration number: 0.01
State        L           0           R      
1       100.0000    100.0000    100.0000    
2       50.0000     2.4277      0.6101      
3       2.5184      1.1750      0.5610      
4       0.6767      0.2853      0.9531      
5       0.1420      4.1423      20.0000     
6       40.0000     40.0000     40.0000     

Iteration number: 0.01
State        L           0           R      
1       100.0000    100.0000    100.0000    
2       50.0000     2.4277      0.6101      
3       2.5184      1.1750      0.5610      
4       0.6767      0.2853      0.9531      
5       0.1420      4.1423      20.0000     
6       40.0000     40.0000     40.0000     

Iteration number: 0.01
State        L           0           R      
1       100.0000    100.0000    100.0000    
2       50.0000     2.4277      0.6101      
3       2.5184      1.1750      0.5610      
4       0.6767      0.2853      0.9531      
5       0.1420      4.1423      20.0000     
6       40.0000     40.0000     40.0000     

Iteration number: 0.01
State        L           0           R      
1       100.0000    100.0000    100.0000    
2       50.0000     10.7896     0.6101      
3       1.6581      1.1750      0.5610      
4       0.6767      0.2853      0.9531      
5       0.1420      4.1423      20.0000     
6       40.0000     40.0000     40.0000     

Iteration number: 0.01
State        L           0           R      
1       100.0000    100.0000    100.0000    
2       50.0000     10.7896     0.6101      
3       22.6658     1.1750      0.5610      
4       0.6767      0.2853      0.9531      
5       0.1420      4.1423      20.0000     
6       40.0000     40.0000     40.0000     

Iteration number: 0.01
State        L           0           R      
1       100.0000    100.0000    100.0000    
2       50.0000     10.7896     0.6101      
3       22.6658     1.1750      0.5610      
4       0.6767      0.2853      0.9531      
5       0.1420      4.1423      20.0000     
6       40.0000     40.0000     40.0000     

Iteration number: 0.01
State        L           0           R      
1       100.0000    100.0000    100.0000    
2       50.0000     10.7896     0.6101      
3       24.7666     1.1750      0.5610      
4       0.6767      0.2853      0.9531      
5       0.1420      4.1423      20.0000     
6       40.0000     40.0000     40.0000     

Iteration number: 0.01
State        L           0           R      
1       100.0000    100.0000    100.0000    
2       50.0000     10.7896     0.6101      
3       24.9767     1.1750      0.5610      
4       0.6767      0.2853      0.9531      
5       0.1420      4.1423      20.0000     
6       40.0000     40.0000     40.0000     

Iteration number: 0.01
State        L           0           R      
1       100.0000    100.0000    100.0000    
2       50.0000     10.7896     0.6101      
3       24.9977     1.1750      0.5610      
4       0.6767      0.2853      0.9531      
5       0.1420      4.1423      20.0000     
6       40.0000     40.0000     40.0000     

Iteration number: 0.01
State        L           0           R      
1       100.0000    100.0000    100.0000    
2       50.0000     10.7896     0.6101      
3       24.9977     1.1750      0.5610      
4       0.6767      0.2853      0.9531      
5       0.1420      4.1423      20.0000     
6       40.0000     40.0000     40.0000     

Iteration number: 0.01
State        L           0           R      
1       100.0000    100.0000    100.0000    
2       50.0000     10.7896     0.6101      
3       24.9977     1.1750      0.5610      
4       0.6767      0.2853      0.9531      
5       0.1420      4.1423      20.0000     
6       40.0000     40.0000     40.0000     

Iteration number: 0.01
State        L           0           R      
1       100.0000    100.0000    100.0000    
2       50.0000     10.7896     0.6101      
3       24.9998     1.1750      0.5610      
4       0.6767      0.2853      0.9531      
5       0.1420      4.1423      20.0000     
6       40.0000     40.0000     40.0000     

Iteration number: 0.01
State        L           0           R      
1       100.0000    100.0000    100.0000    
2       50.0000     10.7896     0.6101      
3       24.9998     1.1750      0.5610      
4       0.6767      0.2853      0.9531      
5       0.1420      4.1423      20.0000     
6       40.0000     40.0000     40.0000     

Iteration number: 0.01
State        L           0           R      
1       100.0000    100.0000    100.0000    
2       50.0000     10.7896     0.6101      
3       24.9998     1.1750      0.5610      
4       0.6767      0.2853      0.9531      
5       0.1420      4.1423      20.0000     
6       40.0000     40.0000     40.0000     

Iteration number: 0.01
State        L           0           R      
1       100.0000    100.0000    100.0000    
2       50.0000     10.7896     0.6101      
3       24.9998     1.1750      0.5610      
4       0.6767      0.2853      0.9531      
5       0.1420      4.1423      20.0000     
6       40.0000     40.0000     40.0000     

Iteration number: 0.01
State        L           0           R      
1       100.0000    100.0000    100.0000    
2       50.0000     12.4169     0.1626      
3       4.7730      0.2351      0.4078      
4       1.4743      0.9661      0.0953      
5       0.0143      4.1423      20.0000     
6       40.0000     40.0000     40.0000     

Iteration number: 0.01
State        L           0           R      
1       100.0000    100.0000    100.0000    
2       50.0000     12.4169     0.1626      
3       4.7730      0.2351      0.4078      
4       1.4743      0.9661      0.0953      
5       0.0143      4.1423      20.0000     
6       40.0000     40.0000     40.0000     

Iteration number: 0.01
State        L           0           R      
1       100.0000    100.0000    100.0000    
2       50.0000     9.6792      0.0164      
3       2.3523      0.0240      0.0415      
4       1.0849      0.0987      0.0205      
5       0.2871      0.6779      20.0000     
6       40.0000     40.0000     40.0000     

Iteration number: 0.01
State        L           0           R      
1       100.0000    100.0000    100.0000    
2       50.0000     9.6792      0.0164      
3       22.7352     0.0240      0.0415      
4       11.3585     0.0987      0.0205      
5       5.6537      2.1772      20.0000     
6       40.0000     40.0000     40.0000     

Iteration number: 0.01
State        L           0           R      
1       100.0000    100.0000    100.0000    
2       50.0000     9.6792      0.0164      
3       24.7735     0.0240      0.0415      
4       12.3858     0.0987      0.0205      
5       6.1904      2.1772      20.0000     
6       40.0000     40.0000     40.0000     

Iteration number: 0.01
State        L           0           R      
1       100.0000    100.0000    100.0000    
2       50.0000     9.6792      0.0164      
3       24.9774     0.0240      0.0415      
4       12.3858     0.0987      0.0205      
5       6.1904      2.1772      20.0000     
6       40.0000     40.0000     40.0000     

Iteration number: 0.01
State        L           0           R      
1       100.0000    100.0000    100.0000    
2       50.0000     9.6792      0.0164      
3       24.9977     0.0240      0.0415      
4       12.4886     0.0987      0.0205      
5       6.1904      2.1772      20.0000     
6       40.0000     40.0000     40.0000     

Iteration number: 0.01
State        L           0           R      
1       100.0000    100.0000    100.0000    
2       50.0000     9.6792      0.0164      
3       24.9977     0.0240      0.0415      
4       12.4886     0.0987      0.0205      
5       6.1904      2.1772      20.0000     
6       40.0000     40.0000     40.0000     

Iteration number: 0.01
State        L           0           R      
1       100.0000    100.0000    100.0000    
2       50.0000     9.6792      0.0164      
3       24.9977     0.0240      0.0415      
4       12.4886     0.0987      0.0205      
5       6.1904      2.1772      20.0000     
6       40.0000     40.0000     40.0000     

Iteration number: 0.01
State        L           0           R      
1       100.0000    100.0000    100.0000    
2       50.0000     9.6792      0.0164      
3       24.9998     0.0240      0.0415      
4       12.4886     0.0987      0.0205      
5       6.1904      2.1772      20.0000     
6       40.0000     40.0000     40.0000     

Iteration number: 0.01
State        L           0           R      
1       100.0000    100.0000    100.0000    
2       50.0000     9.6792      0.0164      
3       24.9998     0.0240      0.0415      
4       12.4886     0.0987      0.0205      
5       6.1904      2.1772      20.0000     
6       40.0000     40.0000     40.0000     

Iteration number: 0.01
State        L           0           R      
1       100.0000    100.0000    100.0000    
2       50.0000     23.4679     0.0164      
3       24.9998     0.0240      0.0415      
4       12.4886     0.0987      0.0205      
5       6.1904      2.1772      20.0000     
6       40.0000     40.0000     40.0000     

Iteration number: 0.01
State        L           0           R      
1       100.0000    100.0000    100.0000    
2       50.0000     23.4679     0.0164      
3       24.9998     0.0240      0.0415      
4       12.4886     0.0987      0.0205      
5       6.1904      2.1772      20.0000     
6       40.0000     40.0000     40.0000     

Iteration number: 0.01
State        L           0           R      
1       100.0000    100.0000    100.0000    
2       50.0000     9.8470      0.0020      
3       8.1250      2.1200      0.0193      
4       1.7195      0.2742      0.0899      
5       0.7948      2.1772      20.0000     
6       40.0000     40.0000     40.0000     

Iteration number: 0.01
State        L           0           R      
1       100.0000    100.0000    100.0000    
2       50.0000     9.8470      0.0020      
3       8.1250      2.1200      0.0193      
4       1.7195      0.2742      0.0899      
5       0.7948      2.1772      20.0000     
6       40.0000     40.0000     40.0000     

Iteration number: 0.01
State        L           0           R      
1       100.0000    100.0000    100.0000    
2       50.0000     9.8470      5.6252      
3       13.4688     11.4620     0.0193      
4       1.7195      0.2742      0.0899      
5       0.7948      2.1772      20.0000     
6       40.0000     40.0000     40.0000     

Iteration number: 0.01
State        L           0           R      
1       100.0000    100.0000    100.0000    
2       50.0000     9.8470      5.6252      
3       23.8469     11.4620     0.0193      
4       11.4219     5.6524      0.0899      
5       0.7948      2.1772      20.0000     
6       40.0000     40.0000     40.0000     

Iteration number: 0.01
State        L           0           R      
1       100.0000    100.0000    100.0000    
2       50.0000     9.8470      5.6252      
3       24.8847     11.4620     0.0193      
4       12.3922     5.6524      0.0899      
5       5.7045      2.1772      20.0000     
6       40.0000     40.0000     40.0000     

Iteration number: 0.01
State        L           0           R      
1       100.0000    100.0000    100.0000    
2       50.0000     9.8470      5.6252      
3       24.8847     11.4620     0.0193      
4       12.3922     5.6524      0.0899      
5       5.7045      2.1772      20.0000     
6       40.0000     40.0000     40.0000     

Iteration number: 0.01
State        L           0           R      
1       100.0000    100.0000    100.0000    
2       50.0000     9.8470      2.8125      
3       24.8847     11.4620     4.5019      
4       12.3922     5.6524      9.0090      
5       5.7045      2.1772      20.0000     
6       40.0000     40.0000     40.0000     

Iteration number: 0.01
State        L           0           R      
1       100.0000    100.0000    100.0000    
2       50.0000     9.8470      2.8125      
3       24.8847     11.4620     4.5019      
4       12.3922     5.6524      9.9009      
5       5.7045      2.1772      20.0000     
6       40.0000     40.0000     40.0000     

Iteration number: 0.01
State        L           0           R      
1       100.0000    100.0000    100.0000    
2       50.0000     9.8470      2.8125      
3       24.8847     11.4620     4.5019      
4       12.3922     5.6524      9.9901      
5       5.7045      2.1772      20.0000     
6       40.0000     40.0000     40.0000     

Iteration number: 0.01
State        L           0           R      
1       100.0000    100.0000    100.0000    
2       50.0000     9.8470      2.8125      
3       24.9885     11.4620     4.5019      
4       12.3922     5.6524      9.9901      
5       5.7045      2.1772      20.0000     
6       40.0000     40.0000     40.0000     

Iteration number: 0.01
State        L           0           R      
1       100.0000    100.0000    100.0000    
2       50.0000     9.8470      2.8125      
3       24.9988     11.4620     4.5019      
4       12.3922     5.6524      9.9901      
5       5.7045      2.1772      20.0000     
6       40.0000     40.0000     40.0000     

Iteration number: 0.01
State        L           0           R      
1       100.0000    100.0000    100.0000    
2       50.0000     9.8470      2.8125      
3       24.9988     11.4620     4.5019      
4       12.3922     5.6524      9.9901      
5       5.7045      2.1772      20.0000     
6       40.0000     40.0000     40.0000     

Iteration number: 0.01
State        L           0           R      
1       100.0000    100.0000    100.0000    
2       50.0000     9.8470      2.8125      
3       24.9988     11.4620     1.0127      
4       1.5205      5.6524      6.0615      
5       2.8908      2.4677      20.0000     
6       40.0000     40.0000     40.0000     

Iteration number: 0.01
State        L           0           R      
1       100.0000    100.0000    100.0000    
2       50.0000     9.8470      2.8125      
3       24.9988     11.4620     1.0127      
4       1.5205      5.6524      6.0615      
5       2.8908      2.4677      20.0000     
6       40.0000     40.0000     40.0000     

Iteration number: 0.01
State        L           0           R      
1       100.0000    100.0000    100.0000    
2       50.0000     6.6097      11.5313     
3       24.9999     11.4620     1.0127      
4       1.5205      5.6524      6.0615      
5       2.8908      2.4677      20.0000     
6       40.0000     40.0000     40.0000     

Iteration number: 0.01
State        L           0           R      
1       100.0000    100.0000    100.0000    
2       50.0000     6.6097      11.5313     
3       25.0000     11.4620     1.0127      
4       1.5205      5.6524      6.0615      
5       2.8908      2.4677      20.0000     
6       40.0000     40.0000     40.0000     

Iteration number: 0.01
State        L           0           R      
1       100.0000    100.0000    100.0000    
2       50.0000     6.6097      11.5313     
3       25.0000     11.4620     1.0127      
4       1.5205      5.6524      6.0615      
5       2.8908      2.4677      20.0000     
6       40.0000     40.0000     40.0000     

Iteration number: 0.01
State        L           0           R      
1       100.0000    100.0000    100.0000    
2       50.0000     6.6097      11.5313     
3       25.0000     11.4620     1.0127      
4       1.5205      5.6524      6.0615      
5       2.8908      2.4677      20.0000     
6       40.0000     40.0000     40.0000     

Iteration number: 0.01
State        L           0           R      
1       100.0000    100.0000    100.0000    
2       50.0000     6.6097      11.5313     
3       25.0000     11.4620     1.0127      
4       1.5205      0.6356      1.5905      
5       0.9922      6.9968      20.0000     
6       40.0000     40.0000     40.0000     

Iteration number: 0.01
State        L           0           R      
1       100.0000    100.0000    100.0000    
2       50.0000     6.6097      11.5313     
3       25.0000     11.4620     1.0127      
4       1.5205      0.6356      1.5905      
5       0.9922      6.9968      20.0000     
6       40.0000     40.0000     40.0000     

Iteration number: 0.01
State        L           0           R      
1       100.0000    100.0000    100.0000    
2       50.0000     0.6610      1.1559      
3       2.5018      1.1463      0.1071      
4       0.1522      0.6663      1.0661      
5       0.1344      5.2348      20.0000     
6       40.0000     40.0000     40.0000     

Iteration number: 0.01
State        L           0           R      
1       100.0000    100.0000    100.0000    
2       50.0000     12.7223     5.7406      
3       6.5783      1.1463      0.1071      
4       0.1522      0.6663      1.0661      
5       0.1344      5.2348      20.0000     
6       40.0000     40.0000     40.0000     

Iteration number: 0.01
State        L           0           R      
1       100.0000    100.0000    100.0000    
2       50.0000     12.7223     5.7406      
3       23.1578     1.1463      0.1071      
4       11.2652     0.6663      1.0661      
5       0.1344      5.2348      20.0000     
6       40.0000     40.0000     40.0000     

Iteration number: 0.01
State        L           0           R      
1       100.0000    100.0000    100.0000    
2       50.0000     12.7223     5.7406      
3       23.1578     1.1463      0.1071      
4       11.2652     0.6663      1.0661      
5       0.1344      5.2348      20.0000     
6       40.0000     40.0000     40.0000     

Iteration number: 0.01
State        L           0           R      
1       100.0000    100.0000    100.0000    
2       50.0000     1.2810      0.9784      
3       2.6146      2.3646      2.3310      
4       1.4078      0.6663      9.1066      
5       0.1344      5.2348      20.0000     
6       40.0000     40.0000     40.0000     

Iteration number: 0.01
State        L           0           R      
1       100.0000    100.0000    100.0000    
2       50.0000     1.2810      0.9784      
3       2.6146      2.3646      2.3310      
4       1.4078      0.6663      9.9107      
5       0.1344      5.2348      20.0000     
6       40.0000     40.0000     40.0000     

Iteration number: 0.01
State        L           0           R      
1       100.0000    100.0000    100.0000    
2       50.0000     1.2810      0.9784      
3       2.6146      2.3646      2.3310      
4       1.4078      0.6663      9.9911      
5       0.1344      5.2348      20.0000     
6       40.0000     40.0000     40.0000     

Iteration number: 0.01
State        L           0           R      
1       100.0000    100.0000    100.0000    
2       50.0000     1.2810      0.9784      
3       2.6146      2.3646      2.3310      
4       1.4078      0.6663      9.9911      
5       0.1344      5.2348      20.0000     
6       40.0000     40.0000     40.0000     

Iteration number: 0.01
State        L           0           R      
1       100.0000    100.0000    100.0000    
2       50.0000     1.2810      0.9784      
3       2.6146      2.3646      0.9362      
4       0.7033      0.6663      3.2491      
5       0.1344      7.2735      20.0000     
6       40.0000     40.0000     40.0000     

Iteration number: 0.01
State        L           0           R      
1       100.0000    100.0000    100.0000    
2       50.0000     1.2810      0.9784      
3       2.6146      0.7990      2.0155      
4       1.3360      0.6663      9.3249      
5       0.1344      7.2735      20.0000     
6       40.0000     40.0000     40.0000     

Iteration number: 0.01
State        L           0           R      
1       100.0000    100.0000    100.0000    
2       50.0000     1.2810      0.9784      
3       2.6146      0.7990      4.7015      
4       1.3360      0.6663      9.9325      
5       0.1344      7.2735      20.0000     
6       40.0000     40.0000     40.0000     

Iteration number: 0.01
State        L           0           R      
1       100.0000    100.0000    100.0000    
2       50.0000     1.2531      2.3478      
3       2.6146      0.7990      4.9702      
4       1.3360      0.6663      9.9932      
5       0.1344      7.2735      20.0000     
6       40.0000     40.0000     40.0000     

Iteration number: 0.01
State        L           0           R      
1       100.0000    100.0000    100.0000    
2       50.0000     1.2531      2.3478      
3       2.6146      0.7990      4.9970      
4       1.3360      0.6663      9.9993      
5       0.1344      7.2735      20.0000     
6       40.0000     40.0000     40.0000     

Iteration number: 0.01
State        L           0           R      
1       100.0000    100.0000    100.0000    
2       50.0000     22.6253     2.3478      
3       2.6146      0.7990      4.9970      
4       1.3360      0.6663      9.9993      
5       0.1344      7.2735      20.0000     
6       40.0000     40.0000     40.0000     

Iteration number: 0.01
State        L           0           R      
1       100.0000    100.0000    100.0000    
2       50.0000     22.6253     2.3478      
3       2.6146      0.7990      4.9970      
4       1.3360      3.4416      9.9999      
5       1.1384      7.2735      20.0000     
6       40.0000     40.0000     40.0000     

Iteration number: 0.01
State        L           0           R      
1       100.0000    100.0000    100.0000    
2       50.0000     3.3875      2.4848      
3       2.6146      0.7990      4.9997      
4       1.3360      3.4416      10.0000     
5       1.1384      7.2735      20.0000     
6       40.0000     40.0000     40.0000     

Iteration number: 0.01
State        L           0           R      
1       100.0000    100.0000    100.0000    
2       50.0000     3.3875      2.4848      
3       2.6146      0.7990      5.0000      
4       1.3360      3.4416      10.0000     
5       1.1384      7.2735      20.0000     
6       40.0000     40.0000     40.0000     

Iteration number: 0.01
State        L           0           R      
1       100.0000    100.0000    100.0000    
2       50.0000     3.3875      2.4848      
3       2.6146      0.7990      5.0000      
4       1.3360      3.4416      10.0000     
5       1.1384      7.2735      20.0000     
6       40.0000     40.0000     40.0000     

Iteration number: 0.01
State        L           0           R      
1       100.0000    100.0000    100.0000    
2       50.0000     3.3875      2.4848      
3       2.6146      0.7990      5.0000      
4       1.3360      3.4416      10.0000     
5       1.1384      7.2735      20.0000     
6       40.0000     40.0000     40.0000     

Iteration number: 0.01
State        L           0           R      
1       100.0000    100.0000    100.0000    
2       50.0000     3.3875      2.4848      
3       2.6146      0.7990      5.0000      
4       1.3360      3.4416      10.0000     
5       1.1384      7.2735      20.0000     
6       40.0000     40.0000     40.0000     

Iteration number: 0.01
State        L           0           R      
1       100.0000    100.0000    100.0000    
2       50.0000     3.3875      2.4848      
3       2.6146      0.7990      5.0000      
4       1.3360      3.4416      10.0000     
5       1.1384      7.2735      20.0000     
6       40.0000     40.0000     40.0000     

Iteration number: 0.01
State        L           0           R      
1       100.0000    100.0000    100.0000    
2       50.0000     3.3875      2.4848      
3       2.6146      0.7990      5.0000      
4       1.3360      3.4416      10.0000     
5       1.1384      7.2735      20.0000     
6       40.0000     40.0000     40.0000     

Iteration number: 0.01
State        L           0           R      
1       100.0000    100.0000    100.0000    
2       50.0000     3.3875      2.4848      
3       2.6146      0.7990      5.0000      
4       1.3360      3.4416      10.0000     
5       1.1384      7.2735      20.0000     
6       40.0000     40.0000     40.0000     

Iteration number: 0.01
State        L           0           R      
1       100.0000    100.0000    100.0000    
2       50.0000     17.2138     2.4848      
3       2.6146      0.7990      5.0000      
4       1.3360      3.4416      10.0000     
5       1.1384      7.2735      20.0000     
6       40.0000     40.0000     40.0000     

Iteration number: 0.01
State        L           0           R      
1       100.0000    100.0000    100.0000    
2       50.0000     17.2138     2.4848      
3       2.6146      0.7990      5.0000      
4       1.3360      3.4416      10.0000     
5       1.1384      7.2735      20.0000     
6       40.0000     40.0000     40.0000     

Iteration number: 0.01
State        L           0           R      
1       100.0000    100.0000    100.0000    
2       50.0000     17.2138     2.4848      
3       2.6146      0.6658      1.6953      
4       0.4148      4.8442      10.0000     
5       1.1384      7.2735      20.0000     
6       40.0000     40.0000     40.0000     

Iteration number: 0.01
State        L           0           R      
1       100.0000    100.0000    100.0000    
2       50.0000     17.2138     2.4848      
3       2.6146      0.6658      1.6953      
4       0.4148      4.8442      10.0000     
5       1.1384      7.2735      20.0000     
6       40.0000     40.0000     40.0000     

Iteration number: 0.01
State        L           0           R      
1       100.0000    100.0000    100.0000    
2       50.0000     17.2138     2.4848      
3       2.6146      0.6658      1.6953      
4       0.4148      4.8442      10.0000     
5       1.1384      7.2735      20.0000     
6       40.0000     40.0000     40.0000     

Iteration number: 0.01
State        L           0           R      
1       100.0000    100.0000    100.0000    
2       50.0000     18.5964     2.4848      
3       5.8865      0.6658      0.3453      
4       1.4917      1.3047      10.0000     
5       1.1384      7.2735      20.0000     
6       40.0000     40.0000     40.0000     

Iteration number: 0.01
State        L           0           R      
1       100.0000    100.0000    100.0000    
2       50.0000     18.5964     2.4848      
3       5.8865      0.6658      0.3453      
4       1.4917      1.3047      10.0000     
5       1.1384      7.2735      20.0000     
6       40.0000     40.0000     40.0000     

Iteration number: 0.01
State        L           0           R      
1       100.0000    100.0000    100.0000    
2       50.0000     24.3596     2.4848      
3       11.8386     0.6658      0.3453      
4       5.7742      1.4488      10.0000     
5       0.2896      7.2735      20.0000     
6       40.0000     40.0000     40.0000     

Iteration number: 0.01
State        L           0           R      
1       100.0000    100.0000    100.0000    
2       50.0000     24.3596     2.4848      
3       11.8386     0.6658      0.3453      
4       5.7742      1.4488      10.0000     
5       0.2896      7.2735      20.0000     
6       40.0000     40.0000     40.0000     

Iteration number: 0.01
State        L           0           R      
1       100.0000    100.0000    100.0000    
2       50.0000     24.3596     2.4848      
3       11.8386     0.6658      0.3453      
4       5.7742      1.4488      10.0000     
5       0.2896      7.2735      20.0000     
6       40.0000     40.0000     40.0000     

Iteration number: 0.01
State        L           0           R      
1       100.0000    100.0000    100.0000    
2       50.0000     24.3596     2.4848      
3       11.8386     0.6658      0.2806      
4       0.7005      0.7118      6.6250      
5       4.5290      7.2735      20.0000     
6       40.0000     40.0000     40.0000     

Iteration number: 0.01
State        L           0           R      
1       100.0000    100.0000    100.0000    
2       50.0000     24.3596     2.4848      
3       11.8386     0.6658      0.2806      
4       0.7005      0.7118      6.6250      
5       4.5290      7.2735      20.0000     
6       40.0000     40.0000     40.0000     

Iteration number: 0.01
State        L           0           R      
1       100.0000    100.0000    100.0000    
2       50.0000     24.3596     2.4848      
3       11.8386     0.6658      0.2806      
4       0.7005      0.7118      6.6250      
5       4.5290      7.2735      20.0000     
6       40.0000     40.0000     40.0000     

Iteration number: 0.01
State        L           0           R      
1       100.0000    100.0000    100.0000    
2       50.0000     5.4242      4.2365      
3       9.6800      0.7807      0.0720      
4       0.1579      0.7118      6.6250      
5       4.5290      7.2735      20.0000     
6       40.0000     40.0000     40.0000     

Iteration number: 0.01
State        L           0           R      
1       100.0000    100.0000    100.0000    
2       50.0000     5.4242      4.2365      
3       23.4680     0.7807      0.0720      
4       11.2658     5.6962      6.6250      
5       4.5290      7.2735      20.0000     
6       40.0000     40.0000     40.0000     

Iteration number: 0.01
State        L           0           R      
1       100.0000    100.0000    100.0000    
2       50.0000     5.4242      4.2365      
3       23.4680     0.7807      0.0720      
4       11.2658     5.6962      6.6250      
5       4.5290      7.2735      20.0000     
6       40.0000     40.0000     40.0000     

Iteration number: 0.01
State        L           0           R      
1       100.0000    100.0000    100.0000    
2       50.0000     5.4242      4.2365      
3       24.8468     11.3281     0.0720      
4       6.7516      5.6962      6.6250      
5       3.2654      7.2735      20.0000     
6       40.0000     40.0000     40.0000     

Iteration number: 0.01
State        L           0           R      
1       100.0000    100.0000    100.0000    
2       50.0000     5.4242      4.2365      
3       24.9847     11.3281     0.0720      
4       6.7516      5.6962      6.6250      
5       3.2654      7.2735      20.0000     
6       40.0000     40.0000     40.0000     

Iteration number: 0.01
State        L           0           R      
1       100.0000    100.0000    100.0000    
2       50.0000     5.4242      4.2365      
3       24.9985     11.3281     0.0720      
4       11.9252     6.1946      6.6250      
5       3.2654      7.2735      20.0000     
6       40.0000     40.0000     40.0000     

Iteration number: 0.01
State        L           0           R      
1       100.0000    100.0000    100.0000    
2       50.0000     5.4242      4.2365      
3       24.9985     11.3281     0.0720      
4       11.9252     6.1946      6.6250      
5       3.2654      7.2735      20.0000     
6       40.0000     40.0000     40.0000     

Iteration number: 0.01
State        L           0           R      
1       100.0000    100.0000    100.0000    
2       50.0000     17.4174     3.2362      
3       8.1248      11.3281     0.0720      
4       11.9252     6.1946      6.6250      
5       3.2654      7.2735      20.0000     
6       40.0000     40.0000     40.0000     

Iteration number: 0.01
State        L           0           R      
1       100.0000    100.0000    100.0000    
2       50.0000     17.4174     3.2362      
3       8.1248      11.3281     0.0720      
4       11.9252     6.1946      6.6250      
5       3.2654      7.2735      20.0000     
6       40.0000     40.0000     40.0000     

Iteration number: 0.01
State        L           0           R      
1       100.0000    100.0000    100.0000    
2       50.0000     17.4174     3.2362      
3       8.1248      11.3281     0.0720      
4       11.9252     6.1946      6.6250      
5       3.2654      7.2735      20.0000     
6       40.0000     40.0000     40.0000     

Iteration number: 0.01
State        L           0           R      
1       100.0000    100.0000    100.0000    
2       50.0000     17.4174     3.2362      
3       8.1248      11.3281     0.0720      
4       11.9252     6.1946      6.6250      
5       3.2654      9.7273      20.0000     
6       40.0000     40.0000     40.0000     

Iteration number: 0.01
State        L           0           R      
1       100.0000    100.0000    100.0000    
2       50.0000     17.4174     3.2362      
3       8.1248      3.3828      4.5072      
4       2.3175      1.1820      9.6625      
5       3.2654      9.7273      20.0000     
6       40.0000     40.0000     40.0000     

Iteration number: 0.01
State        L           0           R      
1       100.0000    100.0000    100.0000    
2       50.0000     17.4174     3.2362      
3       8.1248      3.3828      4.9507      
4       2.3175      1.1820      9.9662      
5       3.2654      9.7273      20.0000     
6       40.0000     40.0000     40.0000     

Iteration number: 0.01
State        L           0           R      
1       100.0000    100.0000    100.0000    
2       50.0000     17.4174     3.2362      
3       8.1248      3.3828      4.9507      
4       2.3175      1.1820      9.9662      
5       3.2654      9.7273      20.0000     
6       40.0000     40.0000     40.0000     

Iteration number: 0.01
State        L           0           R      
1       100.0000    100.0000    100.0000    
2       50.0000     17.4174     3.2362      
3       8.1248      3.3828      4.9507      
4       2.3175      1.1820      9.9662      
5       3.2654      9.7273      20.0000     
6       40.0000     40.0000     40.0000     

Iteration number: 0.01
State        L           0           R      
1       100.0000    100.0000    100.0000    
2       50.0000     17.4174     3.2362      
3       23.3125     11.5883     4.9507      
4       2.3175      1.1820      9.9662      
5       3.2654      9.7273      20.0000     
6       40.0000     40.0000     40.0000     

Iteration number: 0.01
State        L           0           R      
1       100.0000    100.0000    100.0000    
2       50.0000     17.4174     3.2362      
3       24.8312     11.5883     4.9507      
4       11.4818     5.7432      9.9662      
5       3.1390      9.7273      20.0000     
6       40.0000     40.0000     40.0000     

Iteration number: 0.01
State        L           0           R      
1       100.0000    100.0000    100.0000    
2       50.0000     17.4174     3.2362      
3       24.8312     11.5883     4.9507      
4       11.4818     5.7432      9.9662      
5       3.1390      9.7273      20.0000     
6       40.0000     40.0000     40.0000     

Iteration number: 0.01
State        L           0           R      
1       100.0000    100.0000    100.0000    
2       50.0000     17.4174     3.2362      
3       24.8312     11.5883     4.9507      
4       11.4818     5.7432      9.9662      
5       3.1390      9.7273      20.0000     
6       40.0000     40.0000     40.0000     

Iteration number: 0.01
State        L           0           R      
1       100.0000    100.0000    100.0000    
2       50.0000     24.2417     3.2362      
3       13.7331     11.5883     4.9507      
4       11.4818     5.7432      9.9662      
5       3.1390      9.7273      20.0000     
6       40.0000     40.0000     40.0000     

Iteration number: 0.01
State        L           0           R      
1       100.0000    100.0000    100.0000    
2       50.0000     24.2417     3.2362      
3       13.7331     11.5883     4.9507      
4       11.4818     5.7432      9.9662      
5       3.1390      9.7273      20.0000     
6       40.0000     40.0000     40.0000     

Iteration number: 0.01
State        L           0           R      
1       100.0000    100.0000    100.0000    
2       50.0000     24.2417     3.2362      
3       13.7331     11.5883     4.9507      
4       11.4818     5.7432      9.9662      
5       3.1390      9.7273      20.0000     
6       40.0000     40.0000     40.0000     

Iteration number: 0.01
State        L           0           R      
1       100.0000    100.0000    100.0000    
2       50.0000     24.2417     3.2362      
3       13.7331     11.5883     4.9507      
4       11.4818     5.7432      3.2466      
5       1.4389      7.7227      20.0000     
6       40.0000     40.0000     40.0000     

Iteration number: 0.01
State        L           0           R      
1       100.0000    100.0000    100.0000    
2       50.0000     24.2417     3.2362      
3       13.7331     11.5883     4.9507      
4       11.4818     5.7432      3.2466      
5       1.4389      7.7227      20.0000     
6       40.0000     40.0000     40.0000     

Iteration number: 0.01
State        L           0           R      
1       100.0000    100.0000    100.0000    
2       50.0000     24.2417     3.2362      
3       13.7331     11.5883     4.9507      
4       11.4818     5.7432      3.2466      
5       1.4389      7.7227      20.0000     
6       40.0000     40.0000     40.0000     

Iteration number: 0.01
State        L           0           R      
1       100.0000    100.0000    100.0000    
2       50.0000     2.5648      0.6049      
3       13.7331     11.5883     1.0576      
4       11.4818     2.2618      4.8247      
5       1.4389      9.7723      20.0000     
6       40.0000     40.0000     40.0000     

Iteration number: 0.01
State        L           0           R      
1       100.0000    100.0000    100.0000    
2       50.0000     2.5648      0.6049      
3       13.7331     11.5883     4.6058      
4       11.4818     2.2618      9.4825      
5       1.4389      9.7723      20.0000     
6       40.0000     40.0000     40.0000     

Iteration number: 0.01
State        L           0           R      
1       100.0000    100.0000    100.0000    
2       50.0000     2.5648      0.6049      
3       13.7331     11.5883     4.6058      
4       11.4818     2.2618      9.4825      
5       1.4389      9.7723      20.0000     
6       40.0000     40.0000     40.0000     

Iteration number: 0.01
State        L           0           R      
1       100.0000    100.0000    100.0000    
2       50.0000     2.5648      0.6049      
3       13.7331     11.5883     4.6058      
4       11.4818     2.2618      9.4825      
5       1.4389      9.7723      20.0000     
6       40.0000     40.0000     40.0000     

Iteration number: 0.01
State        L           0           R      
1       100.0000    100.0000    100.0000    
2       50.0000     2.5648      11.3105     
3       15.4358     11.5883     4.6058      
4       3.9607      2.2618      1.6514      
5       1.0228      9.7723      20.0000     
6       40.0000     40.0000     40.0000     

Iteration number: 0.01
State        L           0           R      
1       100.0000    100.0000    100.0000    
2       50.0000     2.5648      11.3105     
3       24.0436     11.5883     4.6058      
4       3.9607      2.2618      1.6514      
5       1.0228      9.7723      20.0000     
6       40.0000     40.0000     40.0000     

Iteration number: 0.01
State        L           0           R      
1       100.0000    100.0000    100.0000    
2       50.0000     2.5648      11.3105     
3       24.9044     11.5883     4.6058      
4       3.9607      2.2618      1.6514      
5       1.0228      9.7723      20.0000     
6       40.0000     40.0000     40.0000     

Iteration number: 0.01
State        L           0           R      
1       100.0000    100.0000    100.0000    
2       50.0000     2.5648      11.3105     
3       24.9904     11.5883     4.6058      
4       11.6461     0.4899      0.8683      
5       2.9587      3.0866      20.0000     
6       40.0000     40.0000     40.0000     

Iteration number: 0.01
State        L           0           R      
1       100.0000    100.0000    100.0000    
2       50.0000     2.5648      11.3105     
3       24.9990     11.5883     4.6058      
4       12.4146     0.4899      0.8683      
5       2.9587      3.0866      20.0000     
6       40.0000     40.0000     40.0000     

Iteration number: 0.01
State        L           0           R      
1       100.0000    100.0000    100.0000    
2       50.0000     2.5648      11.3105     
3       24.9999     11.5883     4.6058      
4       12.4915     0.4899      0.8683      
5       2.9587      3.0866      20.0000     
6       40.0000     40.0000     40.0000     

Iteration number: 0.01
State        L           0           R      
1       100.0000    100.0000    100.0000    
2       50.0000     2.5648      11.3105     
3       24.9999     11.5883     4.6058      
4       12.4915     0.4899      0.8683      
5       2.9587      3.0866      20.0000     
6       40.0000     40.0000     40.0000     

Iteration number: 0.01
State        L           0           R      
1       100.0000    100.0000    100.0000    
2       50.0000     2.5648      11.3105     
3       24.9999     11.5883     4.6058      
4       12.4915     0.4899      0.8683      
5       2.9587      3.0866      20.0000     
6       40.0000     40.0000     40.0000     

Iteration number: 0.01
State        L           0           R      
1       100.0000    100.0000    100.0000    
2       50.0000     2.5648      11.3105     
3       25.0000     11.5883     6.0856      
4       8.2804      1.4552      0.8683      
5       2.9587      3.0866      20.0000     
6       40.0000     40.0000     40.0000     

Iteration number: 0.01
State        L           0           R      
1       100.0000    100.0000    100.0000    
2       50.0000     2.5648      11.3105     
3       25.0000     11.5883     6.0856      
4       8.2804      1.4552      0.8683      
5       2.9587      3.0866      20.0000     
6       40.0000     40.0000     40.0000     

Iteration number: 0.01
State        L           0           R      
1       100.0000    100.0000    100.0000    
2       50.0000     2.5648      11.3105     
3       25.0000     11.5883     1.7336      
4       1.3905      0.2691      2.9005      
5       1.8080      0.3176      20.0000     
6       40.0000     40.0000     40.0000     

Iteration number: 0.01
State        L           0           R      
1       100.0000    100.0000    100.0000    
2       50.0000     2.5648      11.3105     
3       25.0000     11.5883     1.7336      
4       1.3905      0.2691      9.2900      
5       1.8080      0.3176      20.0000     
6       40.0000     40.0000     40.0000     

Iteration number: 0.01
State        L           0           R      
1       100.0000    100.0000    100.0000    
2       50.0000     2.5648      11.3105     
3       25.0000     12.4088     1.7336      
4       1.3905      0.2691      9.2900      
5       1.8080      0.3176      20.0000     
6       40.0000     40.0000     40.0000     

Iteration number: 0.01
State        L           0           R      
1       100.0000    100.0000    100.0000    
2       50.0000     2.5648      11.3105     
3       25.0000     12.4088     1.7336      
4       1.3905      0.2691      9.2900      
5       1.8080      0.3176      20.0000     
6       40.0000     40.0000     40.0000     

Iteration number: 0.01
State        L           0           R      
1       100.0000    100.0000    100.0000    
2       50.0000     2.5648      11.3105     
3       25.0000     12.4088     1.7336      
4       1.3905      0.2691      6.5540      
5       4.6808      0.3176      20.0000     
6       40.0000     40.0000     40.0000     

Iteration number: 0.01
State        L           0           R      
1       100.0000    100.0000    100.0000    
2       50.0000     2.5648      11.3105     
3       25.0000     12.4088     1.7336      
4       1.3905      0.2691      9.6554      
5       4.6808      0.3176      20.0000     
6       40.0000     40.0000     40.0000     

Iteration number: 0.01
State        L           0           R      
1       100.0000    100.0000    100.0000    
2       50.0000     2.5648      11.3105     
3       25.0000     12.4088     1.7336      
4       1.3905      0.2691      9.6554      
5       4.6808      0.3176      20.0000     
6       40.0000     40.0000     40.0000     

Iteration number: 0.01
State        L           0           R      
1       100.0000    100.0000    100.0000    
2       50.0000     2.5648      11.3105     
3       25.0000     12.4088     1.7336      
4       1.3905      0.2691      9.6554      
5       4.6808      0.3176      20.0000     
6       40.0000     40.0000     40.0000     

Iteration number: 0.01
State        L           0           R      
1       100.0000    100.0000    100.0000    
2       50.0000     2.5648      11.3105     
3       25.0000     12.4088     1.7336      
4       1.3905      0.2691      9.6554      
5       4.6808      0.3176      20.0000     
6       40.0000     40.0000     40.0000     

Iteration number: 0.01
State        L           0           R      
1       100.0000    100.0000    100.0000    
2       50.0000     2.5648      11.3105     
3       25.0000     12.4088     1.7336      
4       11.3891     0.2691      9.6554      
5       6.0931      0.3176      20.0000     
6       40.0000     40.0000     40.0000     

Iteration number: 0.01
State        L           0           R      
1       100.0000    100.0000    100.0000    
2       50.0000     2.5648      11.3105     
3       25.0000     12.4088     1.7336      
4       11.3891     0.2691      9.6554      
5       6.0931      0.3176      20.0000     
6       40.0000     40.0000     40.0000     

Iteration number: 0.01
State        L           0           R      
1       100.0000    100.0000    100.0000    
2       50.0000     2.5648      2.2560      
3       3.0625      1.7964      4.6734      
4       1.1565      0.0320      9.9655      
5       6.0931      0.3176      20.0000     
6       40.0000     40.0000     40.0000     

Iteration number: 0.01
State        L           0           R      
1       100.0000    100.0000    100.0000    
2       50.0000     2.5648      2.2560      
3       3.0625      1.7964      4.6734      
4       1.1565      0.0320      9.9966      
5       6.0931      0.3176      20.0000     
6       40.0000     40.0000     40.0000     

Iteration number: 0.01
State        L           0           R      
1       100.0000    100.0000    100.0000    
2       50.0000     2.5648      2.2560      
3       3.0625      1.7964      4.6734      
4       1.1565      0.0320      9.9966      
5       6.0931      0.3176      20.0000     
6       40.0000     40.0000     40.0000     

Iteration number: 0.01
State        L           0           R      
1       100.0000    100.0000    100.0000    
2       50.0000     0.8190      1.3506      
3       3.0625      1.7964      2.7173      
4       1.1565      4.5032      9.9997      
5       6.0931      0.3176      20.0000     
6       40.0000     40.0000     40.0000     

Iteration number: 0.01
State        L           0           R      
1       100.0000    100.0000    100.0000    
2       50.0000     0.8190      1.3506      
3       3.0625      1.7964      2.7173      
4       1.1565      4.5032      9.9997      
5       6.0931      0.3176      20.0000     
6       40.0000     40.0000     40.0000     

Iteration number: 0.01
State        L           0           R      
1       100.0000    100.0000    100.0000    
2       50.0000     0.8190      1.3506      
3       3.0625      1.7964      2.7173      
4       1.1565      4.5032      9.9997      
5       6.0931      0.3176      20.0000     
6       40.0000     40.0000     40.0000     

Iteration number: 0.01
State        L           0           R      
1       100.0000    100.0000    100.0000    
2       50.0000     0.8190      1.3506      
3       3.0625      1.7964      2.7173      
4       1.1565      4.5032      10.0000     
5       6.0931      0.3176      20.0000     
6       40.0000     40.0000     40.0000     

Iteration number: 0.01
State        L           0           R      
1       100.0000    100.0000    100.0000    
2       50.0000     0.8190      1.3506      
3       3.0625      1.7964      2.7173      
4       1.1565      4.5032      10.0000     
5       6.0931      0.3176      20.0000     
6       40.0000     40.0000     40.0000     

Iteration number: 0.01
State        L           0           R      
1       100.0000    100.0000    100.0000    
2       50.0000     0.8190      1.3506      
3       3.0625      1.7964      2.7173      
4       1.1565      4.5032      10.0000     
5       6.0931      0.3176      20.0000     
6       40.0000     40.0000     40.0000     

Iteration number: 0.01
State        L           0           R      
1       100.0000    100.0000    100.0000    
2       50.0000     0.8190      1.3506      
3       3.0625      1.7964      2.7173      
4       1.1565      4.5032      10.0000     
5       6.0931      0.3176      20.0000     
6       40.0000     40.0000     40.0000     

Iteration number: 0.01
State        L           0           R      
1       100.0000    100.0000    100.0000    
2       50.0000     0.8190      1.3506      
3       3.0625      1.7964      2.7173      
4       1.1565      3.8253      10.0000     
5       1.7343      0.3176      20.0000     
6       40.0000     40.0000     40.0000     

Iteration number: 0.01
State        L           0           R      
1       100.0000    100.0000    100.0000    
2       50.0000     0.8190      1.3506      
3       3.0625      1.7964      2.7173      
4       1.1565      3.8253      10.0000     
5       1.7343      0.3176      20.0000     
6       40.0000     40.0000     40.0000     

Iteration number: 0.01
State        L           0           R      
1       100.0000    100.0000    100.0000    
2       50.0000     0.8190      1.3506      
3       22.8062     1.7964      2.7173      
4       11.3656     4.6013      10.0000     
5       1.5797      0.3176      20.0000     
6       40.0000     40.0000     40.0000     

Iteration number: 0.01
State        L           0           R      
1       100.0000    100.0000    100.0000    
2       50.0000     0.8190      1.3506      
3       22.8062     1.7964      2.7173      
4       11.3656     4.6013      10.0000     
5       1.5797      0.3176      20.0000     
6       40.0000     40.0000     40.0000     

Iteration number: 0.01
State        L           0           R      
1       100.0000    100.0000    100.0000    
2       50.0000     0.6444      1.2601      
3       2.5619      1.7964      2.5217      
4       1.2772      4.9601      5.5176      
5       0.2283      0.3176      20.0000     
6       40.0000     40.0000     40.0000     

Iteration number: 0.01
State        L           0           R      
1       100.0000    100.0000    100.0000    
2       50.0000     0.6444      2.3760      
3       2.5619      1.7964      4.7522      
4       1.2772      4.9601      9.5518      
5       0.2283      0.3176      20.0000     
6       40.0000     40.0000     40.0000     

Iteration number: 0.01
State        L           0           R      
1       100.0000    100.0000    100.0000    
2       50.0000     0.6444      2.3760      
3       2.5619      1.7964      4.7522      
4       1.2772      4.9601      9.5518      
5       0.2283      0.3176      20.0000     
6       40.0000     40.0000     40.0000     

Iteration number: 0.01
State        L           0           R      
1       100.0000    100.0000    100.0000    
2       50.0000     0.6444      2.3760      
3       2.5619      1.7964      4.7522      
4       1.2772      4.9601      9.5518      
5       0.2283      0.3176      20.0000     
6       40.0000     40.0000     40.0000     

Iteration number: 0.01
State        L           0           R      
1       100.0000    100.0000    100.0000    
2       50.0000     0.6444      2.3760      
3       2.5619      1.7964      4.7522      
4       1.2772      4.9601      9.5518      
5       0.2283      0.3176      20.0000     
6       40.0000     40.0000     40.0000     

Iteration number: 0.01
State        L           0           R      
1       100.0000    100.0000    100.0000    
2       50.0000     0.6444      2.3760      
3       22.7562     1.7964      6.1002      
4       11.3777     4.9601      9.5518      
5       0.2283      0.3176      20.0000     
6       40.0000     40.0000     40.0000     

Iteration number: 0.01
State        L           0           R      
1       100.0000    100.0000    100.0000    
2       50.0000     0.6444      2.3760      
3       22.7562     1.7964      6.1002      
4       11.3777     4.9601      9.5518      
5       0.2283      0.3176      20.0000     
6       40.0000     40.0000     40.0000     

Iteration number: 0.01
State        L           0           R      
1       100.0000    100.0000    100.0000    
2       50.0000     0.6444      2.3760      
3       22.7562     1.7964      6.1002      
4       11.3777     4.9601      9.9552      
5       0.2283      0.3176      20.0000     
6       40.0000     40.0000     40.0000     

Iteration number: 0.01
State        L           0           R      
1       100.0000    100.0000    100.0000    
2       50.0000     0.6444      2.3760      
3       22.7562     1.7964      6.1002      
4       11.3777     4.9601      9.9955      
5       0.2283      0.3176      20.0000     
6       40.0000     40.0000     40.0000     

Iteration number: 0.01
State        L           0           R      
1       100.0000    100.0000    100.0000    
2       50.0000     0.6444      2.3760      
3       22.7562     1.7964      6.1002      
4       11.3777     4.9601      9.9955      
5       0.2283      0.3176      20.0000     
6       40.0000     40.0000     40.0000     

Iteration number: 0.01
State        L           0           R      
1       100.0000    100.0000    100.0000    
2       50.0000     0.6444      2.3760      
3       22.7562     1.7964      6.1002      
4       11.3777     4.9601      9.9955      
5       0.2283      0.3176      20.0000     
6       40.0000     40.0000     40.0000     

Iteration number: 0.01
State        L           0           R      
1       100.0000    100.0000    100.0000    
2       50.0000     0.6444      2.3760      
3       22.7562     1.7964      6.1002      
4       11.3777     4.9601      9.9955      
5       0.2283      0.3176      20.0000     
6       40.0000     40.0000     40.0000     

Iteration number: 0.01
State        L           0           R      
1       100.0000    100.0000    100.0000    
2       50.0000     0.6444      2.3760      
3       22.7562     1.7964      6.1002      
4       11.3777     4.9601      9.9955      
5       0.2283      0.3176      20.0000     
6       40.0000     40.0000     40.0000     

Iteration number: 0.01
State        L           0           R      
1       100.0000    100.0000    100.0000    
2       50.0000     0.6444      2.3760      
3       24.7756     3.9351      0.6650      
4       3.9722      1.9609      1.3511      
5       0.7260      0.3176      20.0000     
6       40.0000     40.0000     40.0000     

Iteration number: 0.01
State        L           0           R      
1       100.0000    100.0000    100.0000    
2       50.0000     0.6444      2.3760      
3       24.9776     3.9351      0.6650      
4       11.6472     1.9609      1.3511      
5       0.7260      0.3176      20.0000     
6       40.0000     40.0000     40.0000     

Iteration number: 0.01
State        L           0           R      
1       100.0000    100.0000    100.0000    
2       50.0000     0.6444      2.3760      
3       24.9978     3.9351      0.6650      
4       12.4147     1.9609      1.3511      
5       5.6976      0.3176      20.0000     
6       40.0000     40.0000     40.0000     

Iteration number: 0.01
State        L           0           R      
1       100.0000    100.0000    100.0000    
2       50.0000     0.6444      2.3760      
3       24.9978     3.9351      0.6650      
4       12.4147     1.9609      1.3511      
5       5.6976      0.3176      20.0000     
6       40.0000     40.0000     40.0000     

Iteration number: 0.01
State        L           0           R      
1       100.0000    100.0000    100.0000    
2       50.0000     0.6444      2.3760      
3       24.9978     3.9351      0.0676      
4       1.2420      1.8968      2.4033      
5       0.9478      0.2790      20.0000     
6       40.0000     40.0000     40.0000     

Iteration number: 0.01
State        L           0           R      
1       100.0000    100.0000    100.0000    
2       50.0000     0.6444      2.3760      
3       24.9978     3.9351      0.0676      
4       1.2420      1.8968      2.4033      
5       0.9478      0.2790      20.0000     
6       40.0000     40.0000     40.0000     

Iteration number: 0.01
State        L           0           R      
1       100.0000    100.0000    100.0000    
2       50.0000     0.6444      2.3760      
3       24.9978     3.9351      0.0676      
4       1.2420      1.8968      2.4033      
5       0.9478      0.2790      20.0000     
6       40.0000     40.0000     40.0000     

Iteration number: 0.01
State        L           0           R      
1       100.0000    100.0000    100.0000    
2       50.0000     0.6444      2.4876      
3       24.9978     3.9351      4.5068      
4       1.2420      1.8968      9.2403      
5       0.9478      0.2790      20.0000     
6       40.0000     40.0000     40.0000     

Iteration number: 0.01
State        L           0           R      
1       100.0000    100.0000    100.0000    
2       50.0000     0.6444      2.4876      
3       24.9978     3.9351      4.5068      
4       1.2420      1.8968      9.2403      
5       0.9478      0.2790      20.0000     
6       40.0000     40.0000     40.0000     

Iteration number: 0.01
State        L           0           R      
1       100.0000    100.0000    100.0000    
2       50.0000     0.6444      2.4876      
3       24.9998     3.9351      6.0757      
4       7.1555      1.2444      1.0998      
5       0.4463      0.2790      20.0000     
6       40.0000     40.0000     40.0000     

Iteration number: 0.01
State        L           0           R      
1       100.0000    100.0000    100.0000    
2       50.0000     0.6444      2.4876      
3       24.9998     3.9351      6.0757      
4       7.1555      1.2444      1.0998      
5       0.4463      0.2790      20.0000     
6       40.0000     40.0000     40.0000     

Iteration number: 0.01
State        L           0           R      
1       100.0000    100.0000    100.0000    
2       50.0000     0.4160      2.0066      
3       10.5273     3.7993      6.0757      
4       0.7265      1.2444      0.1114      
5       0.0501      0.0306      20.0000     
6       40.0000     40.0000     40.0000     

Iteration number: 0.01
State        L           0           R      
1       100.0000    100.0000    100.0000    
2       50.0000     0.4160      2.0066      
3       10.5273     3.7993      6.0757      
4       0.7265      1.2444      5.6361      
5       4.5050      0.0306      20.0000     
6       40.0000     40.0000     40.0000     

Iteration number: 0.01
State        L           0           R      
1       100.0000    100.0000    100.0000    
2       50.0000     0.4160      2.0066      
3       10.5273     3.7993      6.0757      
4       0.7265      1.2444      5.6361      
5       4.5050      0.0306      20.0000     
6       40.0000     40.0000     40.0000     

Iteration number: 0.01
State        L           0           R      
1       100.0000    100.0000    100.0000    
2       50.0000     0.4160      2.0066      
3       23.5527     6.1807      2.3654      
4       2.4750      0.2123      5.6361      
5       4.5050      0.0306      20.0000     
6       40.0000     40.0000     40.0000     

Iteration number: 0.01
State        L           0           R      
1       100.0000    100.0000    100.0000    
2       50.0000     0.4160      2.0066      
3       24.8553     6.1807      2.3654      
4       11.4975     0.2123      5.6361      
5       6.0755      0.0306      20.0000     
6       40.0000     40.0000     40.0000     

Iteration number: 0.01
State        L           0           R      
1       100.0000    100.0000    100.0000    
2       50.0000     0.4160      2.0066      
3       24.9855     6.1807      2.3654      
4       12.3997     0.2123      5.6361      
5       6.0755      0.0306      20.0000     
6       40.0000     40.0000     40.0000     

Iteration number: 0.01
State        L           0           R      
1       100.0000    100.0000    100.0000    
2       50.0000     0.4160      2.0066      
3       24.9855     6.1807      2.3654      
4       12.3997     0.2123      5.6361      
5       6.0755      0.0306      20.0000     
6       40.0000     40.0000     40.0000     

Iteration number: 0.01
State        L           0           R      
1       100.0000    100.0000    100.0000    
2       50.0000     0.4160      2.0066      
3       24.9855     6.1807      2.3654      
4       12.3997     0.2123      1.6886      
5       1.1701      5.2531      20.0000     
6       40.0000     40.0000     40.0000     

Iteration number: 0.01
State        L           0           R      
1       100.0000    100.0000    100.0000    
2       50.0000     0.4160      2.0066      
3       24.9855     6.1807      2.3654      
4       12.3997     0.2123      1.6886      
5       1.1701      5.2531      20.0000     
6       40.0000     40.0000     40.0000     

Iteration number: 0.01
State        L           0           R      
1       100.0000    100.0000    100.0000    
2       50.0000     0.4160      2.0066      
3       24.9855     6.1807      2.3654      
4       12.3997     0.2123      1.6886      
5       1.1701      5.2531      20.0000     
6       40.0000     40.0000     40.0000     

Iteration number: 0.01
State        L           0           R      
1       100.0000    100.0000    100.0000    
2       50.0000     22.5416     2.0066      
3       24.9855     6.1807      2.3654      
4       12.3997     0.2123      1.6886      
5       1.1701      5.2531      20.0000     
6       40.0000     40.0000     40.0000     

Iteration number: 0.01
State        L           0           R      
1       100.0000    100.0000    100.0000    
2       50.0000     22.5416     2.0066      
3       24.9986     3.4306      5.8615      
4       7.5681      0.7244      1.6886      
5       1.1701      5.2531      20.0000     
6       40.0000     40.0000     40.0000     

Iteration number: 0.01
State        L           0           R      
1       100.0000    100.0000    100.0000    
2       50.0000     22.5416     2.0066      
3       24.9986     3.4306      5.8615      
4       7.5681      0.7244      1.6886      
5       1.1701      5.2531      20.0000     
6       40.0000     40.0000     40.0000     

Iteration number: 0.01
State        L           0           R      
1       100.0000    100.0000    100.0000    
2       50.0000     2.2893      0.7983      
3       2.7899      0.9094      2.1332      
4       0.8510      0.7244      4.6689      
5       0.1171      5.2531      20.0000     
6       40.0000     40.0000     40.0000     

Iteration number: 0.01
State        L           0           R      
1       100.0000    100.0000    100.0000    
2       50.0000     2.2893      0.7983      
3       2.7899      0.9094      2.1332      
4       0.8510      0.7244      9.4669      
5       0.1171      5.2531      20.0000     
6       40.0000     40.0000     40.0000     

Iteration number: 0.01
State        L           0           R      
1       100.0000    100.0000    100.0000    
2       50.0000     2.2893      0.7983      
3       2.7899      0.9094      2.1332      
4       0.8510      0.7244      9.4669      
5       0.1171      5.2531      20.0000     
6       40.0000     40.0000     40.0000     

Iteration number: 0.01
State        L           0           R      
1       100.0000    100.0000    100.0000    
2       50.0000     2.2893      0.7983      
3       2.7899      0.9094      2.1332      
4       0.8510      0.7244      9.4669      
5       0.1171      5.2531      20.0000     
6       40.0000     40.0000     40.0000     

Iteration number: 0.01
State        L           0           R      
1       100.0000    100.0000    100.0000    
2       50.0000     2.2893      0.7983      
3       2.7899      0.9094      2.1332      
4       0.8510      0.7244      9.4669      
5       0.1171      5.2531      20.0000     
6       40.0000     40.0000     40.0000     

Iteration number: 0.01
State        L           0           R      
1       100.0000    100.0000    100.0000    
2       50.0000     2.2893      0.7983      
3       22.7790     11.3409     2.1332      
4       5.7101      0.7244      9.4669      
5       0.1171      5.2531      20.0000     
6       40.0000     40.0000     40.0000     

Iteration number: 0.01
State        L           0           R      
1       100.0000    100.0000    100.0000    
2       50.0000     2.2893      0.7983      
3       22.7790     11.3409     2.1332      
4       5.7101      0.7244      9.4669      
5       0.1171      5.2531      20.0000     
6       40.0000     40.0000     40.0000     

Iteration number: 0.01
State        L           0           R      
1       100.0000    100.0000    100.0000    
2       50.0000     2.2893      0.7983      
3       22.7790     11.3409     2.1332      
4       5.7101      0.7244      9.4669      
5       0.1171      5.2531      20.0000     
6       40.0000     40.0000     40.0000     

Iteration number: 0.01
State        L           0           R      
1       100.0000    100.0000    100.0000    
2       50.0000     2.2893      0.7983      
3       22.7790     11.3409     2.1332      
4       5.7101      0.7244      9.4669      
5       0.1171      5.2531      20.0000     
6       40.0000     40.0000     40.0000     

Iteration number: 0.01
State        L           0           R      
1       100.0000    100.0000    100.0000    
2       50.0000     2.2893      0.7983      
3       22.7790     11.3409     2.1332      
4       5.7101      0.7244      9.4669      
5       0.1171      5.2531      20.0000     
6       40.0000     40.0000     40.0000     

Iteration number: 0.01
State        L           0           R      
1       100.0000    100.0000    100.0000    
2       50.0000     2.2893      0.7983      
3       22.7790     11.3409     2.1332      
4       5.7101      0.7244      9.4669      
5       0.1171      5.2531      20.0000     
6       40.0000     40.0000     40.0000     

Iteration number: 0.01
State        L           0           R      
1       100.0000    100.0000    100.0000    
2       50.0000     2.2893      0.7983      
3       22.7790     11.3409     2.1332      
4       5.7101      0.7244      9.4669      
5       0.1171      5.2531      20.0000     
6       40.0000     40.0000     40.0000     

Iteration number: 0.01
State        L           0           R      
1       100.0000    100.0000    100.0000    
2       50.0000     2.2893      0.7983      
3       22.7790     11.3409     2.1332      
4       5.7101      0.7244      9.4669      
5       0.1171      5.2531      20.0000     
6       40.0000     40.0000     40.0000     

Iteration number: 0.01
State        L           0           R      
1       100.0000    100.0000    100.0000    
2       50.0000     22.7289     0.7983      
3       22.7790     11.3409     2.1332      
4       5.7101      0.7244      9.4669      
5       0.1171      5.2531      20.0000     
6       40.0000     40.0000     40.0000     

Iteration number: 0.01
State        L           0           R      
1       100.0000    100.0000    100.0000    
2       50.0000     22.7289     0.7983      
3       22.7790     11.3409     2.1332      
4       5.7101      0.7244      9.4669      
5       0.1171      5.2531      20.0000     
6       40.0000     40.0000     40.0000     

Iteration number: 0.01
State        L           0           R      
1       100.0000    100.0000    100.0000    
2       50.0000     22.7289     0.7983      
3       22.7790     11.3409     2.1332      
4       5.7101      0.7244      9.4669      
5       0.1171      5.2531      20.0000     
6       40.0000     40.0000     40.0000     

Iteration number: 0.01
State        L           0           R      
1       100.0000    100.0000    100.0000    
2       50.0000     22.7289     0.7983      
3       22.7790     11.3409     2.1332      
4       5.7101      0.7244      9.9467      
5       0.1171      5.2531      20.0000     
6       40.0000     40.0000     40.0000     

Iteration number: 0.01
State        L           0           R      
1       100.0000    100.0000    100.0000    
2       50.0000     3.3979      2.3298      
3       22.7790     11.3409     4.7133      
4       5.7101      0.7244      9.9947      
5       0.1171      5.2531      20.0000     
6       40.0000     40.0000     40.0000     

Iteration number: 0.01
State        L           0           R      
1       100.0000    100.0000    100.0000    
2       50.0000     3.3979      2.3298      
3       22.7790     11.3409     4.7133      
4       5.7101      0.7244      9.9947      
5       0.1171      5.2531      20.0000     
6       40.0000     40.0000     40.0000     

Iteration number: 0.01
State        L           0           R      
1       100.0000    100.0000    100.0000    
2       50.0000     22.8398     2.3298      
3       13.5279     4.0638      0.8449      
4       1.1057      0.1219      9.9947      
5       0.1171      5.2531      20.0000     
6       40.0000     40.0000     40.0000     

Iteration number: 0.01
State        L           0           R      
1       100.0000    100.0000    100.0000    
2       50.0000     22.8398     2.3298      
3       23.8528     4.0638      0.8449      
4       1.1057      0.1219      9.9947      
5       0.1171      5.2531      20.0000     
6       40.0000     40.0000     40.0000     

Iteration number: 0.01
State        L           0           R      
1       100.0000    100.0000    100.0000    
2       50.0000     22.8398     2.3298      
3       23.8528     4.0638      0.8449      
4       1.1057      0.1219      9.9947      
5       0.1171      5.2531      20.0000     
6       40.0000     40.0000     40.0000     

Iteration number: 0.01
State        L           0           R      
1       100.0000    100.0000    100.0000    
2       50.0000     22.8398     2.3298      
3       23.8528     4.0638      0.8449      
4       1.1057      0.1219      9.9947      
5       0.1171      5.2531      20.0000     
6       40.0000     40.0000     40.0000     

Iteration number: 0.01
State        L           0           R      
1       100.0000    100.0000    100.0000    
2       50.0000     22.8398     0.2506      
3       2.3941      0.4108      0.1196      
4       1.1057      1.3247      3.2846      
5       0.2930      5.0956      20.0000     
6       40.0000     40.0000     40.0000     

Iteration number: 0.01
State        L           0           R      
1       100.0000    100.0000    100.0000    
2       50.0000     22.8398     0.2506      
3       2.3941      0.4108      4.5120      
4       1.1057      1.3247      9.3285      
5       0.2930      5.0956      20.0000     
6       40.0000     40.0000     40.0000     

Iteration number: 0.01
State        L           0           R      
1       100.0000    100.0000    100.0000    
2       50.0000     22.8398     0.2506      
3       2.3941      0.4108      4.5120      
4       1.1057      1.3247      9.3285      
5       0.2930      5.0956      20.0000     
6       40.0000     40.0000     40.0000     

Iteration number: 0.01
State        L           0           R      
1       100.0000    100.0000    100.0000    
2       50.0000     22.8398     0.2506      
3       2.3941      0.4108      4.5120      
4       1.1057      1.3247      9.3285      
5       0.2930      5.0956      20.0000     
6       40.0000     40.0000     40.0000     

Iteration number: 0.01
State        L           0           R      
1       100.0000    100.0000    100.0000    
2       50.0000     22.8398     0.2506      
3       2.3941      0.4108      4.5120      
4       1.1057      1.3247      9.3285      
5       0.2930      5.0956      20.0000     
6       40.0000     40.0000     40.0000     

Iteration number: 0.01
State        L           0           R      
1       100.0000    100.0000    100.0000    
2       50.0000     22.8398     0.2506      
3       22.7394     0.4108      4.5120      
4       1.1057      1.3247      9.3285      
5       0.2930      5.0956      20.0000     
6       40.0000     40.0000     40.0000     

Iteration number: 0.01
State        L           0           R      
1       100.0000    100.0000    100.0000    
2       50.0000     22.8398     0.2506      
3       22.7394     0.4108      4.5120      
4       1.1057      1.3247      9.3285      
5       0.2930      5.0956      20.0000     
6       40.0000     40.0000     40.0000     

Iteration number: 0.01
State        L           0           R      
1       100.0000    100.0000    100.0000    
2       50.0000     22.8398     0.2506      
3       22.7394     0.4108      4.5120      
4       1.1057      1.3247      9.3285      
5       0.2930      5.0956      20.0000     
6       40.0000     40.0000     40.0000     

Iteration number: 0.01
State        L           0           R      
1       100.0000    100.0000    100.0000    
2       50.0000     19.1590     0.3766      
3       5.1743      1.6817      4.5120      
4       1.1057      1.3247      9.3285      
5       0.2930      5.0956      20.0000     
6       40.0000     40.0000     40.0000     

Iteration number: 0.01
State        L           0           R      
1       100.0000    100.0000    100.0000    
2       50.0000     19.1590     0.3766      
3       5.1743      1.6817      4.5120      
4       1.1057      1.3247      9.3285      
5       0.2930      5.0956      20.0000     
6       40.0000     40.0000     40.0000     

Iteration number: 0.01
State        L           0           R      
1       100.0000    100.0000    100.0000    
2       50.0000     19.1590     0.3766      
3       5.1743      1.6817      4.5120      
4       1.1057      1.3247      9.3285      
5       0.2930      5.0956      20.0000     
6       40.0000     40.0000     40.0000     

Iteration number: 0.01
State        L           0           R      
1       100.0000    100.0000    100.0000    
2       50.0000     19.1590     0.3766      
3       5.1743      1.6817      4.5120      
4       1.1057      1.3247      9.3285      
5       0.2930      5.0956      20.0000     
6       40.0000     40.0000     40.0000     

Iteration number: 0.01
State        L           0           R      
1       100.0000    100.0000    100.0000    
2       50.0000     19.1590     0.3766      
3       23.0174     11.4182     4.5120      
4       1.1057      1.3247      9.3285      
5       0.2930      5.0956      20.0000     
6       40.0000     40.0000     40.0000     

Iteration number: 0.01
State        L           0           R      
1       100.0000    100.0000    100.0000    
2       50.0000     19.1590     0.3766      
3       23.0174     11.4182     4.5120      
4       1.1057      1.3247      9.3285      
5       0.2930      5.0956      20.0000     
6       40.0000     40.0000     40.0000     

Iteration number: 0.01
State        L           0           R      
1       100.0000    100.0000    100.0000    
2       50.0000     19.1590     0.3766      
3       24.8017     11.4182     3.2637      
4       11.3606     5.7575      9.3285      
5       0.2930      5.0956      20.0000     
6       40.0000     40.0000     40.0000     

Iteration number: 0.01
State        L           0           R      
1       100.0000    100.0000    100.0000    
2       50.0000     19.1590     0.3766      
3       24.8017     11.4182     3.2637      
4       11.3606     5.7575      9.3285      
5       0.2930      5.0956      20.0000     
6       40.0000     40.0000     40.0000     

Iteration number: 0.01
State        L           0           R      
1       100.0000    100.0000    100.0000    
2       50.0000     19.1590     0.3766      
3       24.8017     11.4182     3.2637      
4       11.3606     5.7575      9.3285      
5       0.2930      5.0956      20.0000     
6       40.0000     40.0000     40.0000     

Iteration number: 0.01
State        L           0           R      
1       100.0000    100.0000    100.0000    
2       50.0000     19.1590     0.3766      
3       24.8017     11.4182     3.2637      
4       11.3606     2.8257      5.4328      
5       1.1543      3.7908      20.0000     
6       40.0000     40.0000     40.0000     

Iteration number: 0.01
State        L           0           R      
1       100.0000    100.0000    100.0000    
2       50.0000     19.1590     0.3766      
3       24.8017     11.4182     3.2637      
4       11.3606     2.8257      5.4328      
5       1.1543      3.7908      20.0000     
6       40.0000     40.0000     40.0000     

Iteration number: 0.01
State        L           0           R      
1       100.0000    100.0000    100.0000    
2       50.0000     19.1590     0.3766      
3       24.8017     11.4182     3.2637      
4       11.3606     2.8257      5.4328      
5       1.1543      3.7908      20.0000     
6       40.0000     40.0000     40.0000     

Iteration number: 0.01
State        L           0           R      
1       100.0000    100.0000    100.0000    
2       50.0000     19.1590     0.3766      
3       24.8017     11.4182     3.2637      
4       11.3606     2.8257      5.4328      
5       1.1543      3.7908      20.0000     
6       40.0000     40.0000     40.0000     

Iteration number: 0.01
State        L           0           R      
1       100.0000    100.0000    100.0000    
2       50.0000     19.1590     0.0379      
3       24.8017     1.1424      0.3357      
4       1.1448      1.9232      2.9432      
5       0.8903      1.5041      20.0000     
6       40.0000     40.0000     40.0000     

Iteration number: 0.01
State        L           0           R      
1       100.0000    100.0000    100.0000    
2       50.0000     19.1590     0.0379      
3       24.8017     1.1424      0.3357      
4       1.1448      1.9232      2.9432      
5       0.8903      1.5041      20.0000     
6       40.0000     40.0000     40.0000     

Iteration number: 0.01
State        L           0           R      
1       100.0000    100.0000    100.0000    
2       50.0000     19.1590     0.0379      
3       24.8017     1.1424      0.3357      
4       1.1448      1.9232      2.9432      
5       0.8903      1.5041      20.0000     
6       40.0000     40.0000     40.0000     

Iteration number: 0.01
State        L           0           R      
1       100.0000    100.0000    100.0000    
2       50.0000     19.1590     0.0379      
3       24.9802     1.1424      0.3357      
4       11.3645     1.9232      3.1068      
5       3.6047      0.8535      20.0000     
6       40.0000     40.0000     40.0000     

Iteration number: 0.01
State        L           0           R      
1       100.0000    100.0000    100.0000    
2       50.0000     19.1590     0.0379      
3       24.9802     1.1424      0.3357      
4       11.3645     1.9232      3.1068      
5       3.6047      0.8535      20.0000     
6       40.0000     40.0000     40.0000     

Iteration number: 0.01
State        L           0           R      
1       100.0000    100.0000    100.0000    
2       50.0000     19.1590     0.0379      
3       24.9802     1.1424      0.3357      
4       11.3645     1.9232      3.1068      
5       3.6047      0.8535      20.0000     
6       40.0000     40.0000     40.0000     

Iteration number: 0.01
State        L           0           R      
1       100.0000    100.0000    100.0000    
2       50.0000     19.1590     0.0379      
3       24.9802     1.1424      0.3357      
4       11.3645     1.9232      3.1068      
5       3.6047      0.8535      20.0000     
6       40.0000     40.0000     40.0000     

Iteration number: 0.01
State        L           0           R      
1       100.0000    100.0000    100.0000    
2       50.0000     19.1590     0.0379      
3       24.9802     1.1424      0.3357      
4       11.3645     1.9232      3.1068      
5       3.6047      0.8535      20.0000     
6       40.0000     40.0000     40.0000     

Iteration number: 0.01
State        L           0           R      
1       100.0000    100.0000    100.0000    
2       50.0000     19.1590     0.0379      
3       24.9980     6.0908      1.4398      
4       6.7614      3.0048      3.1068      
5       3.6047      0.8535      20.0000     
6       40.0000     40.0000     40.0000     

Iteration number: 0.01
State        L           0           R      
1       100.0000    100.0000    100.0000    
2       50.0000     19.1590     0.0379      
3       24.9980     6.0908      1.4398      
4       6.7614      3.0048      3.1068      
5       3.6047      0.8535      20.0000     
6       40.0000     40.0000     40.0000     

Iteration number: 0.01
State        L           0           R      
1       100.0000    100.0000    100.0000    
2       50.0000     19.1590     0.0379      
3       24.9998     11.8591     1.9018      
4       3.1371      3.0048      3.1068      
5       0.5362      0.8535      20.0000     
6       40.0000     40.0000     40.0000     

Iteration number: 0.01
State        L           0           R      
1       100.0000    100.0000    100.0000    
2       50.0000     19.1590     0.0379      
3       25.0000     11.8591     1.9018      
4       3.1371      3.0048      3.1068      
5       0.5362      0.8535      20.0000     
6       40.0000     40.0000     40.0000     

Iteration number: 0.01
State        L           0           R      
1       100.0000    100.0000    100.0000    
2       50.0000     19.1590     0.0379      
3       25.0000     11.8591     1.9018      
4       3.1371      3.0048      3.1068      
5       0.5362      0.8535      20.0000     
6       40.0000     40.0000     40.0000     

Iteration number: 0.01
State        L           0           R      
1       100.0000    100.0000    100.0000    
2       50.0000     19.1590     0.0379      
3       25.0000     11.8591     1.9018      
4       3.1371      3.0048      3.1068      
5       0.5362      0.8535      20.0000     
6       40.0000     40.0000     40.0000     

Iteration number: 0.01
State        L           0           R      
1       100.0000    100.0000    100.0000    
2       50.0000     19.1590     0.0379      
3       25.0000     11.8591     1.9018      
4       3.1371      3.0048      3.1068      
5       0.5362      0.8535      20.0000     
6       40.0000     40.0000     40.0000     

Iteration number: 0.01
State        L           0           R      
1       100.0000    100.0000    100.0000    
2       50.0000     19.1590     0.0379      
3       25.0000     11.8591     1.3152      
4       3.1371      3.0048      5.9357      
5       4.5536      0.8535      20.0000     
6       40.0000     40.0000     40.0000     

Iteration number: 0.01
State        L           0           R      
1       100.0000    100.0000    100.0000    
2       50.0000     19.1590     0.0379      
3       25.0000     11.8591     4.6315      
4       3.1371      3.0048      9.5936      
5       4.5536      0.8535      20.0000     
6       40.0000     40.0000     40.0000     

Iteration number: 0.01
State        L           0           R      
1       100.0000    100.0000    100.0000    
2       50.0000     19.1590     0.0379      
3       25.0000     11.8591     4.6315      
4       3.1371      3.0048      9.5936      
5       4.5536      0.8535      20.0000     
6       40.0000     40.0000     40.0000     

Iteration number: 0.01
State        L           0           R      
1       100.0000    100.0000    100.0000    
2       50.0000     19.1590     0.0379      
3       25.0000     11.8591     4.6315      
4       3.1371      3.0048      9.5936      
5       4.5536      0.8535      20.0000     
6       40.0000     40.0000     40.0000     

Iteration number: 0.01
State        L           0           R      
1       100.0000    100.0000    100.0000    
2       50.0000     19.1590     0.0379      
3       25.0000     11.8591     4.9632      
4       2.5637      3.0048      9.9594      
5       4.5536      0.8535      20.0000     
6       40.0000     40.0000     40.0000     

Iteration number: 0.01
State        L           0           R      
1       100.0000    100.0000    100.0000    
2       50.0000     19.1590     0.0379      
3       25.0000     11.8591     4.9632      
4       2.5637      3.0048      9.9594      
5       4.5536      0.8535      20.0000     
6       40.0000     40.0000     40.0000     

Iteration number: 0.01
State        L           0           R      
1       100.0000    100.0000    100.0000    
2       50.0000     19.1590     11.2538     
3       16.5625     11.8591     4.9632      
4       2.5637      3.0048      9.9594      
5       4.5536      0.8535      20.0000     
6       40.0000     40.0000     40.0000     

Iteration number: 0.01
State        L           0           R      
1       100.0000    100.0000    100.0000    
2       50.0000     19.1590     11.2538     
3       16.5625     11.8591     4.9632      
4       2.5637      3.0048      9.9594      
5       4.5536      0.8535      20.0000     
6       40.0000     40.0000     40.0000     

Iteration number: 0.01
State        L           0           R      
1       100.0000    100.0000    100.0000    
2       50.0000     19.1590     11.2538     
3       16.5625     11.8591     4.9632      
4       2.5637      3.0048      9.9594      
5       4.5536      0.8535      20.0000     
6       40.0000     40.0000     40.0000     

Iteration number: 0.01
State        L           0           R      
1       100.0000    100.0000    100.0000    
2       50.0000     19.1590     11.2538     
3       16.5625     11.8591     4.9632      
4       2.5637      3.0048      9.9594      
5       4.5536      0.8535      20.0000     
6       40.0000     40.0000     40.0000     

Iteration number: 0.01
State        L           0           R      
1       100.0000    100.0000    100.0000    
2       50.0000     19.1590     11.2538     
3       16.5625     11.8591     4.9632      
4       2.5637      3.0048      9.9594      
5       4.5536      0.8535      20.0000     
6       40.0000     40.0000     40.0000     

Iteration number: 0.01
State        L           0           R      
1       100.0000    100.0000    100.0000    
2       50.0000     19.1590     11.2538     
3       16.5625     11.8591     4.9632      
4       2.5637      3.0048      9.9594      
5       4.5536      0.8535      20.0000     
6       40.0000     40.0000     40.0000     

Iteration number: 0.01
State        L           0           R      
1       100.0000    100.0000    100.0000    
2       50.0000     19.1590     11.2538     
3       24.1562     11.8591     4.9632      
4       2.5637      3.0048      9.9594      
5       4.5536      0.8535      20.0000     
6       40.0000     40.0000     40.0000     

Iteration number: 0.01
State        L           0           R      
1       100.0000    100.0000    100.0000    
2       50.0000     19.1590     11.2538     
3       24.1562     11.8591     4.9632      
4       2.5637      3.0048      9.9959      
5       4.9554      2.3354      20.0000     
6       40.0000     40.0000     40.0000     

Iteration number: 0.01
State        L           0           R      
1       100.0000    100.0000    100.0000    
2       50.0000     19.1590     11.2538     
3       24.1562     11.8591     4.9632      
4       2.5637      3.0048      9.9959      
5       4.9554      2.3354      20.0000     
6       40.0000     40.0000     40.0000     

Iteration number: 0.01
State        L           0           R      
1       100.0000    100.0000    100.0000    
2       50.0000     19.1590     11.2538     
3       24.1562     11.8591     4.9632      
4       2.5637      3.0048      9.9959      
5       4.9554      2.3354      20.0000     
6       40.0000     40.0000     40.0000     

Iteration number: 0.01
State        L           0           R      
1       100.0000    100.0000    100.0000    
2       50.0000     19.1590     11.2538     
3       24.9156     11.8591     6.1213      
4       7.2876      3.0048      9.9959      
5       1.9018      2.3354      20.0000     
6       40.0000     40.0000     40.0000     

Iteration number: 0.01
State        L           0           R      
1       100.0000    100.0000    100.0000    
2       50.0000     19.1590     11.2538     
3       24.9156     11.8591     6.1213      
4       7.2876      3.0048      9.9959      
5       1.9018      2.3354      20.0000     
6       40.0000     40.0000     40.0000     

Iteration number: 0.01
State        L           0           R      
1       100.0000    100.0000    100.0000    
2       50.0000     19.1590     11.2538     
3       24.9156     11.8591     6.1213      
4       7.2876      3.0048      9.9959      
5       1.9018      2.3354      20.0000     
6       40.0000     40.0000     40.0000     

Iteration number: 0.01
State        L           0           R      
1       100.0000    100.0000    100.0000    
2       50.0000     24.4159     11.2538     
3       24.9156     11.8591     6.1213      
4       7.2876      3.0048      9.9959      
5       1.9018      2.3354      20.0000     
6       40.0000     40.0000     40.0000     

Iteration number: 0.01
State        L           0           R      
1       100.0000    100.0000    100.0000    
2       50.0000     24.4159     11.2538     
3       24.9916     11.8591     6.2371      
4       11.9788     3.0048      9.9959      
5       1.9018      2.3354      20.0000     
6       40.0000     40.0000     40.0000     

Iteration number: 0.01
State        L           0           R      
1       100.0000    100.0000    100.0000    
2       50.0000     24.4159     11.2538     
3       24.9916     11.8591     6.2371      
4       11.9788     3.0048      9.9959      
5       1.9018      2.3354      20.0000     
6       40.0000     40.0000     40.0000     

Iteration number: 0.01
State        L           0           R      
1       100.0000    100.0000    100.0000    
2       50.0000     24.4159     11.2538     
3       24.9916     11.8591     2.8737      
4       2.3229      2.8317      9.9996      
5       0.4714      2.3354      20.0000     
6       40.0000     40.0000     40.0000     

Iteration number: 0.01
State        L           0           R      
1       100.0000    100.0000    100.0000    
2       50.0000     24.4159     11.2538     
3       24.9916     11.8591     2.8737      
4       2.3229      2.8317      9.9996      
5       0.4714      2.3354      20.0000     
6       40.0000     40.0000     40.0000     

Iteration number: 0.01
State        L           0           R      
1       100.0000    100.0000    100.0000    
2       50.0000     24.4159     11.2538     
3       24.9916     11.8591     2.8737      
4       2.3229      2.8317      9.9996      
5       0.4714      2.3354      20.0000     
6       40.0000     40.0000     40.0000     

Iteration number: 0.01
State        L           0           R      
1       100.0000    100.0000    100.0000    
2       50.0000     24.4159     11.2538     
3       24.9916     11.8591     2.8737      
4       2.3229      2.8317      9.9996      
5       0.4714      2.3354      20.0000     
6       40.0000     40.0000     40.0000     

Iteration number: 0.01
State        L           0           R      
1       100.0000    100.0000    100.0000    
2       50.0000     24.4159     11.2538     
3       24.9916     11.8591     2.8737      
4       2.3229      2.8317      9.9996      
5       0.4714      2.3354      20.0000     
6       40.0000     40.0000     40.0000     

Iteration number: 0.01
State        L           0           R      
1       100.0000    100.0000    100.0000    
2       50.0000     24.4159     11.2538     
3       24.9916     11.8591     2.8737      
4       2.3229      2.8317      9.9996      
5       0.4714      2.3354      20.0000     
6       40.0000     40.0000     40.0000     

Iteration number: 0.01
State        L           0           R      
1       100.0000    100.0000    100.0000    
2       50.0000     24.4159     3.9379      
3       14.4523     11.8591     5.9124      
4       6.2089      2.8317      9.9996      
5       0.4714      2.3354      20.0000     
6       40.0000     40.0000     40.0000     

Iteration number: 0.01
State        L           0           R      
1       100.0000    100.0000    100.0000    
2       50.0000     24.4159     3.9379      
3       23.9452     11.8591     5.9124      
4       11.8709     2.8317      9.9996      
5       0.4714      2.3354      20.0000     
6       40.0000     40.0000     40.0000     

Iteration number: 0.01
State        L           0           R      
1       100.0000    100.0000    100.0000    
2       50.0000     24.4159     3.9379      
3       23.9452     11.8591     5.9124      
4       11.8709     2.8317      9.9996      
5       0.4714      2.3354      20.0000     
6       40.0000     40.0000     40.0000     

Iteration number: 0.01
State        L           0           R      
1       100.0000    100.0000    100.0000    
2       50.0000     24.4159     3.9379      
3       23.9452     11.8591     0.9428      
4       1.4683      2.8317      6.0625      
5       4.5471      2.4835      20.0000     
6       40.0000     40.0000     40.0000     

Iteration number: 0.01
State        L           0           R      
1       100.0000    100.0000    100.0000    
2       50.0000     24.4159     3.9379      
3       23.9452     11.8591     4.5943      
4       1.4683      2.8317      9.6062      
5       4.5471      2.4835      20.0000     
6       40.0000     40.0000     40.0000     

Iteration number: 0.01
State        L           0           R      
1       100.0000    100.0000    100.0000    
2       50.0000     24.4159     3.9379      
3       23.9452     11.8591     4.5943      
4       1.4683      2.8317      9.6062      
5       4.5471      2.4835      20.0000     
6       40.0000     40.0000     40.0000     

Iteration number: 0.01
State        L           0           R      
1       100.0000    100.0000    100.0000    
2       50.0000     24.4159     3.9379      
3       23.9452     11.8591     4.5943      
4       1.4683      2.8317      9.9606      
5       4.5471      2.4835      20.0000     
6       40.0000     40.0000     40.0000     

Iteration number: 0.01
State        L           0           R      
1       100.0000    100.0000    100.0000    
2       50.0000     2.5471      1.0969      
3       2.9570      3.4359      4.9594      
4       1.4683      2.8317      9.9961      
5       4.5471      2.4835      20.0000     
6       40.0000     40.0000     40.0000     

Iteration number: 0.01
State        L           0           R      
1       100.0000    100.0000    100.0000    
2       50.0000     2.5471      1.0969      
3       2.9570      3.4359      4.9594      
4       1.4683      2.8317      9.9961      
5       4.5471      2.4835      20.0000     
6       40.0000     40.0000     40.0000     

Iteration number: 0.01
State        L           0           R      
1       100.0000    100.0000    100.0000    
2       50.0000     0.8875      1.3753      
3       0.6121      3.4359      4.9959      
4       0.1820      0.3008      9.9996      
5       4.5471      2.4835      20.0000     
6       40.0000     40.0000     40.0000     

Iteration number: 0.01
State        L           0           R      
1       100.0000    100.0000    100.0000    
2       50.0000     0.8875      1.3753      
3       0.6121      3.4359      4.9959      
4       0.1820      0.3008      9.9996      
5       4.5471      2.4835      20.0000     
6       40.0000     40.0000     40.0000     

Iteration number: 0.01
State        L           0           R      
1       100.0000    100.0000    100.0000    
2       50.0000     0.8875      1.3753      
3       0.6121      3.4359      4.9959      
4       0.1820      0.3008      9.9996      
5       4.5471      2.4835      20.0000     
6       40.0000     40.0000     40.0000     

Iteration number: 0.01
State        L           0           R      
1       100.0000    100.0000    100.0000    
2       50.0000     0.8875      1.3753      
3       0.6121      3.4359      4.9959      
4       0.1820      0.3008      9.9996      
5       4.5471      2.4835      20.0000     
6       40.0000     40.0000     40.0000     

Iteration number: 0.01
State        L           0           R      
1       100.0000    100.0000    100.0000    
2       50.0000     4.2599      1.1052      
3       3.8735      3.1588      4.9959      
4       0.1820      0.3008      9.9996      
5       4.5471      2.4835      20.0000     
6       40.0000     40.0000     40.0000     

Iteration number: 0.01
State        L           0           R      
1       100.0000    100.0000    100.0000    
2       50.0000     4.2599      1.1052      
3       3.8735      3.1588      4.9959      
4       0.1820      0.3008      9.9996      
5       4.5471      2.4835      20.0000     
6       40.0000     40.0000     40.0000     

Iteration number: 0.01
State        L           0           R      
1       100.0000    100.0000    100.0000    
2       50.0000     22.9260     1.1052      
3       11.6373     3.1588      1.9498      
4       3.5338      0.4402      9.9996      
5       4.5471      2.4835      20.0000     
6       40.0000     40.0000     40.0000     

Iteration number: 0.01
State        L           0           R      
1       100.0000    100.0000    100.0000    
2       50.0000     22.9260     1.1052      
3       23.6637     3.1588      1.9498      
4       11.6034     0.4402      9.9996      
5       6.0797      2.4835      20.0000     
6       40.0000     40.0000     40.0000     

Iteration number: 0.01
State        L           0           R      
1       100.0000    100.0000    100.0000    
2       50.0000     22.9260     1.1052      
3       24.8664     3.1588      1.9498      
4       11.6034     0.4402      9.9996      
5       6.0797      2.4835      20.0000     
6       40.0000     40.0000     40.0000     

Iteration number: 0.01
State        L           0           R      
1       100.0000    100.0000    100.0000    
2       50.0000     22.9260     1.1052      
3       24.8664     3.1588      1.9498      
4       11.6034     0.4402      9.9996      
5       6.0797      2.4835      20.0000     
6       40.0000     40.0000     40.0000     

Iteration number: 0.01
State        L           0           R      
1       100.0000    100.0000    100.0000    
2       50.0000     22.9260     1.1052      
3       24.8664     3.1588      1.9498      
4       11.6034     0.4402      9.9996      
5       6.0797      9.2484      20.0000     
6       40.0000     40.0000     40.0000     

Iteration number: 0.01
State        L           0           R      
1       100.0000    100.0000    100.0000    
2       50.0000     22.9260     1.1052      
3       24.8664     3.1588      1.9498      
4       11.6034     4.5440      10.0000     
5       6.0797      9.2484      20.0000     
6       40.0000     40.0000     40.0000     

Iteration number: 0.01
State        L           0           R      
1       100.0000    100.0000    100.0000    
2       50.0000     22.9260     1.1052      
3       24.8664     3.1588      1.9498      
4       11.6034     4.5440      10.0000     
5       6.0797      9.2484      20.0000     
6       40.0000     40.0000     40.0000     

Iteration number: 0.01
State        L           0           R      
1       100.0000    100.0000    100.0000    
2       50.0000     22.9260     1.1052      
3       24.8664     3.1588      1.9498      
4       11.6034     4.5440      10.0000     
5       6.0797      9.2484      20.0000     
6       40.0000     40.0000     40.0000     

Iteration number: 0.01
State        L           0           R      
1       100.0000    100.0000    100.0000    
2       50.0000     22.9260     2.3605      
3       3.6116      3.1588      4.6950      
4       1.7228      0.7357      10.0000     
5       6.0797      9.2484      20.0000     
6       40.0000     40.0000     40.0000     

Iteration number: 0.01
State        L           0           R      
1       100.0000    100.0000    100.0000    
2       50.0000     22.9260     2.3605      
3       3.6116      3.1588      4.6950      
4       1.7228      0.7357      10.0000     
5       6.0797      9.2484      20.0000     
6       40.0000     40.0000     40.0000     

Iteration number: 0.01
State        L           0           R      
1       100.0000    100.0000    100.0000    
2       50.0000     22.9260     2.3605      
3       22.8612     3.1588      4.6950      
4       1.7228      0.7357      10.0000     
5       6.0797      9.2484      20.0000     
6       40.0000     40.0000     40.0000     

Iteration number: 0.01
State        L           0           R      
1       100.0000    100.0000    100.0000    
2       50.0000     22.9260     2.3605      
3       22.8612     3.1588      4.6950      
4       1.7228      0.7357      10.0000     
5       6.0797      9.2484      20.0000     
6       40.0000     40.0000     40.0000     

Iteration number: 0.01
State        L           0           R      
1       100.0000    100.0000    100.0000    
2       50.0000     22.9260     2.3605      
3       22.8612     3.1588      4.6950      
4       1.7228      0.7357      10.0000     
5       6.0797      9.2484      20.0000     
6       40.0000     40.0000     40.0000     

Iteration number: 0.01
State        L           0           R      
1       100.0000    100.0000    100.0000    
2       50.0000     2.2970      0.2580      
3       2.2960      0.3862      1.2666      
4       0.7353      0.7357      3.3906      
5       1.1705      9.9248      20.0000     
6       40.0000     40.0000     40.0000     

Iteration number: 0.01
State        L           0           R      
1       100.0000    100.0000    100.0000    
2       50.0000     2.2970      0.2580      
3       2.2960      0.3862      1.2666      
4       0.7353      0.7357      9.3391      
5       1.1705      9.9248      20.0000     
6       40.0000     40.0000     40.0000     

Iteration number: 0.01
State        L           0           R      
1       100.0000    100.0000    100.0000    
2       50.0000     2.2970      0.2580      
3       2.2960      0.3862      4.6267      
4       0.7353      0.7357      9.9339      
5       1.1705      9.9248      20.0000     
6       40.0000     40.0000     40.0000     

Iteration number: 0.01
State        L           0           R      
1       100.0000    100.0000    100.0000    
2       50.0000     2.2970      0.2580      
3       2.2960      0.3862      4.6267      
4       0.7353      0.7357      9.9339      
5       1.1705      9.9248      20.0000     
6       40.0000     40.0000     40.0000     

Iteration number: 0.01
State        L           0           R      
1       100.0000    100.0000    100.0000    
2       50.0000     2.2970      0.2580      
3       22.7296     0.3862      4.6267      
4       11.3235     5.6986      9.9339      
5       1.1705      9.9248      20.0000     
6       40.0000     40.0000     40.0000     

Iteration number: 0.01
State        L           0           R      
1       100.0000    100.0000    100.0000    
2       50.0000     2.2970      0.2580      
3       22.7296     0.3862      4.6267      
4       11.3235     5.6986      9.9339      
5       1.1705      9.9248      20.0000     
6       40.0000     40.0000     40.0000     

Iteration number: 0.01
State        L           0           R      
1       100.0000    100.0000    100.0000    
2       50.0000     2.2970      0.2580      
3       22.7296     0.3862      4.6267      
4       11.3235     5.6986      9.9339      
5       1.1705      9.9248      20.0000     
6       40.0000     40.0000     40.0000     

Iteration number: 0.01
State        L           0           R      
1       100.0000    100.0000    100.0000    
2       50.0000     5.8547      11.2758     
3       24.7730     0.3862      4.6267      
4       11.3235     5.6986      9.9339      
5       1.1705      9.9248      20.0000     
6       40.0000     40.0000     40.0000     

Iteration number: 0.01
State        L           0           R      
1       100.0000    100.0000    100.0000    
2       50.0000     5.8547      11.2758     
3       24.9773     0.3862      4.6267      
4       12.3824     5.6986      9.9339      
5       1.1705      9.9248      20.0000     
6       40.0000     40.0000     40.0000     

Iteration number: 0.01
State        L           0           R      
1       100.0000    100.0000    100.0000    
2       50.0000     5.8547      11.2758     
3       24.9773     0.3862      4.6267      
4       12.3824     5.6986      9.9339      
5       1.1705      9.9248      20.0000     
6       40.0000     40.0000     40.0000     

Iteration number: 0.01
State        L           0           R      
1       100.0000    100.0000    100.0000    
2       50.0000     5.8547      11.2758     
3       24.9977     11.2886     3.2752      
4       4.7539      5.6986      9.9339      
5       1.1705      9.9248      20.0000     
6       40.0000     40.0000     40.0000     

Iteration number: 0.01
State        L           0           R      
1       100.0000    100.0000    100.0000    
2       50.0000     5.8547      11.2758     
3       24.9998     11.2886     3.2752      
4       4.7539      5.6986      9.9339      
5       1.1705      9.9248      20.0000     
6       40.0000     40.0000     40.0000     

Iteration number: 0.01
State        L           0           R      
1       100.0000    100.0000    100.0000    
2       50.0000     5.8547      11.2758     
3       24.9998     11.2886     3.2752      
4       4.7539      5.6986      9.9339      
5       1.1705      9.9248      20.0000     
6       40.0000     40.0000     40.0000     

Iteration number: 0.01
State        L           0           R      
1       100.0000    100.0000    100.0000    
2       50.0000     5.8547      11.2758     
3       24.9998     11.2886     3.2752      
4       4.7539      5.6986      9.9339      
5       1.1705      9.9248      20.0000     
6       40.0000     40.0000     40.0000     

Iteration number: 0.01
State        L           0           R      
1       100.0000    100.0000    100.0000    
2       50.0000     5.8547      11.2758     
3       25.0000     12.3789     3.2752      
4       6.1004      3.3824      1.3010      
5       0.5840      9.9248      20.0000     
6       40.0000     40.0000     40.0000     

Iteration number: 0.01
State        L           0           R      
1       100.0000    100.0000    100.0000    
2       50.0000     5.8547      11.2758     
3       25.0000     12.3789     3.2752      
4       6.1004      3.3824      1.3010      
5       0.5840      9.9248      20.0000     
6       40.0000     40.0000     40.0000     

Iteration number: 0.01
State        L           0           R      
1       100.0000    100.0000    100.0000    
2       50.0000     5.8547      11.2758     
3       25.0000     12.3789     3.2752      
4       6.1004      3.3824      1.3010      
5       0.5840      9.9248      20.0000     
6       40.0000     40.0000     40.0000     

Iteration number: 0.01
State        L           0           R      
1       100.0000    100.0000    100.0000    
2       50.0000     5.8547      11.2758     
3       25.0000     12.3789     3.2752      
4       6.1004      3.3824      1.3010      
5       0.5840      9.9248      20.0000     
6       40.0000     40.0000     40.0000     

Iteration number: 0.01
State        L           0           R      
1       100.0000    100.0000    100.0000    
2       50.0000     0.5921      1.3079      
3       2.5885      1.2560      1.4525      
4       6.1004      3.7132      9.1301      
5       0.5840      9.9248      20.0000     
6       40.0000     40.0000     40.0000     

Iteration number: 0.01
State        L           0           R      
1       100.0000    100.0000    100.0000    
2       50.0000     0.5921      1.3079      
3       2.5885      1.2560      1.4525      
4       6.1004      3.7132      9.1301      
5       0.5840      9.9248      20.0000     
6       40.0000     40.0000     40.0000     

Iteration number: 0.01
State        L           0           R      
1       100.0000    100.0000    100.0000    
2       50.0000     0.5921      1.3079      
3       2.5885      1.2560      1.4525      
4       6.1004      3.7132      9.1301      
5       0.5840      9.9248      20.0000     
6       40.0000     40.0000     40.0000     

Iteration number: 0.01
State        L           0           R      
1       100.0000    100.0000    100.0000    
2       50.0000     0.5921      0.1418      
3       7.7625      0.1267      0.1679      
4       6.2364      5.9963      1.3085      
5       1.6404      1.7835      20.0000     
6       40.0000     40.0000     40.0000     

Iteration number: 0.01
State        L           0           R      
1       100.0000    100.0000    100.0000    
2       50.0000     0.5921      0.1418      
3       23.2763     0.1267      0.1679      
4       11.8736     5.9963      1.3085      
5       1.6404      1.7835      20.0000     
6       40.0000     40.0000     40.0000     

Iteration number: 0.01
State        L           0           R      
1       100.0000    100.0000    100.0000    
2       50.0000     0.5921      0.1418      
3       23.2763     0.1267      0.1679      
4       11.8736     5.9963      1.3085      
5       1.6404      1.7835      20.0000     
6       40.0000     40.0000     40.0000     

Iteration number: 0.01
State        L           0           R      
1       100.0000    100.0000    100.0000    
2       50.0000     0.5921      0.1418      
3       23.2763     0.1267      0.1679      
4       11.8736     5.9963      1.3085      
5       1.6404      1.7835      20.0000     
6       40.0000     40.0000     40.0000     

Iteration number: 0.01
State        L           0           R      
1       100.0000    100.0000    100.0000    
2       50.0000     0.1416      0.1900      
3       9.8313      2.0058      0.4858      
4       3.0633      2.0066      0.1309      
5       0.1640      1.7835      20.0000     
6       40.0000     40.0000     40.0000     

Iteration number: 0.01
State        L           0           R      
1       100.0000    100.0000    100.0000    
2       50.0000     0.1416      0.1900      
3       9.8313      2.0058      0.4858      
4       3.0633      2.0066      0.1309      
5       0.1640      1.7835      20.0000     
6       40.0000     40.0000     40.0000     

Iteration number: 0.01
State        L           0           R      
1       100.0000    100.0000    100.0000    
2       50.0000     0.1416      0.1900      
3       9.8313      2.0058      0.4858      
4       3.0633      2.0066      0.1309      
5       0.1640      1.7835      20.0000     
6       40.0000     40.0000     40.0000     

Iteration number: 0.01
State        L           0           R      
1       100.0000    100.0000    100.0000    
2       50.0000     0.1416      0.1900      
3       9.8313      2.0058      0.4858      
4       3.0633      2.0066      0.1309      
5       0.1640      1.7835      20.0000     
6       40.0000     40.0000     40.0000     

Iteration number: 0.01
State        L           0           R      
1       100.0000    100.0000    100.0000    
2       50.0000     0.1416      0.1900      
3       9.8313      2.0058      0.4858      
4       3.0633      2.0066      0.1309      
5       0.1640      1.7835      20.0000     
6       40.0000     40.0000     40.0000     

Iteration number: 0.01
State        L           0           R      
1       100.0000    100.0000    100.0000    
2       50.0000     0.1416      0.1900      
3       9.8313      2.0058      0.4858      
4       3.0633      2.0066      0.1309      
5       0.1640      1.7835      20.0000     
6       40.0000     40.0000     40.0000     

Iteration number: 0.01
State        L           0           R      
1       100.0000    100.0000    100.0000    
2       50.0000     0.1416      0.1900      
3       9.8313      2.0058      0.4858      
4       3.0633      2.0066      0.1309      
5       0.1640      1.7835      20.0000     
6       40.0000     40.0000     40.0000     

Iteration number: 0.01
State        L           0           R      
1       100.0000    100.0000    100.0000    
2       50.0000     0.4097      0.5537      
3       6.7098      11.4506     2.8611      
4       3.1216      0.2013      0.0145      
5       0.0192      1.7835      20.0000     
6       40.0000     40.0000     40.0000     

Iteration number: 0.01
State        L           0           R      
1       100.0000    100.0000    100.0000    
2       50.0000     0.4097      0.5537      
3       6.7098      11.4506     2.8611      
4       3.1216      0.2013      0.0145      
5       0.0192      1.7835      20.0000     
6       40.0000     40.0000     40.0000     

Iteration number: 0.01
State        L           0           R      
1       100.0000    100.0000    100.0000    
2       50.0000     22.5410     0.5537      
3       11.9210     11.4506     2.8611      
4       3.1216      0.2013      0.0145      
5       0.0192      1.7835      20.0000     
6       40.0000     40.0000     40.0000     

Iteration number: 0.01
State        L           0           R      
1       100.0000    100.0000    100.0000    
2       50.0000     22.5410     0.5537      
3       11.9210     11.4506     2.8611      
4       3.1216      2.4108      4.7827      
5       1.1972      1.3033      20.0000     
6       40.0000     40.0000     40.0000     

Iteration number: 0.01
State        L           0           R      
1       100.0000    100.0000    100.0000    
2       50.0000     22.5410     0.5537      
3       11.9210     11.4506     2.8611      
4       3.1216      2.4108      4.7827      
5       1.1972      1.3033      20.0000     
6       40.0000     40.0000     40.0000     

Iteration number: 0.01
State        L           0           R      
1       100.0000    100.0000    100.0000    
2       50.0000     2.2546      0.0581      
3       1.1933      1.1452      0.4074      
4       0.3719      0.2411      2.3767      
5       1.3150      9.1303      20.0000     
6       40.0000     40.0000     40.0000     

Iteration number: 0.01
State        L           0           R      
1       100.0000    100.0000    100.0000    
2       50.0000     2.2546      0.0581      
3       1.1933      1.1452      0.4074      
4       0.3719      0.2411      2.3767      
5       1.3150      9.1303      20.0000     
6       40.0000     40.0000     40.0000     

Iteration number: 0.01
State        L           0           R      
1       100.0000    100.0000    100.0000    
2       50.0000     2.2546      0.1816      
3       22.6193     0.4661      3.2048      
4       7.0684      1.4304      2.3767      
5       1.3150      9.1303      20.0000     
6       40.0000     40.0000     40.0000     

Iteration number: 0.01
State        L           0           R      
1       100.0000    100.0000    100.0000    
2       50.0000     2.2546      0.1816      
3       24.7619     0.4661      3.2048      
4       11.9568     1.4304      2.3767      
5       1.3150      9.1303      20.0000     
6       40.0000     40.0000     40.0000     

Iteration number: 0.01
State        L           0           R      
1       100.0000    100.0000    100.0000    
2       50.0000     2.2546      0.1816      
3       24.7619     0.4661      3.2048      
4       11.9568     1.4304      2.3767      
5       1.3150      9.1303      20.0000     
6       40.0000     40.0000     40.0000     

Iteration number: 0.01
State        L           0           R      
1       100.0000    100.0000    100.0000    
2       50.0000     17.1005     0.1816      
3       8.1012      0.4661      3.2048      
4       4.0082      1.4304      2.3767      
5       1.5378      9.1303      20.0000     
6       40.0000     40.0000     40.0000     

Iteration number: 0.01
State        L           0           R      
1       100.0000    100.0000    100.0000    
2       50.0000     17.1005     0.1816      
3       23.3101     0.4661      3.2048      
4       4.0082      1.4304      2.3767      
5       1.5378      9.1303      20.0000     
6       40.0000     40.0000     40.0000     

Iteration number: 0.01
State        L           0           R      
1       100.0000    100.0000    100.0000    
2       50.0000     17.1005     0.1816      
3       23.3101     0.4661      3.2048      
4       4.0082      1.4304      2.3767      
5       1.5378      9.1303      20.0000     
6       40.0000     40.0000     40.0000     

Iteration number: 0.01
State        L           0           R      
1       100.0000    100.0000    100.0000    
2       50.0000     17.1005     0.1816      
3       23.3101     0.4661      3.2048      
4       4.0082      1.4304      2.3767      
5       1.5378      9.1303      20.0000     
6       40.0000     40.0000     40.0000     

Iteration number: 0.01
State        L           0           R      
1       100.0000    100.0000    100.0000    
2       50.0000     17.1005     0.1816      
3       23.3101     0.4661      3.2048      
4       4.0082      1.4304      2.3767      
5       1.5378      9.1303      20.0000     
6       40.0000     40.0000     40.0000     

Iteration number: 0.01
State        L           0           R      
1       100.0000    100.0000    100.0000    
2       50.0000     17.1005     0.1816      
3       23.3101     0.4661      3.2048      
4       4.0082      1.4304      2.3767      
5       1.5378      9.1303      20.0000     
6       40.0000     40.0000     40.0000     

Iteration number: 0.01
State        L           0           R      
1       100.0000    100.0000    100.0000    
2       50.0000     17.1005     0.1816      
3       23.3101     0.4661      3.2048      
4       4.0082      1.4304      2.3767      
5       1.5378      9.1303      20.0000     
6       40.0000     40.0000     40.0000     

Iteration number: 0.01
State        L           0           R      
1       100.0000    100.0000    100.0000    
2       50.0000     17.1005     0.1816      
3       23.3101     0.4661      3.2048      
4       4.0082      1.4304      2.3767      
5       1.5378      9.1303      20.0000     
6       40.0000     40.0000     40.0000     

Iteration number: 0.01
State        L           0           R      
1       100.0000    100.0000    100.0000    
2       50.0000     17.1005     0.1816      
3       23.3101     0.4661      3.2048      
4       4.0082      1.4304      2.3767      
5       1.5378      9.1303      20.0000     
6       40.0000     40.0000     40.0000     

Iteration number: 0.01
State        L           0           R      
1       100.0000    100.0000    100.0000    
2       50.0000     17.1005     0.1816      
3       23.3101     0.4661      3.2048      
4       4.0082      1.4304      2.3767      
5       1.5378      9.1303      20.0000     
6       40.0000     40.0000     40.0000     

Iteration number: 0.01
State        L           0           R      
1       100.0000    100.0000    100.0000    
2       50.0000     17.1005     0.1816      
3       23.3101     0.4661      3.2048      
4       4.0082      0.5883      4.0814      
5       2.6850      9.1303      20.0000     
6       40.0000     40.0000     40.0000     

Iteration number: 0.01
State        L           0           R      
1       100.0000    100.0000    100.0000    
2       50.0000     17.1005     0.1816      
3       23.3101     0.4661      3.2048      
4       4.0082      0.5883      4.0814      
5       2.6850      9.1303      20.0000     
6       40.0000     40.0000     40.0000     

Iteration number: 0.01
State        L           0           R      
1       100.0000    100.0000    100.0000    
2       50.0000     17.1005     0.1816      
3       23.3101     0.4661      1.4455      
4       0.9633      1.8518      9.4081      
5       2.6850      9.1303      20.0000     
6       40.0000     40.0000     40.0000     

Iteration number: 0.01
State        L           0           R      
1       100.0000    100.0000    100.0000    
2       50.0000     24.2100     0.1816      
3       23.3101     0.4661      1.4455      
4       0.9633      1.8518      9.4081      
5       2.6850      9.1303      20.0000     
6       40.0000     40.0000     40.0000     

Iteration number: 0.01
State        L           0           R      
1       100.0000    100.0000    100.0000    
2       50.0000     24.2100     0.1816      
3       23.3101     0.4661      1.4455      
4       0.9633      1.8518      9.4081      
5       2.6850      9.1303      20.0000     
6       40.0000     40.0000     40.0000     

Iteration number: 0.01
State        L           0           R      
1       100.0000    100.0000    100.0000    
2       50.0000     24.2100     0.1816      
3       23.3101     0.4661      1.4455      
4       0.9633      1.8518      9.4081      
5       2.6850      9.1303      20.0000     
6       40.0000     40.0000     40.0000     

Iteration number: 0.01
State        L           0           R      
1       100.0000    100.0000    100.0000    
2       50.0000     15.5460     0.1816      
3       5.1435      0.4661      1.4455      
4       1.5026      1.8518      9.4081      
5       2.6850      9.1303      20.0000     
6       40.0000     40.0000     40.0000     

Iteration number: 0.01
State        L           0           R      
1       100.0000    100.0000    100.0000    
2       50.0000     15.5460     0.1816      
3       5.1435      0.4661      1.4455      
4       1.5026      1.8518      9.4081      
5       2.6850      9.1303      20.0000     
6       40.0000     40.0000     40.0000     

Iteration number: 0.01
State        L           0           R      
1       100.0000    100.0000    100.0000    
2       50.0000     15.5460     0.1816      
3       5.1435      0.4661      1.4455      
4       1.5026      1.8518      9.4081      
5       2.6850      9.1303      20.0000     
6       40.0000     40.0000     40.0000     

Iteration number: 0.01
State        L           0           R      
1       100.0000    100.0000    100.0000    
2       50.0000     15.5460     0.1816      
3       5.1435      0.4661      1.4455      
4       1.5026      1.8518      9.4081      
5       2.6850      9.1303      20.0000     
6       40.0000     40.0000     40.0000     

Iteration number: 0.01
State        L           0           R      
1       100.0000    100.0000    100.0000    
2       50.0000     15.5460     0.1816      
3       5.1435      0.4661      1.4455      
4       1.5026      1.8518      9.4081      
5       2.6850      9.1303      20.0000     
6       40.0000     40.0000     40.0000     

Iteration number: 0.01
State        L           0           R      
1       100.0000    100.0000    100.0000    
2       50.0000     15.5460     0.1816      
3       5.1435      0.4661      1.4455      
4       1.5026      1.8518      9.4081      
5       2.6850      9.1303      20.0000     
6       40.0000     40.0000     40.0000     

Iteration number: 0.01
State        L           0           R      
1       100.0000    100.0000    100.0000    
2       50.0000     15.5460     0.1816      
3       5.1435      0.4661      1.4455      
4       1.5026      1.8518      9.4081      
5       2.6850      9.1303      20.0000     
6       40.0000     40.0000     40.0000     

Iteration number: 0.01
State        L           0           R      
1       100.0000    100.0000    100.0000    
2       50.0000     24.0546     0.1816      
3       11.7644     5.6716      1.4455      
4       2.9628      1.0055      9.4081      
5       2.6850      9.1303      20.0000     
6       40.0000     40.0000     40.0000     

Iteration number: 0.01
State        L           0           R      
1       100.0000    100.0000    100.0000    
2       50.0000     24.0546     0.1816      
3       11.7644     5.6716      1.4455      
4       2.9628      1.0055      9.4081      
5       2.6850      9.1303      20.0000     
6       40.0000     40.0000     40.0000     

Iteration number: 0.01
State        L           0           R      
1       100.0000    100.0000    100.0000    
2       50.0000     24.0546     0.1816      
3       11.7644     5.6716      1.4455      
4       2.9628      1.0055      9.4081      
5       2.6850      9.1303      20.0000     
6       40.0000     40.0000     40.0000     

Iteration number: 0.01
State        L           0           R      
1       100.0000    100.0000    100.0000    
2       50.0000     24.0546     0.1816      
3       11.7644     5.6716      1.4455      
4       2.9628      1.0055      9.4081      
5       2.6850      9.1303      20.0000     
6       40.0000     40.0000     40.0000     

Iteration number: 0.01
State        L           0           R      
1       100.0000    100.0000    100.0000    
2       50.0000     24.0546     0.0269      
3       1.1808      0.9890      0.7158      
4       0.4369      2.3505      3.2084      
5       0.3388      9.9130      20.0000     
6       40.0000     40.0000     40.0000     

Iteration number: 0.01
State        L           0           R      
1       100.0000    100.0000    100.0000    
2       50.0000     24.0546     0.0269      
3       1.1808      0.9890      2.3216      
4       0.4369      4.7351      9.3208      
5       0.3388      9.9130      20.0000     
6       40.0000     40.0000     40.0000     

Iteration number: 0.01
State        L           0           R      
1       100.0000    100.0000    100.0000    
2       50.0000     24.0546     0.0269      
3       1.1808      0.9890      2.3216      
4       0.4369      4.7351      9.3208      
5       0.3388      9.9130      20.0000     
6       40.0000     40.0000     40.0000     

Iteration number: 0.01
State        L           0           R      
1       100.0000    100.0000    100.0000    
2       50.0000     24.0546     0.0269      
3       1.1808      0.9890      2.3216      
4       0.4369      4.7351      9.3208      
5       0.3388      9.9130      20.0000     
6       40.0000     40.0000     40.0000     

Iteration number: 0.01
State        L           0           R      
1       100.0000    100.0000    100.0000    
2       50.0000     24.9055     3.5183      
3       5.0400      0.9890      2.3216      
4       0.4369      4.7351      9.3208      
5       0.3388      9.9130      20.0000     
6       40.0000     40.0000     40.0000     

Iteration number: 0.01
State        L           0           R      
1       100.0000    100.0000    100.0000    
2       50.0000     24.9055     3.5183      
3       5.0400      0.9890      2.3216      
4       0.4369      4.7351      9.3208      
5       0.3388      9.9130      20.0000     
6       40.0000     40.0000     40.0000     

Iteration number: 0.01
State        L           0           R      
1       100.0000    100.0000    100.0000    
2       50.0000     24.9055     3.5183      
3       5.0400      0.9890      2.3216      
4       0.4369      4.7351      9.9321      
5       0.3388      9.9130      20.0000     
6       40.0000     40.0000     40.0000     

Iteration number: 0.01
State        L           0           R      
1       100.0000    100.0000    100.0000    
2       50.0000     24.9055     3.5183      
3       5.0400      0.9890      2.3216      
4       0.4369      4.7351      9.9932      
5       0.3388      9.9130      20.0000     
6       40.0000     40.0000     40.0000     

Iteration number: 0.01
State        L           0           R      
1       100.0000    100.0000    100.0000    
2       50.0000     24.9055     1.4768      
3       5.0400      2.3489      4.7322      
4       0.4369      4.7351      9.9993      
5       0.3388      9.9130      20.0000     
6       40.0000     40.0000     40.0000     

Iteration number: 0.01
State        L           0           R      
1       100.0000    100.0000    100.0000    
2       50.0000     24.9055     1.4768      
3       5.0400      2.3489      4.9732      
4       0.4369      4.7351      9.9999      
5       0.3388      9.9130      20.0000     
6       40.0000     40.0000     40.0000     

Iteration number: 0.01
State        L           0           R      
1       100.0000    100.0000    100.0000    
2       50.0000     24.9055     1.4768      
3       5.0400      2.3489      4.9732      
4       0.4369      4.7351      10.0000     
5       0.3388      9.9130      20.0000     
6       40.0000     40.0000     40.0000     

Iteration number: 0.01
State        L           0           R      
1       100.0000    100.0000    100.0000    
2       50.0000     24.9055     1.4768      
3       5.0400      2.3489      4.9732      
4       0.4369      4.7351      10.0000     
5       0.3388      9.9130      20.0000     
6       40.0000     40.0000     40.0000     

Iteration number: 0.01
State        L           0           R      
1       100.0000    100.0000    100.0000    
2       50.0000     24.9055     1.4768      
3       23.0040     2.3489      4.9732      
4       11.2937     6.0985      10.0000     
5       0.3388      9.9130      20.0000     
6       40.0000     40.0000     40.0000     

Iteration number: 0.01
State        L           0           R      
1       100.0000    100.0000    100.0000    
2       50.0000     24.9055     1.4768      
3       23.0040     2.3489      4.9732      
4       11.2937     6.0985      10.0000     
5       0.3388      9.9130      20.0000     
6       40.0000     40.0000     40.0000     

Iteration number: 0.01
State        L           0           R      
1       100.0000    100.0000    100.0000    
2       50.0000     24.9055     1.4768      
3       23.0040     2.4849      4.9973      
4       11.2937     6.0985      10.0000     
5       0.3388      9.9130      20.0000     
6       40.0000     40.0000     40.0000     

Iteration number: 0.01
State        L           0           R      
1       100.0000    100.0000    100.0000    
2       50.0000     24.9055     1.4768      
3       23.0040     2.4849      4.9973      
4       11.2937     6.0985      10.0000     
5       0.3388      9.9130      20.0000     
6       40.0000     40.0000     40.0000     

Iteration number: 0.01
State        L           0           R      
1       100.0000    100.0000    100.0000    
2       50.0000     24.9055     1.4768      
3       23.0040     2.4849      4.9973      
4       11.2937     6.0985      10.0000     
5       0.3388      9.9130      20.0000     
6       40.0000     40.0000     40.0000     

Iteration number: 0.01
State        L           0           R      
1       100.0000    100.0000    100.0000    
2       50.0000     24.9055     1.4768      
3       23.0040     2.4849      0.6404      
4       11.2937     6.0985      4.8437      
5       2.8464      1.5538      20.0000     
6       40.0000     40.0000     40.0000     

Iteration number: 0.01
State        L           0           R      
1       100.0000    100.0000    100.0000    
2       50.0000     2.6312      1.4133      
3       3.4254      0.8110      4.5640      
4       11.2937     6.0985      9.4844      
5       2.8464      1.5538      20.0000     
6       40.0000     40.0000     40.0000     

Iteration number: 0.01
State        L           0           R      
1       100.0000    100.0000    100.0000    
2       50.0000     2.6312      1.4133      
3       3.4254      0.8110      4.9564      
4       11.2937     6.0985      9.9484      
5       2.8464      1.5538      20.0000     
6       40.0000     40.0000     40.0000     

Iteration number: 0.01
State        L           0           R      
1       100.0000    100.0000    100.0000    
2       50.0000     2.6312      1.4133      
3       3.4254      0.8110      4.9564      
4       11.2937     6.0985      9.9484      
5       2.8464      1.5538      20.0000     
6       40.0000     40.0000     40.0000     

Iteration number: 0.01
State        L           0           R      
1       100.0000    100.0000    100.0000    
2       50.0000     2.6312      1.4133      
3       3.4254      0.8110      1.6206      
4       1.6919      3.9849      9.9948      
5       0.5659      1.5538      20.0000     
6       40.0000     40.0000     40.0000     

Iteration number: 0.01
State        L           0           R      
1       100.0000    100.0000    100.0000    
2       50.0000     22.7631     1.4133      
3       3.4254      0.8110      1.6206      
4       1.6919      3.9849      9.9948      
5       0.5659      1.5538      20.0000     
6       40.0000     40.0000     40.0000     

Iteration number: 0.01
State        L           0           R      
1       100.0000    100.0000    100.0000    
2       50.0000     22.7631     1.4133      
3       3.4254      0.8110      1.6206      
4       1.6919      3.9849      9.9948      
5       0.5659      1.5538      20.0000     
6       40.0000     40.0000     40.0000     

Iteration number: 0.01
State        L           0           R      
1       100.0000    100.0000    100.0000    
2       50.0000     22.7631     1.4133      
3       3.4254      0.8110      1.6206      
4       1.6919      3.9849      9.9948      
5       0.5659      1.5538      20.0000     
6       40.0000     40.0000     40.0000     

Iteration number: 0.01
State        L           0           R      
1       100.0000    100.0000    100.0000    
2       50.0000     22.7631     1.4133      
3       3.4254      0.8110      1.6206      
4       1.6919      3.9849      9.9948      
5       0.5659      1.5538      20.0000     
6       40.0000     40.0000     40.0000     

Iteration number: 0.01
State        L           0           R      
1       100.0000    100.0000    100.0000    
2       50.0000     22.7631     1.4133      
3       3.4254      0.8110      1.6206      
4       1.6919      3.9849      9.9948      
5       0.5659      1.5538      20.0000     
6       40.0000     40.0000     40.0000     

Iteration number: 0.01
State        L           0           R      
1       100.0000    100.0000    100.0000    
2       50.0000     22.7631     1.4133      
3       3.4254      0.8110      1.6206      
4       1.6919      3.9849      9.9948      
5       0.5659      1.5538      20.0000     
6       40.0000     40.0000     40.0000     

Iteration number: 0.01
State        L           0           R      
1       100.0000    100.0000    100.0000    
2       50.0000     22.7631     1.4133      
3       3.4254      0.8110      1.6206      
4       1.6919      3.9849      9.9948      
5       0.5659      1.5538      20.0000     
6       40.0000     40.0000     40.0000     

Iteration number: 0.01
State        L           0           R      
1       100.0000    100.0000    100.0000    
2       50.0000     22.7631     1.4133      
3       3.4254      0.8110      1.6206      
4       1.6919      3.9849      9.9948      
5       0.5659      1.5538      20.0000     
6       40.0000     40.0000     40.0000     

Iteration number: 0.01
State        L           0           R      
1       100.0000    100.0000    100.0000    
2       50.0000     22.7631     1.4133      
3       22.8425     0.8110      1.6206      
4       1.6919      3.9849      9.9948      
5       0.5659      1.5538      20.0000     
6       40.0000     40.0000     40.0000     

Iteration number: 0.01
State        L           0           R      
1       100.0000    100.0000    100.0000    
2       50.0000     22.7631     1.4133      
3       22.8425     0.8110      1.6206      
4       1.6919      3.9849      9.9948      
5       0.5659      1.5538      20.0000     
6       40.0000     40.0000     40.0000     

Iteration number: 0.01
State        L           0           R      
1       100.0000    100.0000    100.0000    
2       50.0000     22.7631     1.4133      
3       22.8425     0.8110      4.6621      
4       2.4192      3.9849      9.9995      
5       1.1816      1.5538      20.0000     
6       40.0000     40.0000     40.0000     

Iteration number: 0.01
State        L           0           R      
1       100.0000    100.0000    100.0000    
2       50.0000     22.7631     1.4133      
3       22.8425     0.8110      4.6621      
4       2.4192      3.9849      9.9999      
5       1.1816      1.5538      20.0000     
6       40.0000     40.0000     40.0000     

Iteration number: 0.01
State        L           0           R      
1       100.0000    100.0000    100.0000    
2       50.0000     22.7631     1.4133      
3       22.8425     0.8110      4.6621      
4       2.4192      3.9849      9.9999      
5       1.1816      1.5538      20.0000     
6       40.0000     40.0000     40.0000     

Iteration number: 0.01
State        L           0           R      
1       100.0000    100.0000    100.0000    
2       50.0000     22.7631     1.4133      
3       22.8425     0.8110      4.6621      
4       2.4192      3.9849      10.0000     
5       1.1816      1.5538      20.0000     
6       40.0000     40.0000     40.0000     

Iteration number: 0.01
State        L           0           R      
1       100.0000    100.0000    100.0000    
2       50.0000     22.7631     1.4133      
3       22.8425     0.8110      4.6621      
4       2.4192      3.9849      10.0000     
5       1.1816      1.5538      20.0000     
6       40.0000     40.0000     40.0000     

Iteration number: 0.01
State        L           0           R      
1       100.0000    100.0000    100.0000    
2       50.0000     22.7631     1.4133      
3       22.8425     0.8110      4.6621      
4       2.4192      3.9849      10.0000     
5       1.1816      1.5538      20.0000     
6       40.0000     40.0000     40.0000     

Iteration number: 0.01
State        L           0           R      
1       100.0000    100.0000    100.0000    
2       50.0000     22.7631     1.4133      
3       22.8425     0.8110      4.6621      
4       2.4192      3.9849      10.0000     
5       1.1816      1.5538      20.0000     
6       40.0000     40.0000     40.0000     

Iteration number: 0.01
State        L           0           R      
1       100.0000    100.0000    100.0000    
2       50.0000     22.7631     1.4133      
3       22.8425     0.8110      4.6621      
4       2.4192      3.9849      10.0000     
5       1.1816      1.5538      20.0000     
6       40.0000     40.0000     40.0000     

Iteration number: 0.01
State        L           0           R      
1       100.0000    100.0000    100.0000    
2       50.0000     19.1513     0.1523      
3       7.9093      0.1031      1.1913      
4       1.9997      3.9849      1.0879      
5       0.4697      0.3312      20.0000     
6       40.0000     40.0000     40.0000     

Iteration number: 0.01
State        L           0           R      
1       100.0000    100.0000    100.0000    
2       50.0000     19.1513     0.1523      
3       23.2909     0.1031      1.1913      
4       11.4500     3.9849      1.0879      
5       0.4697      0.3312      20.0000     
6       40.0000     40.0000     40.0000     

Iteration number: 0.01
State        L           0           R      
1       100.0000    100.0000    100.0000    
2       50.0000     19.1513     0.1523      
3       23.2909     0.1031      1.1913      
4       11.4500     3.9849      1.0879      
5       0.4697      0.3312      20.0000     
6       40.0000     40.0000     40.0000     

Iteration number: 0.01
State        L           0           R      
1       100.0000    100.0000    100.0000    
2       50.0000     19.1513     0.3668      
3       13.6670     4.9542      0.8223      
4       1.8701      3.9849      1.0879      
5       0.4697      0.3312      20.0000     
6       40.0000     40.0000     40.0000     

Iteration number: 0.01
State        L           0           R      
1       100.0000    100.0000    100.0000    
2       50.0000     19.1513     0.3668      
3       23.8667     4.9542      0.8223      
4       11.4370     3.6797      1.0879      
5       0.7501      0.3312      20.0000     
6       40.0000     40.0000     40.0000     

Iteration number: 0.01
State        L           0           R      
1       100.0000    100.0000    100.0000    
2       50.0000     19.1513     0.3668      
3       23.8667     4.9542      0.8223      
4       11.4370     3.6797      1.0879      
5       0.7501      0.3312      20.0000     
6       40.0000     40.0000     40.0000     

Iteration number: 0.01
State        L           0           R      
1       100.0000    100.0000    100.0000    
2       50.0000     19.1513     0.3668      
3       24.8867     4.9542      0.8223      
4       11.4370     3.6797      1.0879      
5       0.7501      0.3312      20.0000     
6       40.0000     40.0000     40.0000     

Iteration number: 0.01
State        L           0           R      
1       100.0000    100.0000    100.0000    
2       50.0000     19.1513     0.3668      
3       24.9887     4.9542      0.8223      
4       12.3937     3.6797      1.0879      
5       0.7501      0.3312      20.0000     
6       40.0000     40.0000     40.0000     

Iteration number: 0.01
State        L           0           R      
1       100.0000    100.0000    100.0000    
2       50.0000     19.1513     0.3668      
3       24.9887     4.9542      0.8223      
4       12.3937     3.6797      1.0879      
5       0.7501      0.3312      20.0000     
6       40.0000     40.0000     40.0000     

Iteration number: 0.01
State        L           0           R      
1       100.0000    100.0000    100.0000    
2       50.0000     19.1513     0.3668      
3       24.9887     4.9542      0.8223      
4       12.3937     3.6797      1.0879      
5       0.7501      0.3312      20.0000     
6       40.0000     40.0000     40.0000     

Iteration number: 0.01
State        L           0           R      
1       100.0000    100.0000    100.0000    
2       50.0000     19.1513     0.3668      
3       24.9887     4.9542      0.6447      
4       12.3937     2.0555      4.6088      
5       0.7501      9.0331      20.0000     
6       40.0000     40.0000     40.0000     

Iteration number: 0.01
State        L           0           R      
1       100.0000    100.0000    100.0000    
2       50.0000     19.1513     2.2867      
3       24.9887     4.9542      4.5645      
4       12.3937     2.0555      9.4609      
5       0.7501      9.0331      20.0000     
6       40.0000     40.0000     40.0000     

Iteration number: 0.01
State        L           0           R      
1       100.0000    100.0000    100.0000    
2       50.0000     19.1513     2.2867      
3       24.9887     4.9542      4.5645      
4       12.3937     2.0555      9.4609      
5       0.7501      9.0331      20.0000     
6       40.0000     40.0000     40.0000     

Iteration number: 0.01
State        L           0           R      
1       100.0000    100.0000    100.0000    
2       50.0000     19.1513     2.2867      
3       24.9887     4.9542      4.5645      
4       12.3937     4.7055      9.9461      
5       0.7501      9.0331      20.0000     
6       40.0000     40.0000     40.0000     

Iteration number: 0.01
State        L           0           R      
1       100.0000    100.0000    100.0000    
2       50.0000     19.1513     2.2867      
3       24.9887     4.9542      4.5645      
4       12.3937     4.7055      9.9946      
5       0.7501      9.0331      20.0000     
6       40.0000     40.0000     40.0000     

Iteration number: 0.01
State        L           0           R      
1       100.0000    100.0000    100.0000    
2       50.0000     19.1513     2.2867      
3       24.9887     4.9542      4.5645      
4       12.3937     4.7055      9.9946      
5       0.7501      9.0331      20.0000     
6       40.0000     40.0000     40.0000     

Iteration number: 0.01
State        L           0           R      
1       100.0000    100.0000    100.0000    
2       50.0000     19.1513     2.2867      
3       24.9989     4.9542      4.5645      
4       12.4894     4.7055      9.9946      
5       0.7501      9.0331      20.0000     
6       40.0000     40.0000     40.0000     

Iteration number: 0.01
State        L           0           R      
1       100.0000    100.0000    100.0000    
2       50.0000     19.1513     2.2867      
3       24.9999     4.9542      4.5645      
4       12.4894     4.7055      9.9946      
5       0.7501      9.0331      20.0000     
6       40.0000     40.0000     40.0000     

Iteration number: 0.01
State        L           0           R      
1       100.0000    100.0000    100.0000    
2       50.0000     19.1513     2.2867      
3       24.9999     4.9542      4.5645      
4       12.4894     4.7055      9.9946      
5       0.7501      9.0331      20.0000     
6       40.0000     40.0000     40.0000     

Iteration number: 0.01
State        L           0           R      
1       100.0000    100.0000    100.0000    
2       50.0000     7.5401      11.4787     
3       15.1562     4.9542      4.5645      
4       2.6552      4.7055      1.3510      
5       0.7781      9.0331      20.0000     
6       40.0000     40.0000     40.0000     

Iteration number: 0.01
State        L           0           R      
1       100.0000    100.0000    100.0000    
2       50.0000     7.5401      11.4787     
3       24.0156     4.9542      4.5645      
4       2.6552      4.7055      1.3510      
5       0.7781      9.0331      20.0000     
6       40.0000     40.0000     40.0000     

Iteration number: 0.01
State        L           0           R      
1       100.0000    100.0000    100.0000    
2       50.0000     7.5401      11.4787     
3       24.0156     4.9542      4.5645      
4       2.6552      4.7055      1.3510      
5       0.7781      9.0331      20.0000     
6       40.0000     40.0000     40.0000     

Iteration number: 0.01
State        L           0           R      
1       100.0000    100.0000    100.0000    
2       50.0000     7.5401      11.4787     
3       24.0156     4.9542      4.5645      
4       2.6552      4.7055      1.3510      
5       0.7781      9.0331      20.0000     
6       40.0000     40.0000     40.0000     

Iteration number: 0.01
State        L           0           R      
1       100.0000    100.0000    100.0000    
2       50.0000     7.5401      11.4787     
3       24.9016     11.7454     3.2689      
4       3.7811      1.1737      1.3510      
5       0.7781      9.0331      20.0000     
6       40.0000     40.0000     40.0000     

Iteration number: 0.01
State        L           0           R      
1       100.0000    100.0000    100.0000    
2       50.0000     7.5401      11.4787     
3       24.9902     11.7454     3.2689      
4       11.6281     1.1737      1.3510      
5       0.7781      9.0331      20.0000     
6       40.0000     40.0000     40.0000     

Iteration number: 0.01
State        L           0           R      
1       100.0000    100.0000    100.0000    
2       50.0000     7.5401      11.4787     
3       24.9902     11.7454     3.2689      
4       11.6281     1.1737      1.3510      
5       0.7781      9.0331      20.0000     
6       40.0000     40.0000     40.0000     

Iteration number: 0.01
State        L           0           R      
1       100.0000    100.0000    100.0000    
2       50.0000     7.5401      11.4787     
3       24.9902     11.7454     3.2689      
4       11.6281     1.1737      1.3510      
5       0.7781      9.0331      20.0000     
6       40.0000     40.0000     40.0000     

Iteration number: 0.01
State        L           0           R      
1       100.0000    100.0000    100.0000    
2       50.0000     7.5401      11.4787     
3       24.9990     9.6120      3.2689      
4       11.6281     1.1737      1.3510      
5       0.7781      9.0331      20.0000     
6       40.0000     40.0000     40.0000     

Iteration number: 0.01
State        L           0           R      
1       100.0000    100.0000    100.0000    
2       50.0000     7.5401      11.4787     
3       24.9990     9.6120      3.2689      
4       11.6281     1.1737      9.1351      
5       0.7781      9.0331      20.0000     
6       40.0000     40.0000     40.0000     

Iteration number: 0.01
State        L           0           R      
1       100.0000    100.0000    100.0000    
2       50.0000     7.5401      2.4135      
3       3.6249      1.5237      4.8269      
4       11.6281     1.1737      9.9135      
5       0.7781      9.0331      20.0000     
6       40.0000     40.0000     40.0000     

Iteration number: 0.01
State        L           0           R      
1       100.0000    100.0000    100.0000    
2       50.0000     7.5401      2.4135      
3       3.6249      1.5237      4.8269      
4       11.6281     1.1737      9.9135      
5       0.7781      9.0331      20.0000     
6       40.0000     40.0000     40.0000     

Iteration number: 0.01
State        L           0           R      
1       100.0000    100.0000    100.0000    
2       50.0000     1.3165      0.8742      
3       0.6437      1.5237      2.7327      
4       11.6281     4.6174      9.9914      
5       0.7781      9.0331      20.0000     
6       40.0000     40.0000     40.0000     

Iteration number: 0.01
State        L           0           R      
1       100.0000    100.0000    100.0000    
2       50.0000     1.3165      0.8742      
3       0.6437      1.5237      2.7327      
4       11.6281     4.6174      9.9914      
5       0.7781      9.0331      20.0000     
6       40.0000     40.0000     40.0000     

Iteration number: 0.01
State        L           0           R      
1       100.0000    100.0000    100.0000    
2       50.0000     1.3165      0.8742      
3       0.6437      1.5237      2.7327      
4       11.6281     4.6174      9.9914      
5       0.7781      9.0331      20.0000     
6       40.0000     40.0000     40.0000     

Iteration number: 0.01
State        L           0           R      
1       100.0000    100.0000    100.0000    
2       50.0000     1.3165      0.8742      
3       22.5644     8.5899      2.7327      
4       3.9753      4.6174      9.9914      
5       0.7781      9.0331      20.0000     
6       40.0000     40.0000     40.0000     

Iteration number: 0.01
State        L           0           R      
1       100.0000    100.0000    100.0000    
2       50.0000     1.3165      0.8742      
3       22.5644     8.5899      2.7327      
4       3.9753      4.6174      9.9914      
5       0.7781      9.9033      20.0000     
6       40.0000     40.0000     40.0000     

Iteration number: 0.01
State        L           0           R      
1       100.0000    100.0000    100.0000    
2       50.0000     1.3165      0.8742      
3       22.5644     8.5899      2.7327      
4       3.9753      4.6174      9.9914      
5       0.7781      9.9033      20.0000     
6       40.0000     40.0000     40.0000     

Iteration number: 0.01
State        L           0           R      
1       100.0000    100.0000    100.0000    
2       50.0000     1.3165      0.8742      
3       22.5644     8.5899      2.7327      
4       3.9753      4.6174      9.9914      
5       0.7781      9.9033      20.0000     
6       40.0000     40.0000     40.0000     

Iteration number: 0.01
State        L           0           R      
1       100.0000    100.0000    100.0000    
2       50.0000     1.3165      0.8742      
3       22.5644     8.5899      2.7327      
4       3.9753      4.6174      9.9914      
5       0.7781      9.9033      20.0000     
6       40.0000     40.0000     40.0000     

Iteration number: 0.01
State        L           0           R      
1       100.0000    100.0000    100.0000    
2       50.0000     1.3165      0.8742      
3       22.5644     8.5899      2.7327      
4       3.9753      4.6174      9.9914      
5       0.7781      9.9033      20.0000     
6       40.0000     40.0000     40.0000     

Iteration number: 0.01
State        L           0           R      
1       100.0000    100.0000    100.0000    
2       50.0000     1.3165      0.8742      
3       22.5644     8.5899      2.7327      
4       3.9753      4.6174      9.9914      
5       0.7781      9.9033      20.0000     
6       40.0000     40.0000     40.0000     

Iteration number: 0.01
State        L           0           R      
1       100.0000    100.0000    100.0000    
2       50.0000     1.3165      0.8742      
3       22.5644     8.5899      2.7327      
4       3.9753      4.6174      9.9914      
5       0.7781      9.9033      20.0000     
6       40.0000     40.0000     40.0000     

Iteration number: 0.01
State        L           0           R      
1       100.0000    100.0000    100.0000    
2       50.0000     1.3165      0.8742      
3       22.5644     8.5899      2.7327      
4       3.9753      4.6174      9.9914      
5       0.7781      9.9033      20.0000     
6       40.0000     40.0000     40.0000     

Iteration number: 0.01
State        L           0           R      
1       100.0000    100.0000    100.0000    
2       50.0000     1.3165      0.8742      
3       22.5644     8.5899      2.7327      
4       3.9753      4.6174      9.9914      
5       0.7781      9.9033      20.0000     
6       40.0000     40.0000     40.0000     

Iteration number: 0.01
State        L           0           R      
1       100.0000    100.0000    100.0000    
2       50.0000     2.2410      5.7124      
3       24.7564     12.1090     2.7327      
4       3.9753      4.6174      9.9914      
5       0.7781      9.9033      20.0000     
6       40.0000     40.0000     40.0000     

Iteration number: 0.01
State        L           0           R      
1       100.0000    100.0000    100.0000    
2       50.0000     2.2410      5.7124      
3       24.7564     12.1090     2.7327      
4       3.9753      4.6174      9.9914      
5       0.7781      9.9033      20.0000     
6       40.0000     40.0000     40.0000     

Iteration number: 0.01
State        L           0           R      
1       100.0000    100.0000    100.0000    
2       50.0000     22.7241     6.1962      
3       13.7256     12.1090     2.7327      
4       3.9753      4.6174      9.9914      
5       0.7781      9.9033      20.0000     
6       40.0000     40.0000     40.0000     

Iteration number: 0.01
State        L           0           R      
1       100.0000    100.0000    100.0000    
2       50.0000     22.7241     6.1962      
3       13.7256     12.1090     2.7327      
4       3.9753      4.6174      9.9914      
5       0.7781      9.9033      20.0000     
6       40.0000     40.0000     40.0000     

Iteration number: 0.01
State        L           0           R      
1       100.0000    100.0000    100.0000    
2       50.0000     22.7241     6.1962      
3       23.8726     12.1090     2.7327      
4       11.6475     4.6805      1.7023      
5       1.4841      9.9033      20.0000     
6       40.0000     40.0000     40.0000     

Iteration number: 0.01
State        L           0           R      
1       100.0000    100.0000    100.0000    
2       50.0000     22.7241     6.1962      
3       23.8726     12.1090     2.7327      
4       11.6475     4.6805      1.7023      
5       1.4841      9.9033      20.0000     
6       40.0000     40.0000     40.0000     

Iteration number: 0.01
State        L           0           R      
1       100.0000    100.0000    100.0000    
2       50.0000     22.7241     6.1962      
3       23.8726     12.1090     2.7327      
4       11.6475     4.6805      1.7023      
5       1.4841      9.9033      20.0000     
6       40.0000     40.0000     40.0000     

Iteration number: 0.01
State        L           0           R      
1       100.0000    100.0000    100.0000    
2       50.0000     22.7241     6.1962      
3       23.8726     12.1090     2.7327      
4       11.6475     4.6805      1.7023      
5       1.4841      9.9033      20.0000     
6       40.0000     40.0000     40.0000     

Iteration number: 0.01
State        L           0           R      
1       100.0000    100.0000    100.0000    
2       50.0000     22.7241     6.1962      
3       23.8726     12.1090     2.7327      
4       11.6475     4.6805      1.7023      
5       1.4841      9.9903      20.0000     
6       40.0000     40.0000     40.0000     

Iteration number: 0.01
State        L           0           R      
1       100.0000    100.0000    100.0000    
2       50.0000     22.7241     1.1821      
3       23.8726     2.8984      4.7733      
4       11.6475     4.6805      9.1702      
5       1.4841      9.9903      20.0000     
6       40.0000     40.0000     40.0000     

Iteration number: 0.01
State        L           0           R      
1       100.0000    100.0000    100.0000    
2       50.0000     22.7241     1.1821      
3       23.8726     2.8984      4.7733      
4       11.6475     4.6805      9.1702      
5       1.4841      9.9903      20.0000     
6       40.0000     40.0000     40.0000     

Iteration number: 0.01
State        L           0           R      
1       100.0000    100.0000    100.0000    
2       50.0000     22.7241     1.1821      
3       24.8873     2.8984      4.7733      
4       11.6475     4.6805      9.1702      
5       1.4841      9.9903      20.0000     
6       40.0000     40.0000     40.0000     

Iteration number: 0.01
State        L           0           R      
1       100.0000    100.0000    100.0000    
2       50.0000     22.7241     1.1821      
3       24.8873     2.8984      4.7733      
4       11.6475     4.6805      9.1702      
5       1.4841      9.9903      20.0000     
6       40.0000     40.0000     40.0000     

Iteration number: 0.01
State        L           0           R      
1       100.0000    100.0000    100.0000    
2       50.0000     22.7241     1.1821      
3       24.8873     2.8984      4.7733      
4       11.6475     4.9680      9.9170      
5       1.4841      9.9903      20.0000     
6       40.0000     40.0000     40.0000     

Iteration number: 0.01
State        L           0           R      
1       100.0000    100.0000    100.0000    
2       50.0000     24.7724     1.1821      
3       13.7387     2.8984      4.7733      
4       11.6475     4.9680      9.9170      
5       1.4841      9.9903      20.0000     
6       40.0000     40.0000     40.0000     

Iteration number: 0.01
State        L           0           R      
1       100.0000    100.0000    100.0000    
2       50.0000     24.7724     1.1821      
3       13.7387     2.8984      4.7733      
4       11.6475     4.9680      9.9170      
5       1.4841      9.9903      20.0000     
6       40.0000     40.0000     40.0000     

Iteration number: 0.01
State        L           0           R      
1       100.0000    100.0000    100.0000    
2       50.0000     24.7724     1.1821      
3       13.7387     2.8984      4.7733      
4       11.6475     4.9680      9.9170      
5       1.4841      9.9903      20.0000     
6       40.0000     40.0000     40.0000     

Iteration number: 0.01
State        L           0           R      
1       100.0000    100.0000    100.0000    
2       50.0000     24.7724     1.1821      
3       23.8739     0.9930      1.8836      
4       6.9655      4.7156      9.9170      
5       1.4841      9.9903      20.0000     
6       40.0000     40.0000     40.0000     

Iteration number: 0.01
State        L           0           R      
1       100.0000    100.0000    100.0000    
2       50.0000     24.7724     1.1821      
3       23.8739     0.9930      1.8836      
4       6.9655      4.7156      9.9170      
5       1.4841      7.7490      20.0000     
6       40.0000     40.0000     40.0000     

Iteration number: 0.01
State        L           0           R      
1       100.0000    100.0000    100.0000    
2       50.0000     24.7724     1.1821      
3       24.8874     0.9930      1.8836      
4       11.9466     6.0966      9.9170      
5       1.4841      7.7490      20.0000     
6       40.0000     40.0000     40.0000     

Iteration number: 0.01
State        L           0           R      
1       100.0000    100.0000    100.0000    
2       50.0000     24.7724     1.1821      
3       24.8874     0.9930      1.8836      
4       11.9466     6.0966      9.9170      
5       1.4841      7.7490      20.0000     
6       40.0000     40.0000     40.0000     

Iteration number: 0.01
State        L           0           R      
1       100.0000    100.0000    100.0000    
2       50.0000     24.7724     1.1821      
3       24.8874     0.9930      1.8836      
4       11.9466     6.0966      9.9170      
5       1.4841      7.7490      20.0000     
6       40.0000     40.0000     40.0000     

Iteration number: 0.01
State        L           0           R      
1       100.0000    100.0000    100.0000    
2       50.0000     24.7724     1.1821      
3       24.8874     0.9930      4.6884      
4       11.9466     6.0966      9.9917      
5       1.4841      7.7490      20.0000     
6       40.0000     40.0000     40.0000     

Iteration number: 0.01
State        L           0           R      
1       100.0000    100.0000    100.0000    
2       50.0000     24.7724     1.1821      
3       24.8874     0.9930      4.9688      
4       11.9466     6.0966      9.9992      
5       1.4841      7.7490      20.0000     
6       40.0000     40.0000     40.0000     

Iteration number: 0.01
State        L           0           R      
1       100.0000    100.0000    100.0000    
2       50.0000     24.7724     1.1821      
3       24.8874     0.9930      4.9688      
4       11.9466     6.0966      9.9992      
5       1.4841      7.7490      20.0000     
6       40.0000     40.0000     40.0000     

Iteration number: 0.01
State        L           0           R      
1       100.0000    100.0000    100.0000    
2       50.0000     24.7724     1.1821      
3       24.8874     0.9501      2.7820      
4       1.2738      6.0966      9.9999      
5       1.4841      7.7490      20.0000     
6       40.0000     40.0000     40.0000     

Iteration number: 0.01
State        L           0           R      
1       100.0000    100.0000    100.0000    
2       50.0000     3.6022      2.3682      
3       24.8874     0.9501      4.7782      
4       1.2738      6.0966      10.0000     
5       1.4841      7.7490      20.0000     
6       40.0000     40.0000     40.0000     

Iteration number: 0.01
State        L           0           R      
1       100.0000    100.0000    100.0000    
2       50.0000     3.6022      2.3682      
3       24.8874     0.9501      4.7782      
4       1.2738      6.0966      10.0000     
5       1.4841      7.7490      20.0000     
6       40.0000     40.0000     40.0000     

Iteration number: 0.01
State        L           0           R      
1       100.0000    100.0000    100.0000    
2       50.0000     3.6022      2.3682      
3       24.8874     0.9501      4.7782      
4       1.2738      6.0966      10.0000     
5       1.4841      7.7490      20.0000     
6       40.0000     40.0000     40.0000     

Iteration number: 0.01
State        L           0           R      
1       100.0000    100.0000    100.0000    
2       50.0000     17.2352     2.3682      
3       24.8874     0.9501      4.7782      
4       1.2738      6.0966      10.0000     
5       1.4841      7.7490      20.0000     
6       40.0000     40.0000     40.0000     

Iteration number: 0.01
State        L           0           R      
1       100.0000    100.0000    100.0000    
2       50.0000     17.2352     2.3682      
3       24.9887     0.9501      4.7782      
4       1.2738      6.0966      10.0000     
5       1.4841      7.7490      20.0000     
6       40.0000     40.0000     40.0000     

Iteration number: 0.01
State        L           0           R      
1       100.0000    100.0000    100.0000    
2       50.0000     17.2352     2.3682      
3       24.9989     0.9501      4.7782      
4       1.2738      6.0966      10.0000     
5       1.4841      7.7490      20.0000     
6       40.0000     40.0000     40.0000     

Iteration number: 0.01
State        L           0           R      
1       100.0000    100.0000    100.0000    
2       50.0000     17.2352     2.3682      
3       24.9999     0.9501      4.7782      
4       1.2738      6.0966      10.0000     
5       1.4841      7.7490      20.0000     
6       40.0000     40.0000     40.0000     

Iteration number: 0.01
State        L           0           R      
1       100.0000    100.0000    100.0000    
2       50.0000     17.2352     2.3682      
3       24.9999     0.9501      4.7782      
4       1.2738      6.0966      10.0000     
5       1.4841      7.7490      20.0000     
6       40.0000     40.0000     40.0000     

Iteration number: 0.01
State        L           0           R      
1       100.0000    100.0000    100.0000    
2       50.0000     17.2352     2.3682      
3       24.9999     0.9501      4.7782      
4       1.2738      6.0966      10.0000     
5       1.4841      7.7490      20.0000     
6       40.0000     40.0000     40.0000     

Iteration number: 0.01
State        L           0           R      
1       100.0000    100.0000    100.0000    
2       50.0000     11.7431     0.9400      
3       3.5547      0.2268      0.4848      
4       0.1418      0.6103      1.0000      
5       0.1484      0.7749      20.0000     
6       40.0000     40.0000     40.0000     

Iteration number: 0.01
State        L           0           R      
1       100.0000    100.0000    100.0000    
2       50.0000     11.7431     0.9400      
3       3.5547      0.2268      0.4848      
4       0.1418      0.6103      1.0000      
5       0.1484      0.7749      20.0000     
6       40.0000     40.0000     40.0000     

Iteration number: 0.01
State        L           0           R      
1       100.0000    100.0000    100.0000    
2       50.0000     23.6743     2.9065      
3       11.6055     5.6477      0.4848      
4       0.1418      0.6103      1.0000      
5       0.1484      0.7749      20.0000     
6       40.0000     40.0000     40.0000     

Iteration number: 0.01
State        L           0           R      
1       100.0000    100.0000    100.0000    
2       50.0000     23.6743     2.9065      
3       23.6605     5.6477      0.4848      
4       0.1418      0.6103      1.0000      
5       0.1484      0.7749      20.0000     
6       40.0000     40.0000     40.0000     

Iteration number: 0.01
State        L           0           R      
1       100.0000    100.0000    100.0000    
2       50.0000     23.6743     2.9065      
3       23.6605     5.6477      0.4848      
4       0.1418      0.6103      1.0000      
5       0.1484      0.7749      20.0000     
6       40.0000     40.0000     40.0000     

Iteration number: 0.01
State        L           0           R      
1       100.0000    100.0000    100.0000    
2       50.0000     23.6743     2.9065      
3       23.6605     5.6477      0.4848      
4       0.1418      0.6103      1.0000      
5       0.1484      0.7749      20.0000     
6       40.0000     40.0000     40.0000     

Iteration number: 0.01
State        L           0           R      
1       100.0000    100.0000    100.0000    
2       50.0000     23.6743     2.9065      
3       23.6605     5.6477      0.4848      
4       0.1418      0.6103      1.0000      
5       0.1484      0.7749      20.0000     
6       40.0000     40.0000     40.0000     

Iteration number: 0.01
State        L           0           R      
1       100.0000    100.0000    100.0000    
2       50.0000     23.6743     2.9065      
3       23.6605     5.6477      0.4848      
4       0.1418      0.6103      1.0000      
5       0.1484      0.7749      20.0000     
6       40.0000     40.0000     40.0000     

Iteration number: 0.01
State        L           0           R      
1       100.0000    100.0000    100.0000    
2       50.0000     23.6743     2.9065      
3       24.8661     5.6477      0.4848      
4       0.1418      0.6103      1.0000      
5       0.1484      0.7749      20.0000     
6       40.0000     40.0000     40.0000     

Iteration number: 0.01
State        L           0           R      
1       100.0000    100.0000    100.0000    
2       50.0000     23.6743     2.9065      
3       24.8661     5.6477      0.4848      
4       0.1418      0.6103      1.0000      
5       0.1484      0.7749      20.0000     
6       40.0000     40.0000     40.0000     

Iteration number: 0.01
State        L           0           R      
1       100.0000    100.0000    100.0000    
2       50.0000     23.6743     2.9065      
3       24.8661     5.6477      0.4848      
4       0.1418      0.6103      1.0000      
5       0.1484      0.7749      20.0000     
6       40.0000     40.0000     40.0000     

Iteration number: 0.01
State        L           0           R      
1       100.0000    100.0000    100.0000    
2       50.0000     23.6743     2.9065      
3       24.8661     5.6477      2.2985      
4       1.1392      0.1665      2.4906      
5       0.5773      9.0775      20.0000     
6       40.0000     40.0000     40.0000     

Iteration number: 0.01
State        L           0           R      
1       100.0000    100.0000    100.0000    
2       50.0000     23.6743     2.9065      
3       24.8661     5.6477      4.7298      
4       1.1392      0.1665      9.2491      
5       0.5773      9.0775      20.0000     
6       40.0000     40.0000     40.0000     

Iteration number: 0.01
State        L           0           R      
1       100.0000    100.0000    100.0000    
2       50.0000     23.6743     2.9065      
3       24.8661     5.6477      4.9730      
4       1.1392      0.1665      9.9249      
5       0.5773      9.0775      20.0000     
6       40.0000     40.0000     40.0000     

Iteration number: 0.01
State        L           0           R      
1       100.0000    100.0000    100.0000    
2       50.0000     23.6743     2.9065      
3       24.8661     5.6477      4.9730      
4       1.1392      0.1665      9.9925      
5       0.5773      9.0775      20.0000     
6       40.0000     40.0000     40.0000     

Iteration number: 0.01
State        L           0           R      
1       100.0000    100.0000    100.0000    
2       50.0000     23.6743     2.9065      
3       24.8661     5.6477      4.9730      
4       1.1392      0.1665      9.9925      
5       0.5773      9.0775      20.0000     
6       40.0000     40.0000     40.0000     

Iteration number: 0.01
State        L           0           R      
1       100.0000    100.0000    100.0000    
2       50.0000     23.6743     2.9065      
3       24.8661     5.6477      4.9730      
4       1.1392      0.1665      9.9925      
5       0.5773      9.0775      20.0000     
6       40.0000     40.0000     40.0000     

Iteration number: 0.01
State        L           0           R      
1       100.0000    100.0000    100.0000    
2       50.0000     23.6743     2.9065      
3       24.9866     5.6477      4.9730      
4       1.1392      0.1665      9.9925      
5       0.5773      9.0775      20.0000     
6       40.0000     40.0000     40.0000     

Iteration number: 0.01
State        L           0           R      
1       100.0000    100.0000    100.0000    
2       50.0000     23.6743     2.9065      
3       24.9866     5.6477      4.9730      
4       1.1392      0.1665      9.9925      
5       0.5773      9.0775      20.0000     
6       40.0000     40.0000     40.0000     

Iteration number: 0.01
State        L           0           R      
1       100.0000    100.0000    100.0000    
2       50.0000     23.6743     2.9065      
3       24.9866     5.6477      4.9730      
4       1.1392      0.1665      9.9925      
5       0.5773      9.0775      20.0000     
6       40.0000     40.0000     40.0000     

Iteration number: 0.01
State        L           0           R      
1       100.0000    100.0000    100.0000    
2       50.0000     23.6743     2.9065      
3       24.9987     5.6477      4.9730      
4       1.1392      0.1665      9.9925      
5       0.5773      9.0775      20.0000     
6       40.0000     40.0000     40.0000     

Iteration number: 0.01
State        L           0           R      
1       100.0000    100.0000    100.0000    
2       50.0000     23.6743     2.9065      
3       24.9987     5.6477      4.9730      
4       1.1392      0.1665      9.9925      
5       0.5773      9.0775      20.0000     
6       40.0000     40.0000     40.0000     

Iteration number: 0.01
State        L           0           R      
1       100.0000    100.0000    100.0000    
2       50.0000     24.8674     2.9065      
3       24.9987     5.6477      4.9730      
4       1.1392      0.1665      9.9925      
5       0.5773      9.0775      20.0000     
6       40.0000     40.0000     40.0000     

Iteration number: 0.01
State        L           0           R      
1       100.0000    100.0000    100.0000    
2       50.0000     24.8674     2.9065      
3       24.9999     1.5492      2.4311      
4       3.0363      0.0174      1.0075      
5       0.0761      0.9132      20.0000     
6       40.0000     40.0000     40.0000     

Iteration number: 0.01
State        L           0           R      
1       100.0000    100.0000    100.0000    
2       50.0000     24.8674     2.9065      
3       24.9999     1.5492      2.4311      
4       3.0363      0.0174      1.0075      
5       0.0761      0.9132      20.0000     
6       40.0000     40.0000     40.0000     

Iteration number: 0.01
State        L           0           R      
1       100.0000    100.0000    100.0000    
2       50.0000     24.8674     2.9065      
3       24.9999     1.5492      2.4311      
4       3.0363      0.0174      1.0075      
5       0.0761      0.9132      20.0000     
6       40.0000     40.0000     40.0000     

Iteration number: 0.01
State        L           0           R      
1       100.0000    100.0000    100.0000    
2       50.0000     3.8930      3.1032      
3       14.1015     5.8971      2.4311      
4       0.4794      0.0174      1.0075      
5       0.0761      0.9132      20.0000     
6       40.0000     40.0000     40.0000     

Iteration number: 0.01
State        L           0           R      
1       100.0000    100.0000    100.0000    
2       50.0000     3.8930      3.1032      
3       23.9102     5.8971      2.4311      
4       0.4794      0.0174      1.0075      
5       0.0761      0.9132      20.0000     
6       40.0000     40.0000     40.0000     

Iteration number: 0.01
State        L           0           R      
1       100.0000    100.0000    100.0000    
2       50.0000     3.8930      3.1032      
3       23.9102     5.8971      2.4311      
4       0.4794      0.0174      1.0075      
5       0.0761      0.9132      20.0000     
6       40.0000     40.0000     40.0000     

Iteration number: 0.01
State        L           0           R      
1       100.0000    100.0000    100.0000    
2       50.0000     17.2643     3.1032      
3       8.0160      5.8971      2.4311      
4       2.8604      1.4080      1.0075      
5       0.7107      0.4429      20.0000     
6       40.0000     40.0000     40.0000     

Iteration number: 0.01
State        L           0           R      
1       100.0000    100.0000    100.0000    
2       50.0000     17.2643     3.1032      
3       23.3016     5.8971      2.4311      
4       2.8604      1.4080      1.0075      
5       0.7107      0.4429      20.0000     
6       40.0000     40.0000     40.0000     

Iteration number: 0.01
State        L           0           R      
1       100.0000    100.0000    100.0000    
2       50.0000     17.2643     3.1032      
3       23.3016     5.8971      2.4311      
4       2.8604      1.4080      1.0075      
5       0.7107      0.4429      20.0000     
6       40.0000     40.0000     40.0000     

Iteration number: 0.01
State        L           0           R      
1       100.0000    100.0000    100.0000    
2       50.0000     4.7147      6.2869      
3       10.8263     1.9960      2.4311      
4       2.8604      1.4080      1.0075      
5       0.7107      0.4429      20.0000     
6       40.0000     40.0000     40.0000     

Iteration number: 0.01
State        L           0           R      
1       100.0000    100.0000    100.0000    
2       50.0000     4.7147      6.2869      
3       10.8263     1.9960      2.4311      
4       2.8604      1.4080      1.0075      
5       0.7107      0.4429      20.0000     
6       40.0000     40.0000     40.0000     

Iteration number: 0.01
State        L           0           R      
1       100.0000    100.0000    100.0000    
2       50.0000     22.9715     6.2869      
3       12.3326     5.8246      2.4311      
4       3.0985      1.4080      1.0075      
5       1.4773      0.7474      20.0000     
6       40.0000     40.0000     40.0000     

Iteration number: 0.01
State        L           0           R      
1       100.0000    100.0000    100.0000    
2       50.0000     22.9715     6.2869      
3       12.3326     5.8246      2.4311      
4       3.0985      1.4080      1.0075      
5       1.4773      0.7474      20.0000     
6       40.0000     40.0000     40.0000     

Iteration number: 0.01
State        L           0           R      
1       100.0000    100.0000    100.0000    
2       50.0000     24.7971     6.2537      
3       8.2645      5.8246      2.4311      
4       1.7161      0.8439      1.0075      
5       1.4773      0.7474      20.0000     
6       40.0000     40.0000     40.0000     

Iteration number: 0.01
State        L           0           R      
1       100.0000    100.0000    100.0000    
2       50.0000     24.7971     6.2537      
3       23.3265     5.8246      2.4311      
4       11.4216     0.8439      1.0075      
5       1.4773      0.7474      20.0000     
6       40.0000     40.0000     40.0000     

Iteration number: 0.01
State        L           0           R      
1       100.0000    100.0000    100.0000    
2       50.0000     24.7971     6.2537      
3       24.8326     5.8246      2.4311      
4       12.3922     0.8439      1.0075      
5       5.7727      2.8872      20.0000     
6       40.0000     40.0000     40.0000     

Iteration number: 0.01
State        L           0           R      
1       100.0000    100.0000    100.0000    
2       50.0000     24.7971     6.2537      
3       24.8326     5.8246      2.4311      
4       12.3922     0.8439      1.0075      
5       5.7727      2.8872      20.0000     
6       40.0000     40.0000     40.0000     

Iteration number: 0.01
State        L           0           R      
1       100.0000    100.0000    100.0000    
2       50.0000     24.7971     6.2537      
3       24.8326     1.0043      0.8232      
4       1.3183      1.2445      4.6007      
5       5.7727      9.2887      20.0000     
6       40.0000     40.0000     40.0000     

Iteration number: 0.01
State        L           0           R      
1       100.0000    100.0000    100.0000    
2       50.0000     24.7971     6.2537      
3       24.8326     1.0043      0.8232      
4       1.3183      1.2445      4.6007      
5       5.7727      9.2887      20.0000     
6       40.0000     40.0000     40.0000     

Iteration number: 0.01
State        L           0           R      
1       100.0000    100.0000    100.0000    
2       50.0000     24.7971     6.2537      
3       24.9833     1.0043      0.8232      
4       1.3183      1.2445      4.6007      
5       5.7727      9.2887      20.0000     
6       40.0000     40.0000     40.0000     

Iteration number: 0.01
State        L           0           R      
1       100.0000    100.0000    100.0000    
2       50.0000     24.7971     6.2537      
3       24.9983     1.0043      0.8232      
4       1.3183      1.2445      4.6007      
5       5.7727      9.2887      20.0000     
6       40.0000     40.0000     40.0000     

Iteration number: 0.01
State        L           0           R      
1       100.0000    100.0000    100.0000    
2       50.0000     24.7971     6.2537      
3       24.9983     1.0043      0.8232      
4       1.3183      1.2445      4.6007      
5       5.7727      9.2887      20.0000     
6       40.0000     40.0000     40.0000     

Iteration number: 0.01
State        L           0           R      
1       100.0000    100.0000    100.0000    
2       50.0000     24.7971     6.2537      
3       24.9998     8.5379      0.8294      
4       1.3184      0.3881      4.6007      
5       0.5992      9.2887      20.0000     
6       40.0000     40.0000     40.0000     

Iteration number: 0.01
State        L           0           R      
1       100.0000    100.0000    100.0000    
2       50.0000     24.7971     6.2537      
3       24.9998     8.5379      0.8294      
4       1.3184      0.3881      4.9601      
5       2.3099      9.9289      20.0000     
6       40.0000     40.0000     40.0000     

Iteration number: 0.01
State        L           0           R      
1       100.0000    100.0000    100.0000    
2       50.0000     24.7971     6.2537      
3       24.9998     8.5379      0.8294      
4       1.3184      0.3881      4.9601      
5       2.3099      9.9289      20.0000     
6       40.0000     40.0000     40.0000     

Iteration number: 0.01
State        L           0           R      
1       100.0000    100.0000    100.0000    
2       50.0000     24.7971     6.2537      
3       24.9998     8.5379      0.8294      
4       1.3184      0.3881      9.4960      
5       2.3099      9.9289      20.0000     
6       40.0000     40.0000     40.0000     

Iteration number: 0.01
State        L           0           R      
1       100.0000    100.0000    100.0000    
2       50.0000     24.7971     6.2537      
3       24.9998     8.5379      0.8294      
4       1.3184      0.3881      9.9496      
5       2.3099      9.9289      20.0000     
6       40.0000     40.0000     40.0000     

Iteration number: 0.01
State        L           0           R      
1       100.0000    100.0000    100.0000    
2       50.0000     24.7971     6.2537      
3       24.9998     8.5379      0.8294      
4       1.3184      0.3881      9.9496      
5       2.3099      9.9289      20.0000     
6       40.0000     40.0000     40.0000     

Iteration number: 0.01
State        L           0           R      
1       100.0000    100.0000    100.0000    
2       50.0000     24.7971     6.2537      
3       24.9998     8.5379      0.8294      
4       1.3184      3.4138      9.9950      
5       2.3099      9.9289      20.0000     
6       40.0000     40.0000     40.0000     

Iteration number: 0.01
State        L           0           R      
1       100.0000    100.0000    100.0000    
2       50.0000     24.7971     6.2537      
3       24.9998     8.5379      0.8294      
4       1.3184      3.4138      9.9995      
5       2.3099      9.9289      20.0000     
6       40.0000     40.0000     40.0000     

Iteration number: 0.01
State        L           0           R      
1       100.0000    100.0000    100.0000    
2       50.0000     24.7971     6.2537      
3       24.9998     8.5379      0.8294      
4       1.3184      3.4138      9.9995      
5       2.3099      9.9289      20.0000     
6       40.0000     40.0000     40.0000     

Iteration number: 0.01
State        L           0           R      
1       100.0000    100.0000    100.0000    
2       50.0000     24.7971     6.2537      
3       24.9998     8.5379      0.8294      
4       1.3184      3.4138      9.9995      
5       2.3099      9.9289      20.0000     
6       40.0000     40.0000     40.0000     

Iteration number: 0.01
State        L           0           R      
1       100.0000    100.0000    100.0000    
2       50.0000     24.7971     6.2537      
3       24.9998     8.5379      0.8294      
4       1.3184      3.4138      6.6249      
5       4.7310      9.9289      20.0000     
6       40.0000     40.0000     40.0000     

Iteration number: 0.01
State        L           0           R      
1       100.0000    100.0000    100.0000    
2       50.0000     24.7971     6.2537      
3       24.9998     8.5379      4.5829      
4       1.3184      3.4138      9.6625      
5       4.7310      9.9289      20.0000     
6       40.0000     40.0000     40.0000     

Iteration number: 0.01
State        L           0           R      
1       100.0000    100.0000    100.0000    
2       50.0000     3.3235      2.8754      
3       24.9998     8.5379      4.9583      
4       1.3184      3.4138      9.9662      
5       4.7310      9.9289      20.0000     
6       40.0000     40.0000     40.0000     

Iteration number: 0.01
State        L           0           R      
1       100.0000    100.0000    100.0000    
2       50.0000     1.4573      2.5375      
3       24.9998     8.5379      4.9958      
4       1.3184      3.4138      9.9966      
5       4.7310      9.9289      20.0000     
6       40.0000     40.0000     40.0000     

Iteration number: 0.01
State        L           0           R      
1       100.0000    100.0000    100.0000    
2       50.0000     1.4573      2.5375      
3       24.9998     8.5379      4.9996      
4       1.3184      3.4138      9.9997      
5       4.7310      9.9289      20.0000     
6       40.0000     40.0000     40.0000     

Iteration number: 0.01
State        L           0           R      
1       100.0000    100.0000    100.0000    
2       50.0000     1.4573      2.5375      
3       24.9998     8.5379      4.9996      
4       1.3184      3.4138      10.0000     
5       4.7310      9.9289      20.0000     
6       40.0000     40.0000     40.0000     

Iteration number: 0.01
State        L           0           R      
1       100.0000    100.0000    100.0000    
2       50.0000     1.4573      2.5375      
3       24.9998     8.5379      4.9996      
4       1.3184      3.4138      10.0000     
5       4.7310      9.9289      20.0000     
6       40.0000     40.0000     40.0000     

Iteration number: 0.01
State        L           0           R      
1       100.0000    100.0000    100.0000    
2       50.0000     1.4573      2.5375      
3       24.9998     8.5379      4.9996      
4       1.3184      3.4138      10.0000     
5       4.7310      9.9289      20.0000     
6       40.0000     40.0000     40.0000     

Iteration number: 0.01
State        L           0           R      
1       100.0000    100.0000    100.0000    
2       50.0000     1.4573      0.9569      
3       2.8515      8.5379      2.7500      
4       0.2021      4.8414      3.2558      
5       0.4848      9.9289      20.0000     
6       40.0000     40.0000     40.0000     

Iteration number: 0.01
State        L           0           R      
1       100.0000    100.0000    100.0000    
2       50.0000     1.4573      0.9569      
3       2.8515      8.5379      2.7500      
4       0.2021      4.8414      3.2558      
5       0.4848      9.9289      20.0000     
6       40.0000     40.0000     40.0000     

Iteration number: 0.01
State        L           0           R      
1       100.0000    100.0000    100.0000    
2       50.0000     1.4573      0.9569      
3       2.8515      8.5379      2.7500      
4       0.2021      4.8414      9.3256      
5       0.4848      9.9289      20.0000     
6       40.0000     40.0000     40.0000     

Iteration number: 0.01
State        L           0           R      
1       100.0000    100.0000    100.0000    
2       50.0000     1.4573      0.9569      
3       2.8515      8.5379      2.7500      
4       0.2021      4.8414      9.9326      
5       0.4848      9.9289      20.0000     
6       40.0000     40.0000     40.0000     

Iteration number: 0.01
State        L           0           R      
1       100.0000    100.0000    100.0000    
2       50.0000     1.4573      0.9569      
3       2.8515      8.5379      2.7500      
4       0.2021      4.8414      9.9326      
5       0.4848      9.9289      20.0000     
6       40.0000     40.0000     40.0000     

Iteration number: 0.01
State        L           0           R      
1       100.0000    100.0000    100.0000    
2       50.0000     0.8020      2.3457      
3       0.4258      8.5379      4.7750      
4       0.0905      4.8414      9.9933      
5       0.4848      9.9289      20.0000     
6       40.0000     40.0000     40.0000     

Iteration number: 0.01
State        L           0           R      
1       100.0000    100.0000    100.0000    
2       50.0000     0.8020      2.3457      
3       0.4258      8.5379      4.7750      
4       0.0905      4.8414      9.9993      
5       0.4848      9.9289      20.0000     
6       40.0000     40.0000     40.0000     

Iteration number: 0.01
State        L           0           R      
1       100.0000    100.0000    100.0000    
2       50.0000     0.8020      2.3457      
3       0.4258      8.5379      4.9775      
4       0.0905      4.8414      9.9999      
5       0.4848      9.9289      20.0000     
6       40.0000     40.0000     40.0000     

Iteration number: 0.01
State        L           0           R      
1       100.0000    100.0000    100.0000    
2       50.0000     0.8020      2.3457      
3       0.4258      8.5379      4.9775      
4       0.0905      4.8414      9.9999      
5       0.4848      9.9289      20.0000     
6       40.0000     40.0000     40.0000     

Iteration number: 0.01
State        L           0           R      
1       100.0000    100.0000    100.0000    
2       50.0000     0.8020      2.3457      
3       0.4258      8.5379      4.9775      
4       0.0905      4.8414      9.9999      
5       0.4848      9.9289      20.0000     
6       40.0000     40.0000     40.0000     

Iteration number: 0.01
State        L           0           R      
1       100.0000    100.0000    100.0000    
2       50.0000     0.8020      2.3457      
3       0.4258      8.5379      4.9775      
4       0.0905      4.8414      9.9999      
5       0.4848      9.9289      20.0000     
6       40.0000     40.0000     40.0000     

Iteration number: 0.01
State        L           0           R      
1       100.0000    100.0000    100.0000    
2       50.0000     0.8020      2.3457      
3       0.4258      8.5379      4.9775      
4       0.0905      4.8414      9.9999      
5       0.4848      9.9289      20.0000     
6       40.0000     40.0000     40.0000     

Iteration number: 0.01
State        L           0           R      
1       100.0000    100.0000    100.0000    
2       50.0000     0.8020      2.3457      
3       0.4258      8.5379      4.9775      
4       0.0905      4.8414      9.9999      
5       0.4848      9.9289      20.0000     
6       40.0000     40.0000     40.0000     

Iteration number: 0.01
State        L           0           R      
1       100.0000    100.0000    100.0000    
2       50.0000     0.8020      2.3457      
3       0.4258      8.5379      4.9775      
4       0.0905      4.8414      9.9999      
5       0.4848      9.9289      20.0000     
6       40.0000     40.0000     40.0000     

Iteration number: 0.01
State        L           0           R      
1       100.0000    100.0000    100.0000    
2       50.0000     0.8020      2.3457      
3       0.4258      8.5379      4.9775      
4       0.0905      4.8414      9.9999      
5       0.4848      9.9289      20.0000     
6       40.0000     40.0000     40.0000     

Iteration number: 0.01
State        L           0           R      
1       100.0000    100.0000    100.0000    
2       50.0000     0.8020      11.4846     
3       22.5426     8.5379      4.9775      
4       0.0905      4.8414      9.9999      
5       0.4848      9.9289      20.0000     
6       40.0000     40.0000     40.0000     

Iteration number: 0.01
State        L           0           R      
1       100.0000    100.0000    100.0000    
2       50.0000     0.8020      11.4846     
3       22.5426     8.5379      4.9775      
4       0.0905      4.8414      9.9999      
5       0.4848      9.9289      20.0000     
6       40.0000     40.0000     40.0000     

Iteration number: 0.01
State        L           0           R      
1       100.0000    100.0000    100.0000    
2       50.0000     2.8927      6.7735      
3       14.2074     6.8304      4.9775      
4       0.3606      0.6599      9.9999      
5       0.1364      9.9289      20.0000     
6       40.0000     40.0000     40.0000     

Iteration number: 0.01
State        L           0           R      
1       100.0000    100.0000    100.0000    
2       50.0000     2.8927      6.7735      
3       23.9207     6.8304      4.9775      
4       11.2861     4.2847      9.9999      
5       1.4199      9.9289      20.0000     
6       40.0000     40.0000     40.0000     

Iteration number: 0.01
State        L           0           R      
1       100.0000    100.0000    100.0000    
2       50.0000     2.8927      6.7735      
3       23.9207     6.8304      4.9775      
4       11.2861     4.2847      9.9999      
5       1.4199      9.9289      20.0000     
6       40.0000     40.0000     40.0000     

Iteration number: 0.01
State        L           0           R      
1       100.0000    100.0000    100.0000    
2       50.0000     17.1643     6.7735      
3       23.9207     6.8304      4.9775      
4       11.2861     4.2847      9.9999      
5       1.4199      9.9289      20.0000     
6       40.0000     40.0000     40.0000     

Iteration number: 0.01
State        L           0           R      
1       100.0000    100.0000    100.0000    
2       50.0000     17.1643     6.7735      
3       23.9207     6.8304      4.9775      
4       11.2861     4.2847      9.9999      
5       1.4199      9.9289      20.0000     
6       40.0000     40.0000     40.0000     

Iteration number: 0.01
State        L           0           R      
1       100.0000    100.0000    100.0000    
2       50.0000     17.1643     6.7735      
3       23.9207     6.8304      4.9775      
4       11.2861     4.2847      9.9999      
5       1.4199      9.9289      20.0000     
6       40.0000     40.0000     40.0000     

Iteration number: 0.01
State        L           0           R      
1       100.0000    100.0000    100.0000    
2       50.0000     17.1643     6.7735      
3       23.9207     6.8304      4.9775      
4       11.2861     4.2847      9.9999      
5       1.4199      9.9289      20.0000     
6       40.0000     40.0000     40.0000     

Iteration number: 0.01
State        L           0           R      
1       100.0000    100.0000    100.0000    
2       50.0000     17.1643     6.7735      
3       23.9207     6.8304      4.9775      
4       11.2861     4.2847      9.9999      
5       1.4199      9.9289      20.0000     
6       40.0000     40.0000     40.0000     

Iteration number: 0.01
State        L           0           R      
1       100.0000    100.0000    100.0000    
2       50.0000     17.1643     6.7735      
3       23.9207     6.8304      4.9775      
4       11.2861     4.2847      9.9999      
5       1.4199      9.9289      20.0000     
6       40.0000     40.0000     40.0000     

Iteration number: 0.01
State        L           0           R      
1       100.0000    100.0000    100.0000    
2       50.0000     17.1643     6.7735      
3       23.9207     6.8304      4.9775      
4       11.2861     4.2847      9.9999      
5       1.4199      9.9289      20.0000     
6       40.0000     40.0000     40.0000     

Iteration number: 0.01
State        L           0           R      
1       100.0000    100.0000    100.0000    
2       50.0000     17.1643     6.7735      
3       23.9207     6.8304      4.9775      
4       11.2861     4.2847      9.9999      
5       1.4199      9.9289      20.0000     
6       40.0000     40.0000     40.0000     

Iteration number: 0.01
State        L           0           R      
1       100.0000    100.0000    100.0000    
2       50.0000     17.1643     6.7735      
3       23.9207     6.8304      4.9775      
4       11.2861     4.2847      9.9999      
5       1.4199      9.9289      20.0000     
6       40.0000     40.0000     40.0000     

Iteration number: 0.01
State        L           0           R      
1       100.0000    100.0000    100.0000    
2       50.0000     17.1643     6.7735      
3       23.9207     6.8304      4.9775      
4       11.2861     4.2847      9.9999      
5       1.4199      9.9289      20.0000     
6       40.0000     40.0000     40.0000     

Iteration number: 0.01
State        L           0           R      
1       100.0000    100.0000    100.0000    
2       50.0000     17.1643     6.7735      
3       23.9207     6.8304      4.9775      
4       11.2861     2.6785      5.5000      
5       1.4199      9.9929      20.0000     
6       40.0000     40.0000     40.0000     

Iteration number: 0.01
State        L           0           R      
1       100.0000    100.0000    100.0000    
2       50.0000     2.8414      2.9273      
3       23.9207     6.8304      4.9977      
4       11.2861     2.6785      9.5500      
5       1.4199      9.9929      20.0000     
6       40.0000     40.0000     40.0000     

Iteration number: 0.01
State        L           0           R      
1       100.0000    100.0000    100.0000    
2       50.0000     1.4091      2.5427      
3       23.9207     6.8304      4.9998      
4       11.2861     2.6785      9.9550      
5       1.4199      9.9929      20.0000     
6       40.0000     40.0000     40.0000     

Iteration number: 0.01
State        L           0           R      
1       100.0000    100.0000    100.0000    
2       50.0000     1.4091      2.5427      
3       23.9207     6.8304      4.9998      
4       11.2861     2.6785      9.9550      
5       1.4199      9.9929      20.0000     
6       40.0000     40.0000     40.0000     

Iteration number: 0.01
State        L           0           R      
1       100.0000    100.0000    100.0000    
2       50.0000     1.4091      2.5427      
3       23.9207     6.8304      4.9998      
4       11.2861     2.6785      9.9550      
5       1.4199      9.9929      20.0000     
6       40.0000     40.0000     40.0000     

Iteration number: 0.01
State        L           0           R      
1       100.0000    100.0000    100.0000    
2       50.0000     1.4091      2.5427      
3       23.9207     6.8304      4.9998      
4       11.2861     2.6785      9.9550      
5       1.4199      9.9929      20.0000     
6       40.0000     40.0000     40.0000     

Iteration number: 0.01
State        L           0           R      
1       100.0000    100.0000    100.0000    
2       50.0000     1.4091      2.5427      
3       23.9207     6.8304      4.9998      
4       11.2861     2.6785      9.9550      
5       1.4199      9.9929      20.0000     
6       40.0000     40.0000     40.0000     

Iteration number: 0.01
State        L           0           R      
1       100.0000    100.0000    100.0000    
2       50.0000     1.4091      2.5427      
3       23.9207     6.8304      4.9998      
4       11.2861     2.6785      6.0580      
5       4.6420      3.2493      20.0000     
6       40.0000     40.0000     40.0000     

Iteration number: 0.01
State        L           0           R      
1       100.0000    100.0000    100.0000    
2       50.0000     1.4091      2.5427      
3       23.9207     6.8304      4.9998      
4       11.2861     2.6785      6.0580      
5       4.6420      3.2493      20.0000     
6       40.0000     40.0000     40.0000     

Iteration number: 0.01
State        L           0           R      
1       100.0000    100.0000    100.0000    
2       50.0000     1.4091      2.5427      
3       24.8921     11.9330     4.9998      
4       11.2861     2.6785      6.0580      
5       4.6420      3.2493      20.0000     
6       40.0000     40.0000     40.0000     

Iteration number: 0.01
State        L           0           R      
1       100.0000    100.0000    100.0000    
2       50.0000     1.4091      2.5427      
3       24.8921     11.9330     4.9998      
4       11.2861     2.6785      6.0580      
5       4.6420      3.2493      20.0000     
6       40.0000     40.0000     40.0000     

Iteration number: 0.01
State        L           0           R      
1       100.0000    100.0000    100.0000    
2       50.0000     1.4091      2.5427      
3       24.8921     11.9330     4.9998      
4       11.2861     2.6785      6.0580      
5       4.6420      3.2493      20.0000     
6       40.0000     40.0000     40.0000     

Iteration number: 0.01
State        L           0           R      
1       100.0000    100.0000    100.0000    
2       50.0000     1.4091      2.5427      
3       24.8921     11.9330     4.9998      
4       11.2861     2.6785      6.0580      
5       4.6420      3.2493      20.0000     
6       40.0000     40.0000     40.0000     

Iteration number: 0.01
State        L           0           R      
1       100.0000    100.0000    100.0000    
2       50.0000     17.0159     2.5427      
3       24.8921     11.9330     4.9998      
4       11.2861     2.6785      6.0580      
5       4.6420      3.2493      20.0000     
6       40.0000     40.0000     40.0000     

Iteration number: 0.01
State        L           0           R      
1       100.0000    100.0000    100.0000    
2       50.0000     17.0159     2.5427      
3       24.8921     11.9330     1.6250      
4       11.2861     2.6785      2.8558      
5       4.6420      7.0749      20.0000     
6       40.0000     40.0000     40.0000     

Iteration number: 0.01
State        L           0           R      
1       100.0000    100.0000    100.0000    
2       50.0000     17.0159     2.5427      
3       24.8921     11.9330     1.6250      
4       11.2861     2.6785      2.8558      
5       4.6420      7.0749      20.0000     
6       40.0000     40.0000     40.0000     

Iteration number: 0.01
State        L           0           R      
1       100.0000    100.0000    100.0000    
2       50.0000     17.0159     2.5427      
3       24.8921     11.9330     1.6250      
4       11.2861     2.6785      2.8558      
5       4.6420      7.0749      20.0000     
6       40.0000     40.0000     40.0000     

Iteration number: 0.01
State        L           0           R      
1       100.0000    100.0000    100.0000    
2       50.0000     24.2016     3.0668      
3       8.8173      6.8183      1.6250      
4       1.8317      2.6785      0.4614      
5       0.6839      0.7514      20.0000     
6       40.0000     40.0000     40.0000     

Iteration number: 0.01
State        L           0           R      
1       100.0000    100.0000    100.0000    
2       50.0000     24.2016     3.0668      
3       8.8173      6.8183      1.6250      
4       1.8317      2.6785      0.4614      
5       0.6839      0.7514      20.0000     
6       40.0000     40.0000     40.0000     

Iteration number: 0.01
State        L           0           R      
1       100.0000    100.0000    100.0000    
2       50.0000     24.2016     3.0668      
3       23.3817     6.8183      1.6250      
4       11.4332     5.8928      1.4524      
5       1.8262      0.7514      20.0000     
6       40.0000     40.0000     40.0000     

Iteration number: 0.01
State        L           0           R      
1       100.0000    100.0000    100.0000    
2       50.0000     24.2016     3.0668      
3       24.8382     6.8183      1.6250      
4       12.3933     5.8928      1.4524      
5       1.8262      0.7514      20.0000     
6       40.0000     40.0000     40.0000     

Iteration number: 0.01
State        L           0           R      
1       100.0000    100.0000    100.0000    
2       50.0000     24.2016     3.0668      
3       24.8382     6.8183      1.6250      
4       12.3933     5.8928      1.4524      
5       1.8262      0.7514      20.0000     
6       40.0000     40.0000     40.0000     

Iteration number: 0.01
State        L           0           R      
1       100.0000    100.0000    100.0000    
2       50.0000     24.2016     3.0668      
3       24.9838     6.8183      1.6250      
4       12.4893     5.8928      1.4524      
5       1.8262      0.7514      20.0000     
6       40.0000     40.0000     40.0000     

Iteration number: 0.01
State        L           0           R      
1       100.0000    100.0000    100.0000    
2       50.0000     24.2016     3.0668      
3       24.9984     6.8183      1.6250      
4       12.4989     5.8928      1.4524      
5       1.8262      0.7514      20.0000     
6       40.0000     40.0000     40.0000     

Iteration number: 0.01
State        L           0           R      
1       100.0000    100.0000    100.0000    
2       50.0000     24.2016     3.0668      
3       24.9984     6.8183      1.6250      
4       12.4989     5.8928      1.4524      
5       1.8262      0.7514      20.0000     
6       40.0000     40.0000     40.0000     

Iteration number: 0.01
State        L           0           R      
1       100.0000    100.0000    100.0000    
2       50.0000     24.2016     3.0668      
3       24.9984     6.8183      1.6250      
4       12.4989     5.8928      1.4524      
5       1.8262      0.7514      20.0000     
6       40.0000     40.0000     40.0000     

Iteration number: 0.01
State        L           0           R      
1       100.0000    100.0000    100.0000    
2       50.0000     24.2016     3.0668      
3       24.9984     6.8183      1.4281      
4       1.8827      3.1205      9.1452      
5       1.8262      0.7514      20.0000     
6       40.0000     40.0000     40.0000     

Iteration number: 0.01
State        L           0           R      
1       100.0000    100.0000    100.0000    
2       50.0000     24.2016     3.0668      
3       24.9984     6.8183      1.4281      
4       1.8827      3.1205      9.1452      
5       1.8262      0.7514      20.0000     
6       40.0000     40.0000     40.0000     

Iteration number: 0.01
State        L           0           R      
1       100.0000    100.0000    100.0000    
2       50.0000     24.2016     3.0668      
3       24.9984     6.8183      1.4281      
4       1.8827      3.1205      9.9145      
5       1.8262      0.7514      20.0000     
6       40.0000     40.0000     40.0000     

Iteration number: 0.01
State        L           0           R      
1       100.0000    100.0000    100.0000    
2       50.0000     24.2016     3.0668      
3       24.9998     6.8183      1.4281      
4       1.8827      3.1205      9.9145      
5       1.8262      0.7514      20.0000     
6       40.0000     40.0000     40.0000     

Iteration number: 0.01
State        L           0           R      
1       100.0000    100.0000    100.0000    
2       50.0000     24.2016     3.0668      
3       24.9998     6.8183      1.4281      
4       1.8827      3.1205      9.9145      
5       1.8262      0.7514      20.0000     
6       40.0000     40.0000     40.0000     

Iteration number: 0.01
State        L           0           R      
1       100.0000    100.0000    100.0000    
2       50.0000     24.2016     3.0668      
3       24.9998     6.8183      1.4281      
4       1.8827      3.1205      9.9145      
5       1.8262      0.7514      20.0000     
6       40.0000     40.0000     40.0000     

Iteration number: 0.01
State        L           0           R      
1       100.0000    100.0000    100.0000    
2       50.0000     24.2016     3.0668      
3       25.0000     6.8183      1.4281      
4       11.4383     3.1205      9.9145      
5       5.8076      0.7514      20.0000     
6       40.0000     40.0000     40.0000     

Iteration number: 0.01
State        L           0           R      
1       100.0000    100.0000    100.0000    
2       50.0000     24.2016     3.0668      
3       25.0000     6.8183      1.4281      
4       11.4383     3.1205      9.9145      
5       5.8076      0.7514      20.0000     
6       40.0000     40.0000     40.0000     

Iteration number: 0.01
State        L           0           R      
1       100.0000    100.0000    100.0000    
2       50.0000     24.2016     3.0668      
3       25.0000     0.6884      2.4016      
4       3.3938      3.1205      4.1907      
5       1.2839      0.1806      20.0000     
6       40.0000     40.0000     40.0000     

Iteration number: 0.01
State        L           0           R      
1       100.0000    100.0000    100.0000    
2       50.0000     24.2016     3.0668      
3       25.0000     0.6884      4.7402      
4       2.5894      3.1205      9.4191      
5       1.2839      0.1806      20.0000     
6       40.0000     40.0000     40.0000     

Iteration number: 0.01
State        L           0           R      
1       100.0000    100.0000    100.0000    
2       50.0000     24.2016     3.0668      
3       25.0000     0.6884      4.7402      
4       2.5894      3.1205      9.9419      
5       1.2839      0.1806      20.0000     
6       40.0000     40.0000     40.0000     

Iteration number: 0.01
State        L           0           R      
1       100.0000    100.0000    100.0000    
2       50.0000     24.9202     3.8223      
3       9.5312      0.6884      4.7402      
4       2.5894      3.1205      9.9419      
5       1.2839      0.1806      20.0000     
6       40.0000     40.0000     40.0000     

Iteration number: 0.01
State        L           0           R      
1       100.0000    100.0000    100.0000    
2       50.0000     24.9202     3.8223      
3       9.5312      0.6884      4.7402      
4       2.5894      3.1205      9.9419      
5       1.2839      0.1806      20.0000     
6       40.0000     40.0000     40.0000     

Iteration number: 0.01
State        L           0           R      
1       100.0000    100.0000    100.0000    
2       50.0000     24.9202     3.8223      
3       9.5312      0.6884      2.7240      
4       1.3839      4.8121      9.9942      
5       1.2839      0.1806      20.0000     
6       40.0000     40.0000     40.0000     

Iteration number: 0.01
State        L           0           R      
1       100.0000    100.0000    100.0000    
2       50.0000     24.9202     3.8223      
3       9.5312      2.3188      4.7724      
4       1.3839      4.8121      9.9994      
5       1.2839      0.1806      20.0000     
6       40.0000     40.0000     40.0000     

Iteration number: 0.01
State        L           0           R      
1       100.0000    100.0000    100.0000    
2       50.0000     24.9202     3.8223      
3       9.5312      2.3188      4.7724      
4       1.3839      4.8121      9.9994      
5       1.2839      0.1806      20.0000     
6       40.0000     40.0000     40.0000     

Iteration number: 0.01
State        L           0           R      
1       100.0000    100.0000    100.0000    
2       50.0000     24.9202     3.8223      
3       9.5312      2.3188      4.7724      
4       1.3839      4.8121      9.9994      
5       1.2839      0.1806      20.0000     
6       40.0000     40.0000     40.0000     

Iteration number: 0.01
State        L           0           R      
1       100.0000    100.0000    100.0000    
2       50.0000     24.9202     3.8223      
3       9.5312      2.3188      4.7724      
4       1.3839      4.8121      9.9994      
5       1.2839      0.1806      20.0000     
6       40.0000     40.0000     40.0000     

Iteration number: 0.01
State        L           0           R      
1       100.0000    100.0000    100.0000    
2       50.0000     24.9202     3.8223      
3       9.5312      2.3188      4.7724      
4       1.3839      4.8121      9.9994      
5       1.2839      0.1806      20.0000     
6       40.0000     40.0000     40.0000     

Iteration number: 0.01
State        L           0           R      
1       100.0000    100.0000    100.0000    
2       50.0000     4.4549      6.1830      
3       9.4053      1.2866      4.7724      
4       1.3839      4.8121      9.9994      
5       1.2839      0.1806      20.0000     
6       40.0000     40.0000     40.0000     

Iteration number: 0.01
State        L           0           R      
1       100.0000    100.0000    100.0000    
2       50.0000     4.4549      6.1830      
3       9.4053      1.2866      4.7724      
4       1.3839      4.8121      9.9994      
5       1.2839      0.1806      20.0000     
6       40.0000     40.0000     40.0000     

Iteration number: 0.01
State        L           0           R      
1       100.0000    100.0000    100.0000    
2       50.0000     22.9455     6.1830      
3       9.4053      1.2866      4.7724      
4       1.3839      4.8121      9.9994      
5       1.2839      0.1806      20.0000     
6       40.0000     40.0000     40.0000     

Iteration number: 0.01
State        L           0           R      
1       100.0000    100.0000    100.0000    
2       50.0000     22.9455     6.1830      
3       23.4405     1.2866      4.7724      
4       1.3839      4.8121      9.9994      
5       1.2839      0.1806      20.0000     
6       40.0000     40.0000     40.0000     

Iteration number: 0.01
State        L           0           R      
1       100.0000    100.0000    100.0000    
2       50.0000     22.9455     6.1830      
3       23.4405     1.2866      4.7724      
4       1.3839      4.8121      9.9994      
5       1.2839      0.1806      20.0000     
6       40.0000     40.0000     40.0000     

Iteration number: 0.01
State        L           0           R      
1       100.0000    100.0000    100.0000    
2       50.0000     3.6129      6.2433      
3       24.8441     11.3787     4.7724      
4       1.3839      4.8121      9.9994      
5       1.2839      0.1806      20.0000     
6       40.0000     40.0000     40.0000     

Iteration number: 0.01
State        L           0           R      
1       100.0000    100.0000    100.0000    
2       50.0000     3.6129      6.2433      
3       24.8441     11.3787     4.7724      
4       1.3839      4.8121      9.9994      
5       1.2839      0.1806      20.0000     
6       40.0000     40.0000     40.0000     

Iteration number: 0.01
State        L           0           R      
1       100.0000    100.0000    100.0000    
2       50.0000     3.6129      6.2433      
3       24.8441     11.3787     4.7724      
4       1.3839      4.8121      9.9994      
5       1.2839      0.1806      20.0000     
6       40.0000     40.0000     40.0000     

Iteration number: 0.01
State        L           0           R      
1       100.0000    100.0000    100.0000    
2       50.0000     3.6129      6.2433      
3       24.8441     11.3787     4.7724      
4       1.3839      4.8121      9.9994      
5       1.2839      0.1806      20.0000     
6       40.0000     40.0000     40.0000     

Iteration number: 0.01
State        L           0           R      
1       100.0000    100.0000    100.0000    
2       50.0000     3.6129      6.2433      
3       24.8441     1.1379      0.4891      
4       0.1473      0.4932      2.3013      
5       0.9751      3.3945      20.0000     
6       40.0000     40.0000     40.0000     

Iteration number: 0.01
State        L           0           R      
1       100.0000    100.0000    100.0000    
2       50.0000     3.6129      6.2433      
3       24.8441     1.1379      0.4891      
4       0.1473      0.4932      9.2301      
5       0.9751      3.3945      20.0000     
6       40.0000     40.0000     40.0000     

Iteration number: 0.01
State        L           0           R      
1       100.0000    100.0000    100.0000    
2       50.0000     3.6129      6.2493      
3       15.1407     6.4419      0.4891      
4       0.1473      0.4932      9.2301      
5       0.9751      3.3945      20.0000     
6       40.0000     40.0000     40.0000     

Iteration number: 0.01
State        L           0           R      
1       100.0000    100.0000    100.0000    
2       50.0000     3.6129      6.2493      
3       15.1407     6.4419      0.4891      
4       0.1473      0.4932      9.2301      
5       0.9751      3.3945      20.0000     
6       40.0000     40.0000     40.0000     

Iteration number: 0.01
State        L           0           R      
1       100.0000    100.0000    100.0000    
2       50.0000     3.6129      6.2493      
3       15.1407     6.4419      0.4891      
4       0.1473      0.4932      9.2301      
5       0.9751      3.3945      20.0000     
6       40.0000     40.0000     40.0000     

Iteration number: 0.01
State        L           0           R      
1       100.0000    100.0000    100.0000    
2       50.0000     3.6129      6.2493      
3       15.1407     6.4419      0.4891      
4       0.1473      0.4932      9.2301      
5       0.9751      3.3945      20.0000     
6       40.0000     40.0000     40.0000     

Iteration number: 0.01
State        L           0           R      
1       100.0000    100.0000    100.0000    
2       50.0000     0.3613      0.6250      
3       15.1407     0.6444      1.9241      
4       1.4210      0.1903      5.4241      
5       0.1678      0.3559      20.0000     
6       40.0000     40.0000     40.0000     

Iteration number: 0.01
State        L           0           R      
1       100.0000    100.0000    100.0000    
2       50.0000     0.3613      0.6250      
3       15.1407     0.6444      1.9241      
4       1.4210      0.1903      5.4241      
5       0.1678      0.3559      20.0000     
6       40.0000     40.0000     40.0000     

Iteration number: 0.01
State        L           0           R      
1       100.0000    100.0000    100.0000    
2       50.0000     0.3613      0.6250      
3       15.1407     0.6444      1.9241      
4       1.4210      0.1903      5.4241      
5       0.1678      0.3559      20.0000     
6       40.0000     40.0000     40.0000     

Iteration number: 0.01
State        L           0           R      
1       100.0000    100.0000    100.0000    
2       50.0000     0.3613      0.6250      
3       15.1407     0.6444      1.9241      
4       1.4210      0.1903      9.5424      
5       4.5168      0.3559      20.0000     
6       40.0000     40.0000     40.0000     

Iteration number: 0.01
State        L           0           R      
1       100.0000    100.0000    100.0000    
2       50.0000     0.3613      1.1875      
3       2.0766      2.3144      4.6924      
4       1.4210      0.1903      9.9542      
5       4.5168      0.3559      20.0000     
6       40.0000     40.0000     40.0000     

Iteration number: 0.01
State        L           0           R      
1       100.0000    100.0000    100.0000    
2       50.0000     0.3613      1.1875      
3       2.0766      2.3144      4.6924      
4       1.4210      0.1903      9.9542      
5       4.5168      0.3559      20.0000     
6       40.0000     40.0000     40.0000     

Iteration number: 0.01
State        L           0           R      
1       100.0000    100.0000    100.0000    
2       50.0000     16.9111     1.1875      
3       5.8327      3.0439      4.6924      
4       1.5483      0.7222      9.9542      
5       4.5168      0.3559      20.0000     
6       40.0000     40.0000     40.0000     

Iteration number: 0.01
State        L           0           R      
1       100.0000    100.0000    100.0000    
2       50.0000     16.9111     1.1875      
3       5.8327      3.0439      4.6924      
4       1.5483      0.7222      9.9542      
5       4.5168      0.3559      20.0000     
6       40.0000     40.0000     40.0000     

Iteration number: 0.01
State        L           0           R      
1       100.0000    100.0000    100.0000    
2       50.0000     16.9111     1.1875      
3       23.0833     11.5544     3.2817      
4       3.6705      0.7222      9.9542      
5       1.1548      0.3872      20.0000     
6       40.0000     40.0000     40.0000     

Iteration number: 0.01
State        L           0           R      
1       100.0000    100.0000    100.0000    
2       50.0000     16.9111     1.1875      
3       24.8083     11.5544     3.2817      
4       3.6705      0.7222      9.9542      
5       1.1548      0.3872      20.0000     
6       40.0000     40.0000     40.0000     

Iteration number: 0.01
State        L           0           R      
1       100.0000    100.0000    100.0000    
2       50.0000     16.9111     1.1875      
3       24.8083     11.5544     3.2817      
4       3.6705      0.7222      9.9542      
5       1.1548      0.3872      20.0000     
6       40.0000     40.0000     40.0000     

Iteration number: 0.01
State        L           0           R      
1       100.0000    100.0000    100.0000    
2       50.0000     16.9111     1.1875      
3       24.8083     11.5544     3.2817      
4       3.6705      0.7222      9.9542      
5       1.1548      0.3872      20.0000     
6       40.0000     40.0000     40.0000     

Iteration number: 0.01
State        L           0           R      
1       100.0000    100.0000    100.0000    
2       50.0000     16.9111     1.1875      
3       24.8083     1.2961      0.4340      
4       0.3965      1.0852      4.3719      
5       1.2449      0.3872      20.0000     
6       40.0000     40.0000     40.0000     

Iteration number: 0.01
State        L           0           R      
1       100.0000    100.0000    100.0000    
2       50.0000     16.9111     2.3688      
3       24.8083     1.2961      4.5434      
4       0.3965      1.0852      9.4372      
5       1.2449      0.3872      20.0000     
6       40.0000     40.0000     40.0000     

Iteration number: 0.01
State        L           0           R      
1       100.0000    100.0000    100.0000    
2       50.0000     16.9111     2.3688      
3       24.8083     1.2961      4.9543      
4       0.3965      1.0852      9.9437      
5       1.2449      0.3872      20.0000     
6       40.0000     40.0000     40.0000     

Iteration number: 0.01
State        L           0           R      
1       100.0000    100.0000    100.0000    
2       50.0000     16.9111     2.3688      
3       24.8083     1.2961      4.9543      
4       0.3965      1.0852      9.9437      
5       1.2449      0.3872      20.0000     
6       40.0000     40.0000     40.0000     

Iteration number: 0.01
State        L           0           R      
1       100.0000    100.0000    100.0000    
2       50.0000     16.9111     2.3688      
3       24.8083     1.2961      4.9543      
4       0.3965      1.0852      9.9437      
5       1.2449      0.3872      20.0000     
6       40.0000     40.0000     40.0000     

Iteration number: 0.01
State        L           0           R      
1       100.0000    100.0000    100.0000    
2       50.0000     16.9111     2.3688      
3       24.8083     1.2961      4.9543      
4       0.3965      1.0852      9.9437      
5       1.2449      0.3872      20.0000     
6       40.0000     40.0000     40.0000     

Iteration number: 0.01
State        L           0           R      
1       100.0000    100.0000    100.0000    
2       50.0000     16.9111     0.7994      
3       2.7621      1.8171      2.7630      
4       0.1803      0.1788      9.9944      
5       1.2449      0.3872      20.0000     
6       40.0000     40.0000     40.0000     

Iteration number: 0.01
State        L           0           R      
1       100.0000    100.0000    100.0000    
2       50.0000     16.9111     0.7994      
3       2.7621      1.8171      2.7630      
4       0.1803      0.1788      9.9944      
5       1.2449      0.3872      20.0000     
6       40.0000     40.0000     40.0000     

Iteration number: 0.01
State        L           0           R      
1       100.0000    100.0000    100.0000    
2       50.0000     16.9111     0.7994      
3       2.7621      1.8171      2.7630      
4       0.1803      0.1788      5.4994      
5       1.2449      9.0387      20.0000     
6       40.0000     40.0000     40.0000     

Iteration number: 0.01
State        L           0           R      
1       100.0000    100.0000    100.0000    
2       50.0000     14.3474     5.7049      
3       11.5262     1.8171      2.7630      
4       0.1803      0.1788      5.4994      
5       1.2449      9.0387      20.0000     
6       40.0000     40.0000     40.0000     

Iteration number: 0.01
State        L           0           R      
1       100.0000    100.0000    100.0000    
2       50.0000     14.3474     5.7049      
3       11.5262     1.8171      2.7630      
4       0.1803      0.1788      5.4994      
5       1.2449      9.0387      20.0000     
6       40.0000     40.0000     40.0000     

Iteration number: 0.01
State        L           0           R      
1       100.0000    100.0000    100.0000    
2       50.0000     1.6105      0.9221      
3       23.6526     2.9942      3.4404      
4       6.3462      0.1788      5.4994      
5       1.2449      9.0387      20.0000     
6       40.0000     40.0000     40.0000     

Iteration number: 0.01
State        L           0           R      
1       100.0000    100.0000    100.0000    
2       50.0000     1.6105      0.9221      
3       23.6526     2.9942      3.4404      
4       6.3462      0.1788      5.4994      
5       1.2449      9.0387      20.0000     
6       40.0000     40.0000     40.0000     

Iteration number: 0.01
State        L           0           R      
1       100.0000    100.0000    100.0000    
2       50.0000     1.6105      0.9221      
3       23.6526     2.9942      3.4404      
4       6.3462      0.1788      5.4994      
5       1.2449      9.0387      20.0000     
6       40.0000     40.0000     40.0000     

Iteration number: 0.01
State        L           0           R      
1       100.0000    100.0000    100.0000    
2       50.0000     1.6105      0.9221      
3       23.6526     2.9942      3.4404      
4       6.3462      0.1788      5.6124      
5       4.6245      3.1539      20.0000     
6       40.0000     40.0000     40.0000     

Iteration number: 0.01
State        L           0           R      
1       100.0000    100.0000    100.0000    
2       50.0000     22.6611     5.7172      
3       9.3965      2.9942      3.4404      
4       6.3462      0.1788      5.6124      
5       4.6245      3.1539      20.0000     
6       40.0000     40.0000     40.0000     

Iteration number: 0.01
State        L           0           R      
1       100.0000    100.0000    100.0000    
2       50.0000     22.6611     5.7172      
3       23.4397     2.9942      3.4404      
4       6.3462      0.1788      5.6124      
5       4.6245      3.1539      20.0000     
6       40.0000     40.0000     40.0000     

Iteration number: 0.01
State        L           0           R      
1       100.0000    100.0000    100.0000    
2       50.0000     22.6611     5.7172      
3       23.4397     2.9942      3.4404      
4       6.3462      0.1788      5.6124      
5       4.6245      3.1539      20.0000     
6       40.0000     40.0000     40.0000     

Iteration number: 0.01
State        L           0           R      
1       100.0000    100.0000    100.0000    
2       50.0000     22.6611     5.7172      
3       23.4397     2.9942      3.4404      
4       6.3462      0.1788      5.6124      
5       4.6245      9.3154      20.0000     
6       40.0000     40.0000     40.0000     

Iteration number: 0.01
State        L           0           R      
1       100.0000    100.0000    100.0000    
2       50.0000     24.7661     3.3842      
3       13.5940     5.9244      3.4404      
4       6.3462      0.1788      5.6124      
5       4.6245      9.3154      20.0000     
6       40.0000     40.0000     40.0000     

Iteration number: 0.01
State        L           0           R      
1       100.0000    100.0000    100.0000    
2       50.0000     24.7661     3.3842      
3       23.8594     5.9244      3.4404      
4       6.3462      0.1788      5.6124      
5       4.6245      9.3154      20.0000     
6       40.0000     40.0000     40.0000     

Iteration number: 0.01
State        L           0           R      
1       100.0000    100.0000    100.0000    
2       50.0000     24.7661     3.3842      
3       24.8859     5.9244      3.4404      
4       6.3462      0.1788      5.6124      
5       4.6245      9.3154      20.0000     
6       40.0000     40.0000     40.0000     

Iteration number: 0.01
State        L           0           R      
1       100.0000    100.0000    100.0000    
2       50.0000     24.7661     3.3842      
3       24.8859     5.9244      3.4404      
4       6.3462      0.1788      5.6124      
5       4.6245      9.3154      20.0000     
6       40.0000     40.0000     40.0000     

Iteration number: 0.01
State        L           0           R      
1       100.0000    100.0000    100.0000    
2       50.0000     19.3516     3.3842      
3       8.1136      5.9244      3.4404      
4       3.4471      1.4241      5.6124      
5       4.6245      9.3154      20.0000     
6       40.0000     40.0000     40.0000     

Iteration number: 0.01
State        L           0           R      
1       100.0000    100.0000    100.0000    
2       50.0000     19.3516     3.3842      
3       23.3114     5.9244      3.4404      
4       11.5947     5.7674      5.6124      
5       4.6245      9.3154      20.0000     
6       40.0000     40.0000     40.0000     

Iteration number: 0.01
State        L           0           R      
1       100.0000    100.0000    100.0000    
2       50.0000     19.3516     3.3842      
3       24.8311     5.9244      3.4404      
4       11.5947     5.7674      5.6124      
5       4.6245      9.3154      20.0000     
6       40.0000     40.0000     40.0000     

Iteration number: 0.01
State        L           0           R      
1       100.0000    100.0000    100.0000    
2       50.0000     19.3516     3.3842      
3       24.8311     5.9244      3.4404      
4       11.5947     5.7674      1.8269      
5       1.5874      5.6190      20.0000     
6       40.0000     40.0000     40.0000     

Iteration number: 0.01
State        L           0           R      
1       100.0000    100.0000    100.0000    
2       50.0000     19.3516     3.3842      
3       24.8311     5.9244      3.4404      
4       11.5947     5.7674      1.8269      
5       1.5874      5.6190      20.0000     
6       40.0000     40.0000     40.0000     

Iteration number: 0.01
State        L           0           R      
1       100.0000    100.0000    100.0000    
2       50.0000     19.3516     3.3842      
3       24.8311     5.9244      3.4404      
4       11.5947     5.7674      1.8269      
5       1.5874      5.6190      20.0000     
6       40.0000     40.0000     40.0000     

Iteration number: 0.01
State        L           0           R      
1       100.0000    100.0000    100.0000    
2       50.0000     19.3516     3.3842      
3       24.8311     5.9244      3.4404      
4       11.5947     5.7674      1.8269      
5       1.5874      5.6190      20.0000     
6       40.0000     40.0000     40.0000     

Iteration number: 0.01
State        L           0           R      
1       100.0000    100.0000    100.0000    
2       50.0000     19.3516     3.3842      
3       24.8311     5.9244      3.4404      
4       11.5947     5.7674      4.0264      
5       2.9712      1.1244      20.0000     
6       40.0000     40.0000     40.0000     

Iteration number: 0.01
State        L           0           R      
1       100.0000    100.0000    100.0000    
2       50.0000     19.3516     3.3842      
3       24.8311     5.9244      3.4404      
4       11.5947     5.7674      4.0264      
5       2.9712      1.1244      20.0000     
6       40.0000     40.0000     40.0000     

Iteration number: 0.01
State        L           0           R      
1       100.0000    100.0000    100.0000    
2       50.0000     19.3516     2.5884      
3       3.6081      1.1549      4.8440      
4       11.5947     5.7674      9.4026      
5       2.9712      1.1244      20.0000     
6       40.0000     40.0000     40.0000     

Iteration number: 0.01
State        L           0           R      
1       100.0000    100.0000    100.0000    
2       50.0000     19.3516     2.5088      
3       3.6081      1.1549      4.9844      
4       11.5947     5.7674      9.9403      
5       2.9712      1.1244      20.0000     
6       40.0000     40.0000     40.0000     

Iteration number: 0.01
State        L           0           R      
1       100.0000    100.0000    100.0000    
2       50.0000     19.3516     2.5088      
3       3.6081      1.1549      4.9844      
4       11.5947     5.7674      9.9403      
5       2.9712      1.1244      20.0000     
6       40.0000     40.0000     40.0000     

Iteration number: 0.01
State        L           0           R      
1       100.0000    100.0000    100.0000    
2       50.0000     19.3516     2.5088      
3       3.6081      1.1549      4.9844      
4       11.5947     5.7674      9.9403      
5       2.9712      1.1244      20.0000     
6       40.0000     40.0000     40.0000     

Iteration number: 0.01
State        L           0           R      
1       100.0000    100.0000    100.0000    
2       50.0000     19.3516     2.5088      
3       3.6081      1.1549      4.9844      
4       11.5947     5.7674      6.0565      
5       2.8284      2.3624      20.0000     
6       40.0000     40.0000     40.0000     

Iteration number: 0.01
State        L           0           R      
1       100.0000    100.0000    100.0000    
2       50.0000     19.3516     2.5088      
3       3.6081      1.1549      4.9844      
4       11.5947     5.7674      6.0565      
5       2.8284      2.3624      20.0000     
6       40.0000     40.0000     40.0000     

Iteration number: 0.01
State        L           0           R      
1       100.0000    100.0000    100.0000    
2       50.0000     19.3516     2.5088      
3       3.6081      1.1549      4.9844      
4       11.5947     5.7674      6.0565      
5       2.8284      2.3624      20.0000     
6       40.0000     40.0000     40.0000     

Iteration number: 0.01
State        L           0           R      
1       100.0000    100.0000    100.0000    
2       50.0000     19.3516     2.5088      
3       3.6081      1.1549      4.9844      
4       11.5947     5.7674      6.0565      
5       2.8284      9.2362      20.0000     
6       40.0000     40.0000     40.0000     

Iteration number: 0.01
State        L           0           R      
1       100.0000    100.0000    100.0000    
2       50.0000     19.3516     2.5088      
3       3.6081      1.1549      4.9844      
4       11.5947     5.7674      6.0565      
5       2.8284      9.2362      20.0000     
6       40.0000     40.0000     40.0000     

Iteration number: 0.01
State        L           0           R      
1       100.0000    100.0000    100.0000    
2       50.0000     19.3516     2.5088      
3       3.6081      1.1549      4.9844      
4       11.5947     5.7674      6.0565      
5       2.8284      9.9236      20.0000     
6       40.0000     40.0000     40.0000     

Iteration number: 0.01
State        L           0           R      
1       100.0000    100.0000    100.0000    
2       50.0000     19.3516     2.5088      
3       3.6081      1.1549      4.9844      
4       11.5947     5.7674      6.0565      
5       2.8284      9.9236      20.0000     
6       40.0000     40.0000     40.0000     

Iteration number: 0.01
State        L           0           R      
1       100.0000    100.0000    100.0000    
2       50.0000     19.3516     2.5088      
3       3.6081      1.1549      4.9844      
4       11.5947     5.7674      6.0565      
5       2.8284      9.9236      20.0000     
6       40.0000     40.0000     40.0000     

Iteration number: 0.01
State        L           0           R      
1       100.0000    100.0000    100.0000    
2       50.0000     19.3516     2.5088      
3       3.6081      1.1549      4.9844      
4       11.5947     5.7674      6.0565      
5       2.8284      9.9236      20.0000     
6       40.0000     40.0000     40.0000     

Iteration number: 0.01
State        L           0           R      
1       100.0000    100.0000    100.0000    
2       50.0000     24.4352     2.5088      
3       3.6081      1.1549      4.9844      
4       11.5947     5.7674      6.0565      
5       2.8284      9.9236      20.0000     
6       40.0000     40.0000     40.0000     

Iteration number: 0.01
State        L           0           R      
1       100.0000    100.0000    100.0000    
2       50.0000     24.4352     2.5088      
3       3.6081      1.1549      4.9844      
4       11.5947     5.7674      6.0565      
5       2.8284      9.9236      20.0000     
6       40.0000     40.0000     40.0000     

Iteration number: 0.01
State        L           0           R      
1       100.0000    100.0000    100.0000    
2       50.0000     24.4352     2.5088      
3       22.8608     11.3655     4.9844      
4       11.5947     5.7674      6.0565      
5       2.8284      9.9236      20.0000     
6       40.0000     40.0000     40.0000     

Iteration number: 0.01
State        L           0           R      
1       100.0000    100.0000    100.0000    
2       50.0000     24.4352     2.5088      
3       22.8608     11.3655     4.9844      
4       11.5947     3.9517      9.6057      
5       1.4078      9.9236      20.0000     
6       40.0000     40.0000     40.0000     

Iteration number: 0.01
State        L           0           R      
1       100.0000    100.0000    100.0000    
2       50.0000     24.4352     2.5088      
3       22.8608     11.3655     4.9844      
4       11.5947     3.9517      9.6057      
5       1.4078      9.9236      20.0000     
6       40.0000     40.0000     40.0000     

Iteration number: 0.01
State        L           0           R      
1       100.0000    100.0000    100.0000    
2       50.0000     24.4352     2.5088      
3       22.8608     11.3655     4.9844      
4       11.5947     3.9517      9.6057      
5       1.4078      9.9236      20.0000     
6       40.0000     40.0000     40.0000     

Iteration number: 0.01
State        L           0           R      
1       100.0000    100.0000    100.0000    
2       50.0000     7.2708      0.3242      
3       4.1908      2.1915      0.8500      
4       1.8626      3.9517      9.6057      
5       1.4078      9.9236      20.0000     
6       40.0000     40.0000     40.0000     

Iteration number: 0.01
State        L           0           R      
1       100.0000    100.0000    100.0000    
2       50.0000     7.2708      0.3242      
3       4.1908      2.1915      0.8500      
4       1.8626      3.9517      9.6057      
5       1.4078      9.9236      20.0000     
6       40.0000     40.0000     40.0000     

Iteration number: 0.01
State        L           0           R      
1       100.0000    100.0000    100.0000    
2       50.0000     7.2708      0.3242      
3       22.9191     0.8783      2.8975      
4       5.8552      2.2921      9.6057      
5       1.4078      9.9236      20.0000     
6       40.0000     40.0000     40.0000     

Iteration number: 0.01
State        L           0           R      
1       100.0000    100.0000    100.0000    
2       50.0000     7.2708      0.3242      
3       22.9191     0.8783      2.8975      
4       5.8552      2.2921      9.6057      
5       1.4078      9.9236      20.0000     
6       40.0000     40.0000     40.0000     

Iteration number: 0.01
State        L           0           R      
1       100.0000    100.0000    100.0000    
2       50.0000     7.2708      0.3242      
3       22.9191     0.8783      2.8975      
4       5.8552      2.2921      9.6057      
5       1.4078      9.9236      20.0000     
6       40.0000     40.0000     40.0000     

Iteration number: 0.01
State        L           0           R      
1       100.0000    100.0000    100.0000    
2       50.0000     7.2708      0.3242      
3       24.7919     1.4941      3.1023      
4       6.5621      3.0857      1.1363      
5       0.4923      9.9236      20.0000     
6       40.0000     40.0000     40.0000     

Iteration number: 0.01
State        L           0           R      
1       100.0000    100.0000    100.0000    
2       50.0000     7.2708      0.3242      
3       24.7919     1.4941      3.1023      
4       6.5621      3.0857      1.1363      
5       0.4923      9.9236      20.0000     
6       40.0000     40.0000     40.0000     

Iteration number: 0.01
State        L           0           R      
1       100.0000    100.0000    100.0000    
2       50.0000     7.2708      0.3242      
3       24.7919     1.4941      3.1023      
4       6.5621      3.0857      1.1363      
5       0.4923      9.9236      20.0000     
6       40.0000     40.0000     40.0000     

Iteration number: 0.01
State        L           0           R      
1       100.0000    100.0000    100.0000    
2       50.0000     7.2708      0.3242      
3       24.9792     1.4941      3.1023      
4       6.5621      3.0857      1.1363      
5       0.4923      9.9236      20.0000     
6       40.0000     40.0000     40.0000     

Iteration number: 0.01
State        L           0           R      
1       100.0000    100.0000    100.0000    
2       50.0000     7.2708      0.3242      
3       24.9979     1.4941      3.1023      
4       11.9062     3.5898      1.1363      
5       0.4923      9.9236      20.0000     
6       40.0000     40.0000     40.0000     

Iteration number: 0.01
State        L           0           R      
1       100.0000    100.0000    100.0000    
2       50.0000     7.2708      0.3242      
3       24.9979     1.4941      3.1023      
4       11.9062     3.5898      1.1363      
5       0.4923      9.9236      20.0000     
6       40.0000     40.0000     40.0000     

Iteration number: 0.01
State        L           0           R      
1       100.0000    100.0000    100.0000    
2       50.0000     7.2708      0.0434      
3       2.5053      1.2861      2.5954      
4       1.4724      3.5898      3.1606      
5       0.1901      0.9926      20.0000     
6       40.0000     40.0000     40.0000     

Iteration number: 0.01
State        L           0           R      
1       100.0000    100.0000    100.0000    
2       50.0000     7.2708      0.0434      
3       2.5053      1.2861      2.5954      
4       1.4724      3.5898      9.3161      
5       0.1901      0.9926      20.0000     
6       40.0000     40.0000     40.0000     

Iteration number: 0.01
State        L           0           R      
1       100.0000    100.0000    100.0000    
2       50.0000     7.2708      0.0434      
3       2.5053      1.2861      2.5954      
4       1.4724      3.5898      9.3161      
5       0.1901      0.9926      20.0000     
6       40.0000     40.0000     40.0000     

Iteration number: 0.01
State        L           0           R      
1       100.0000    100.0000    100.0000    
2       50.0000     7.2708      0.0434      
3       2.5053      1.2861      2.5954      
4       1.4724      3.5898      9.3161      
5       0.1901      0.9926      20.0000     
6       40.0000     40.0000     40.0000     

Iteration number: 0.01
State        L           0           R      
1       100.0000    100.0000    100.0000    
2       50.0000     7.2708      0.0434      
3       2.5053      1.2861      2.5954      
4       1.4724      3.5898      9.3161      
5       0.1901      0.9926      20.0000     
6       40.0000     40.0000     40.0000     

Iteration number: 0.01
State        L           0           R      
1       100.0000    100.0000    100.0000    
2       50.0000     23.2271     0.0434      
3       11.5005     1.2861      2.5954      
4       5.7722      3.1715      9.3161      
5       0.1901      0.9926      20.0000     
6       40.0000     40.0000     40.0000     

Iteration number: 0.01
State        L           0           R      
1       100.0000    100.0000    100.0000    
2       50.0000     23.2271     0.0434      
3       11.5005     1.2861      2.5954      
4       5.7722      3.1715      9.3161      
5       0.1901      0.9926      20.0000     
6       40.0000     40.0000     40.0000     

Iteration number: 0.01
State        L           0           R      
1       100.0000    100.0000    100.0000    
2       50.0000     23.2271     0.0434      
3       11.5005     1.2861      2.5954      
4       5.7722      4.8171      9.9316      
5       0.1901      0.9926      20.0000     
6       40.0000     40.0000     40.0000     

Iteration number: 0.01
State        L           0           R      
1       100.0000    100.0000    100.0000    
2       50.0000     23.2271     0.0434      
3       11.5005     1.2861      4.7595      
4       5.7722      4.8171      9.9932      
5       0.1901      0.9926      20.0000     
6       40.0000     40.0000     40.0000     

Iteration number: 0.01
State        L           0           R      
1       100.0000    100.0000    100.0000    
2       50.0000     23.2271     0.0434      
3       11.5005     1.2861      4.9760      
4       5.7722      4.8171      9.9993      
5       0.1901      0.9926      20.0000     
6       40.0000     40.0000     40.0000     

Iteration number: 0.01
State        L           0           R      
1       100.0000    100.0000    100.0000    
2       50.0000     23.2271     0.0434      
3       11.5005     1.2861      4.9976      
4       5.7722      4.8171      9.9999      
5       0.1901      0.9926      20.0000     
6       40.0000     40.0000     40.0000     

Iteration number: 0.01
State        L           0           R      
1       100.0000    100.0000    100.0000    
2       50.0000     23.2271     0.0434      
3       11.5005     1.2861      4.9998      
4       5.7722      4.8171      10.0000     
5       0.1901      0.9926      20.0000     
6       40.0000     40.0000     40.0000     

Iteration number: 0.01
State        L           0           R      
1       100.0000    100.0000    100.0000    
2       50.0000     23.2271     0.0434      
3       11.5005     1.2861      4.9998      
4       5.7722      4.8171      10.0000     
5       0.1901      0.9926      20.0000     
6       40.0000     40.0000     40.0000     

Iteration number: 0.01
State        L           0           R      
1       100.0000    100.0000    100.0000    
2       50.0000     23.2271     0.0434      
3       11.5005     1.2861      4.9998      
4       5.7722      4.8171      10.0000     
5       0.1901      0.9926      20.0000     
6       40.0000     40.0000     40.0000     

Iteration number: 0.01
State        L           0           R      
1       100.0000    100.0000    100.0000    
2       50.0000     23.2271     0.0434      
3       11.5005     1.2861      4.9998      
4       5.7722      4.8171      10.0000     
5       0.1901      0.9926      20.0000     
6       40.0000     40.0000     40.0000     

Iteration number: 0.01
State        L           0           R      
1       100.0000    100.0000    100.0000    
2       50.0000     23.2271     5.6293      
3       13.8063     11.3786     4.9998      
4       5.7722      4.8171      10.0000     
5       0.1901      0.9926      20.0000     
6       40.0000     40.0000     40.0000     

Iteration number: 0.01
State        L           0           R      
1       100.0000    100.0000    100.0000    
2       50.0000     23.2271     5.6293      
3       13.8063     11.3786     4.9998      
4       5.7722      4.8171      10.0000     
5       0.1901      0.9926      20.0000     
6       40.0000     40.0000     40.0000     

Iteration number: 0.01
State        L           0           R      
1       100.0000    100.0000    100.0000    
2       50.0000     23.2271     5.6293      
3       13.8063     11.3786     4.9998      
4       5.7722      4.8171      10.0000     
5       0.1901      0.9926      20.0000     
6       40.0000     40.0000     40.0000     

Iteration number: 0.01
State        L           0           R      
1       100.0000    100.0000    100.0000    
2       50.0000     23.2271     5.6293      
3       13.8063     11.3786     4.9998      
4       5.7722      4.8171      10.0000     
5       0.1901      0.9926      20.0000     
6       40.0000     40.0000     40.0000     

Iteration number: 0.01
State        L           0           R      
1       100.0000    100.0000    100.0000    
2       50.0000     24.8227     5.6293      
3       13.8063     11.3786     4.9998      
4       5.7722      4.8171      10.0000     
5       0.1901      0.9926      20.0000     
6       40.0000     40.0000     40.0000     

Iteration number: 0.01
State        L           0           R      
1       100.0000    100.0000    100.0000    
2       50.0000     24.8227     5.6293      
3       13.8063     11.3786     4.9998      
4       5.7722      4.8171      10.0000     
5       0.1901      0.9926      20.0000     
6       40.0000     40.0000     40.0000     

Iteration number: 0.01
State        L           0           R      
1       100.0000    100.0000    100.0000    
2       50.0000     5.7635      11.8129     
3       12.9822     11.3786     4.9998      
4       5.7722      4.8171      10.0000     
5       0.1901      0.9926      20.0000     
6       40.0000     40.0000     40.0000     

Iteration number: 0.01
State        L           0           R      
1       100.0000    100.0000    100.0000    
2       50.0000     5.7635      11.8129     
3       23.7982     11.3786     4.9998      
4       5.7722      4.8171      10.0000     
5       0.1901      0.9926      20.0000     
6       40.0000     40.0000     40.0000     

Iteration number: 0.01
State        L           0           R      
1       100.0000    100.0000    100.0000    
2       50.0000     5.7635      11.8129     
3       23.7982     11.3786     4.9998      
4       5.7722      4.8171      10.0000     
5       0.1901      0.9926      20.0000     
6       40.0000     40.0000     40.0000     

Iteration number: 0.01
State        L           0           R      
1       100.0000    100.0000    100.0000    
2       50.0000     5.7635      11.8129     
3       23.7982     11.3786     4.9998      
4       5.7722      4.8171      10.0000     
5       0.1901      0.9926      20.0000     
6       40.0000     40.0000     40.0000     

Iteration number: 0.01
State        L           0           R      
1       100.0000    100.0000    100.0000    
2       50.0000     5.7635      11.8129     
3       23.7982     11.3786     4.9998      
4       5.7722      4.8171      10.0000     
5       0.1901      0.9926      20.0000     
6       40.0000     40.0000     40.0000     

Iteration number: 0.01
State        L           0           R      
1       100.0000    100.0000    100.0000    
2       50.0000     5.7635      11.8129     
3       23.7982     11.3786     4.9998      
4       5.7722      4.8171      10.0000     
5       0.1901      0.9926      20.0000     
6       40.0000     40.0000     40.0000     

Iteration number: 0.01
State        L           0           R      
1       100.0000    100.0000    100.0000    
2       50.0000     5.7635      1.7438      
3       23.7982     2.2629      2.7500      
4       5.7722      4.9817      10.0000     
5       0.1901      0.9926      20.0000     
6       40.0000     40.0000     40.0000     

Iteration number: 0.01
State        L           0           R      
1       100.0000    100.0000    100.0000    
2       50.0000     5.7635      1.7438      
3       23.7982     2.2629      2.7500      
4       5.7722      4.9817      10.0000     
5       0.1901      0.9926      20.0000     
6       40.0000     40.0000     40.0000     

Iteration number: 0.01
State        L           0           R      
1       100.0000    100.0000    100.0000    
2       50.0000     23.0764     1.7438      
3       13.6298     2.2629      2.7500      
4       6.2022      4.9817      10.0000     
5       2.8315      1.5055      20.0000     
6       40.0000     40.0000     40.0000     

Iteration number: 0.01
State        L           0           R      
1       100.0000    100.0000    100.0000    
2       50.0000     23.0764     1.7438      
3       23.8630     2.2629      2.7500      
4       11.8702     4.9817      10.0000     
5       5.9082      2.9631      20.0000     
6       40.0000     40.0000     40.0000     

Iteration number: 0.01
State        L           0           R      
1       100.0000    100.0000    100.0000    
2       50.0000     23.0764     1.7438      
3       23.8630     2.2629      2.7500      
4       11.8702     4.9817      10.0000     
5       5.9082      2.9631      20.0000     
6       40.0000     40.0000     40.0000     

Iteration number: 0.01
State        L           0           R      
1       100.0000    100.0000    100.0000    
2       50.0000     23.0764     1.7438      
3       24.8863     11.4763     2.7500      
4       6.8120      2.0802      1.7031      
5       1.3818      2.9631      20.0000     
6       40.0000     40.0000     40.0000     

Iteration number: 0.01
State        L           0           R      
1       100.0000    100.0000    100.0000    
2       50.0000     23.0764     1.7438      
3       24.8863     11.4763     2.7500      
4       6.8120      2.0802      1.7031      
5       1.3818      2.9631      20.0000     
6       40.0000     40.0000     40.0000     

Iteration number: 0.01
State        L           0           R      
1       100.0000    100.0000    100.0000    
2       50.0000     23.0764     1.7438      
3       24.8863     11.4763     2.7500      
4       6.8120      2.0802      1.7031      
5       1.3818      2.9631      20.0000     
6       40.0000     40.0000     40.0000     

Iteration number: 0.01
State        L           0           R      
1       100.0000    100.0000    100.0000    
2       50.0000     23.0764     1.7438      
3       24.8863     11.4763     2.7500      
4       6.8120      2.0802      1.7031      
5       1.3818      2.9631      20.0000     
6       40.0000     40.0000     40.0000     

Iteration number: 0.01
State        L           0           R      
1       100.0000    100.0000    100.0000    
2       50.0000     23.0764     1.7438      
3       24.8863     11.4763     2.7500      
4       6.8120      2.0802      1.7031      
5       1.3818      2.9631      20.0000     
6       40.0000     40.0000     40.0000     

Iteration number: 0.01
State        L           0           R      
1       100.0000    100.0000    100.0000    
2       50.0000     23.0764     1.7438      
3       24.8863     11.4763     4.7750      
4       6.8120      2.0802      9.1703      
5       1.3818      2.9631      20.0000     
6       40.0000     40.0000     40.0000     

Iteration number: 0.01
State        L           0           R      
1       100.0000    100.0000    100.0000    
2       50.0000     24.8076     1.7438      
3       24.8863     11.4763     4.7750      
4       6.8120      2.0802      9.1703      
5       1.3818      2.9631      20.0000     
6       40.0000     40.0000     40.0000     

Iteration number: 0.01
State        L           0           R      
1       100.0000    100.0000    100.0000    
2       50.0000     24.8076     1.7438      
3       24.8863     11.4763     4.7750      
4       6.8120      2.0802      9.1703      
5       1.3818      2.9631      20.0000     
6       40.0000     40.0000     40.0000     

Iteration number: 0.01
State        L           0           R      
1       100.0000    100.0000    100.0000    
2       50.0000     24.8076     1.7438      
3       24.8863     11.4763     4.7750      
4       6.8120      2.0802      9.1703      
5       1.3818      2.9631      20.0000     
6       40.0000     40.0000     40.0000     

Iteration number: 0.01
State        L           0           R      
1       100.0000    100.0000    100.0000    
2       50.0000     15.6058     1.7438      
3       5.3011      11.4763     4.7750      
4       6.8120      2.0802      9.1703      
5       1.3818      2.9631      20.0000     
6       40.0000     40.0000     40.0000     

Iteration number: 0.01
State        L           0           R      
1       100.0000    100.0000    100.0000    
2       50.0000     15.6058     1.7438      
3       23.0301     11.4763     4.7750      
4       6.8120      2.0802      9.1703      
5       1.3818      2.9631      20.0000     
6       40.0000     40.0000     40.0000     

Iteration number: 0.01
State        L           0           R      
1       100.0000    100.0000    100.0000    
2       50.0000     15.6058     1.7438      
3       23.0301     11.4763     4.7750      
4       6.8120      2.0802      9.1703      
5       1.3818      2.9631      20.0000     
6       40.0000     40.0000     40.0000     

Iteration number: 0.01
State        L           0           R      
1       100.0000    100.0000    100.0000    
2       50.0000     15.6058     1.7438      
3       23.0301     1.7189      1.6201      
4       1.2437      4.7080      5.4522      
5       0.4194      0.4369      20.0000     
6       40.0000     40.0000     40.0000     

Iteration number: 0.01
State        L           0           R      
1       100.0000    100.0000    100.0000    
2       50.0000     15.6058     1.7438      
3       23.0301     1.7189      1.6201      
4       1.2437      4.7080      5.4522      
5       0.4194      0.4369      20.0000     
6       40.0000     40.0000     40.0000     

Iteration number: 0.01
State        L           0           R      
1       100.0000    100.0000    100.0000    
2       50.0000     15.6058     1.7438      
3       24.8030     8.6094      1.6201      
4       2.9369      1.8771      5.4522      
5       0.4194      0.4369      20.0000     
6       40.0000     40.0000     40.0000     

Iteration number: 0.01
State        L           0           R      
1       100.0000    100.0000    100.0000    
2       50.0000     15.6058     1.7438      
3       24.9803     8.6094      1.6201      
4       2.9369      1.8771      5.4522      
5       0.4194      0.4369      20.0000     
6       40.0000     40.0000     40.0000     

Iteration number: 0.01
State        L           0           R      
1       100.0000    100.0000    100.0000    
2       50.0000     15.6058     1.7438      
3       24.9980     8.6094      1.6201      
4       11.5437     1.8771      5.4522      
5       0.4194      0.4369      20.0000     
6       40.0000     40.0000     40.0000     

Iteration number: 0.01
State        L           0           R      
1       100.0000    100.0000    100.0000    
2       50.0000     15.6058     1.7438      
3       24.9980     8.6094      1.6201      
4       11.5437     1.8771      5.4522      
5       0.4194      0.4369      20.0000     
6       40.0000     40.0000     40.0000     

Iteration number: 0.01
State        L           0           R      
1       100.0000    100.0000    100.0000    
2       50.0000     15.6058     1.7438      
3       24.9998     8.6094      5.7870      
4       12.4044     1.8771      5.4522      
5       0.4194      0.4369      20.0000     
6       40.0000     40.0000     40.0000     

Iteration number: 0.01
State        L           0           R      
1       100.0000    100.0000    100.0000    
2       50.0000     15.6058     1.7438      
3       24.9998     8.6094      5.7870      
4       12.4044     1.8771      5.4522      
5       0.4194      0.4369      20.0000     
6       40.0000     40.0000     40.0000     

Iteration number: 0.01
State        L           0           R      
1       100.0000    100.0000    100.0000    
2       50.0000     15.6058     1.7438      
3       24.9998     8.6094      5.7870      
4       12.4044     1.8771      5.4522      
5       0.4194      0.4369      20.0000     
6       40.0000     40.0000     40.0000     

Iteration number: 0.01
State        L           0           R      
1       100.0000    100.0000    100.0000    
2       50.0000     15.6058     1.7438      
3       24.9998     1.0719      1.1412      
4       12.4044     1.8771      3.3577      
5       2.2919      9.0437      20.0000     
6       40.0000     40.0000     40.0000     

Iteration number: 0.01
State        L           0           R      
1       100.0000    100.0000    100.0000    
2       50.0000     15.6058     1.7438      
3       24.9998     1.0719      1.1412      
4       12.4044     1.8771      3.3577      
5       2.2919      9.0437      20.0000     
6       40.0000     40.0000     40.0000     

Iteration number: 0.01
State        L           0           R      
1       100.0000    100.0000    100.0000    
2       50.0000     15.6058     1.7438      
3       24.9998     1.0719      1.1412      
4       12.4044     1.8771      3.3577      
5       2.2919      9.0437      20.0000     
6       40.0000     40.0000     40.0000     

Iteration number: 0.01
State        L           0           R      
1       100.0000    100.0000    100.0000    
2       50.0000     15.6058     1.7438      
3       24.9998     1.0719      4.6141      
4       12.4044     1.8771      9.3358      
5       2.2919      9.0437      20.0000     
6       40.0000     40.0000     40.0000     

Iteration number: 0.01
State        L           0           R      
1       100.0000    100.0000    100.0000    
2       50.0000     15.6058     1.7438      
3       24.9998     1.0719      4.6141      
4       12.4044     1.8771      9.3358      
5       2.2919      9.0437      20.0000     
6       40.0000     40.0000     40.0000     

Iteration number: 0.01
State        L           0           R      
1       100.0000    100.0000    100.0000    
2       50.0000     15.6058     1.7438      
3       24.9998     1.0719      4.6141      
4       12.4044     1.8771      9.3358      
5       2.2919      9.0437      20.0000     
6       40.0000     40.0000     40.0000     

Iteration number: 0.01
State        L           0           R      
1       100.0000    100.0000    100.0000    
2       50.0000     15.6058     1.2994      
3       3.0625      0.8573      1.3976      
4       1.3147      0.1926      9.9336      
5       2.2919      9.0437      20.0000     
6       40.0000     40.0000     40.0000     

Iteration number: 0.01
State        L           0           R      
1       100.0000    100.0000    100.0000    
2       50.0000     15.6058     1.2994      
3       3.0625      0.8573      1.3976      
4       1.3147      0.1926      9.9336      
5       2.2919      9.0437      20.0000     
6       40.0000     40.0000     40.0000     

Iteration number: 0.01
State        L           0           R      
1       100.0000    100.0000    100.0000    
2       50.0000     15.6058     1.2994      
3       22.8062     0.8573      1.3976      
4       11.3815     4.2380      9.9336      
5       2.2919      9.0437      20.0000     
6       40.0000     40.0000     40.0000     

Iteration number: 0.01
State        L           0           R      
1       100.0000    100.0000    100.0000    
2       50.0000     15.6058     1.2994      
3       22.8062     0.8573      1.3976      
4       11.3815     4.2380      9.9336      
5       2.2919      9.0437      20.0000     
6       40.0000     40.0000     40.0000     

Iteration number: 0.01
State        L           0           R      
1       100.0000    100.0000    100.0000    
2       50.0000     15.6058     1.2994      
3       22.8062     0.8573      1.3976      
4       11.3815     4.2380      9.9336      
5       2.2919      9.0437      20.0000     
6       40.0000     40.0000     40.0000     

Iteration number: 0.01
State        L           0           R      
1       100.0000    100.0000    100.0000    
2       50.0000     15.6058     1.2994      
3       22.8062     0.9295      2.3898      
4       1.4194      0.5644      5.4934      
5       2.2919      9.9044      20.0000     
6       40.0000     40.0000     40.0000     

Iteration number: 0.01
State        L           0           R      
1       100.0000    100.0000    100.0000    
2       50.0000     15.6058     1.2994      
3       22.8062     0.9295      4.7390      
4       1.4194      0.5644      9.5493      
5       2.2919      9.9044      20.0000     
6       40.0000     40.0000     40.0000     

Iteration number: 0.01
State        L           0           R      
1       100.0000    100.0000    100.0000    
2       50.0000     15.6058     1.2994      
3       22.8062     0.9295      4.7390      
4       1.4194      0.5644      9.5493      
5       2.2919      9.9044      20.0000     
6       40.0000     40.0000     40.0000     

Iteration number: 0.01
State        L           0           R      
1       100.0000    100.0000    100.0000    
2       50.0000     15.6058     1.2994      
3       22.8062     0.9295      4.7390      
4       1.4194      0.5644      9.5493      
5       2.2919      9.9044      20.0000     
6       40.0000     40.0000     40.0000     

Iteration number: 0.01
State        L           0           R      
1       100.0000    100.0000    100.0000    
2       50.0000     15.6058     1.2994      
3       22.8062     0.9295      4.7390      
4       1.4194      0.5644      9.5493      
5       2.2919      9.9044      20.0000     
6       40.0000     40.0000     40.0000     

Iteration number: 0.01
State        L           0           R      
1       100.0000    100.0000    100.0000    
2       50.0000     15.6058     1.2994      
3       22.8062     0.9295      4.7390      
4       1.4194      0.5644      9.5493      
5       2.2919      9.9044      20.0000     
6       40.0000     40.0000     40.0000     

Iteration number: 0.01
State        L           0           R      
1       100.0000    100.0000    100.0000    
2       50.0000     15.6058     1.2994      
3       24.7806     11.3429     0.6497      
4       5.7669      0.5838      2.3612      
5       3.0417      9.9044      20.0000     
6       40.0000     40.0000     40.0000     

Iteration number: 0.01
State        L           0           R      
1       100.0000    100.0000    100.0000    
2       50.0000     15.6058     1.2994      
3       24.9781     11.3429     0.6497      
4       11.8267     0.5838      2.3612      
5       5.9292      9.9044      20.0000     
6       40.0000     40.0000     40.0000     

Iteration number: 0.01
State        L           0           R      
1       100.0000    100.0000    100.0000    
2       50.0000     15.6058     1.2994      
3       24.9978     11.3429     0.6497      
4       11.8267     0.5838      2.3612      
5       5.9292      9.9044      20.0000     
6       40.0000     40.0000     40.0000     

Iteration number: 0.01
State        L           0           R      
1       100.0000    100.0000    100.0000    
2       50.0000     15.6058     1.2994      
3       24.9978     11.3429     0.6497      
4       11.8267     0.5838      2.3612      
5       5.9292      9.9044      20.0000     
6       40.0000     40.0000     40.0000     

Iteration number: 0.01
State        L           0           R      
1       100.0000    100.0000    100.0000    
2       50.0000     15.6058     1.2994      
3       24.9978     11.3429     0.6497      
4       11.8267     0.5838      2.3612      
5       5.9292      9.9044      20.0000     
6       40.0000     40.0000     40.0000     

Iteration number: 0.01
State        L           0           R      
1       100.0000    100.0000    100.0000    
2       50.0000     15.6058     1.2994      
3       24.9978     11.3429     0.6497      
4       11.8267     0.5838      2.3612      
5       5.9292      9.9044      20.0000     
6       40.0000     40.0000     40.0000     

Iteration number: 0.01
State        L           0           R      
1       100.0000    100.0000    100.0000    
2       50.0000     15.6058     1.2994      
3       24.9978     11.3429     0.6497      
4       11.8267     0.5838      2.3612      
5       5.9292      9.9044      20.0000     
6       40.0000     40.0000     40.0000     

Iteration number: 0.01
State        L           0           R      
1       100.0000    100.0000    100.0000    
2       50.0000     15.6058     1.2994      
3       24.9978     11.3429     0.6497      
4       11.8267     0.5838      4.8767      
5       5.0929      2.3029      20.0000     
6       40.0000     40.0000     40.0000     

Iteration number: 0.01
State        L           0           R      
1       100.0000    100.0000    100.0000    
2       50.0000     15.6058     1.2994      
3       24.9978     11.3429     0.6497      
4       11.8267     0.5838      4.8767      
5       5.0929      2.3029      20.0000     
6       40.0000     40.0000     40.0000     

Iteration number: 0.01
State        L           0           R      
1       100.0000    100.0000    100.0000    
2       50.0000     15.6058     1.2994      
3       24.9978     11.3429     0.6497      
4       11.8267     0.5838      4.8767      
5       5.0929      2.3029      20.0000     
6       40.0000     40.0000     40.0000     

Iteration number: 0.01
State        L           0           R      
1       100.0000    100.0000    100.0000    
2       50.0000     15.6058     1.2994      
3       24.9978     11.3429     0.6497      
4       11.8267     0.5838      4.8767      
5       5.0929      2.3029      20.0000     
6       40.0000     40.0000     40.0000     

Iteration number: 0.01
State        L           0           R      
1       100.0000    100.0000    100.0000    
2       50.0000     15.6058     1.2994      
3       24.9978     11.3429     0.6497      
4       11.8267     0.5838      4.8767      
5       5.0929      2.3029      20.0000     
6       40.0000     40.0000     40.0000     

Iteration number: 0.01
State        L           0           R      
1       100.0000    100.0000    100.0000    
2       50.0000     15.6058     1.2994      
3       24.9998     9.5718      0.7681      
4       2.7647      0.8494      0.5316      
5       0.5972      2.3029      20.0000     
6       40.0000     40.0000     40.0000     

Iteration number: 0.01
State        L           0           R      
1       100.0000    100.0000    100.0000    
2       50.0000     15.6058     1.2994      
3       24.9998     9.5718      0.7681      
4       2.7647      0.8494      0.5316      
5       0.5972      2.3029      20.0000     
6       40.0000     40.0000     40.0000     

Iteration number: 0.01
State        L           0           R      
1       100.0000    100.0000    100.0000    
2       50.0000     15.6058     1.2994      
3       24.9998     9.5718      0.7681      
4       2.7647      0.8494      0.5316      
5       0.5972      2.3029      20.0000     
6       40.0000     40.0000     40.0000     

Iteration number: 0.01
State        L           0           R      
1       100.0000    100.0000    100.0000    
2       50.0000     15.6058     1.2994      
3       24.9998     9.5718      0.7681      
4       2.7647      0.8494      0.5316      
5       0.5972      2.3029      20.0000     
6       40.0000     40.0000     40.0000     

Iteration number: 0.01
State        L           0           R      
1       100.0000    100.0000    100.0000    
2       50.0000     15.6058     1.2994      
3       24.9998     9.5718      0.7681      
4       2.7647      0.8494      0.5316      
5       0.5972      2.3029      20.0000     
6       40.0000     40.0000     40.0000     

Iteration number: 0.01
State        L           0           R      
1       100.0000    100.0000    100.0000    
2       50.0000     15.6058     1.2994      
3       24.9998     9.5718      2.8893      
4       1.6827      0.8494      9.0532      
5       0.5972      2.3029      20.0000     
6       40.0000     40.0000     40.0000     

Iteration number: 0.01
State        L           0           R      
1       100.0000    100.0000    100.0000    
2       50.0000     15.6058     1.2994      
3       24.9998     9.5718      2.8893      
4       1.6827      0.8494      9.0532      
5       0.5972      2.3029      20.0000     
6       40.0000     40.0000     40.0000     

Iteration number: 0.01
State        L           0           R      
1       100.0000    100.0000    100.0000    
2       50.0000     15.6058     1.2994      
3       24.9998     9.5718      2.8893      
4       1.6827      0.8494      9.0532      
5       0.5972      2.3029      20.0000     
6       40.0000     40.0000     40.0000     

Iteration number: 0.01
State        L           0           R      
1       100.0000    100.0000    100.0000    
2       50.0000     15.6058     1.2994      
3       24.9998     9.5718      2.8893      
4       1.6827      0.8494      9.0532      
5       0.5972      2.3029      20.0000     
6       40.0000     40.0000     40.0000     

Iteration number: 0.01
State        L           0           R      
1       100.0000    100.0000    100.0000    
2       50.0000     15.6058     1.2994      
3       24.9998     9.5718      2.8893      
4       1.6827      0.8494      9.0532      
5       0.5972      2.3029      20.0000     
6       40.0000     40.0000     40.0000     

Iteration number: 0.01
State        L           0           R      
1       100.0000    100.0000    100.0000    
2       50.0000     15.6058     1.2994      
3       24.9998     9.5718      2.8893      
4       1.6827      0.8494      9.0532      
5       0.5972      2.3029      20.0000     
6       40.0000     40.0000     40.0000     

Iteration number: 0.01
State        L           0           R      
1       100.0000    100.0000    100.0000    
2       50.0000     24.0606     1.2994      
3       24.9998     9.5718      2.8893      
4       1.6827      0.8494      9.0532      
5       0.5972      2.3029      20.0000     
6       40.0000     40.0000     40.0000     

Iteration number: 0.01
State        L           0           R      
1       100.0000    100.0000    100.0000    
2       50.0000     24.0606     1.2994      
3       24.9998     9.5718      2.8893      
4       1.6827      0.8494      9.0532      
5       0.5972      2.3029      20.0000     
6       40.0000     40.0000     40.0000     

Iteration number: 0.01
State        L           0           R      
1       100.0000    100.0000    100.0000    
2       50.0000     24.0606     1.2994      
3       24.9998     1.1681      0.8514      
4       0.2386      0.9288      2.0332      
5       0.0733      4.7391      20.0000     
6       40.0000     40.0000     40.0000     

Iteration number: 0.01
State        L           0           R      
1       100.0000    100.0000    100.0000    
2       50.0000     24.0606     1.2994      
3       25.0000     11.3668     0.8514      
4       5.6489      0.9288      2.0332      
5       0.0733      4.7391      20.0000     
6       40.0000     40.0000     40.0000     

Iteration number: 0.01
State        L           0           R      
1       100.0000    100.0000    100.0000    
2       50.0000     24.0606     1.2994      
3       25.0000     11.3668     0.8514      
4       5.6489      0.9288      2.0332      
5       0.0733      4.7391      20.0000     
6       40.0000     40.0000     40.0000     

Iteration number: 0.01
State        L           0           R      
1       100.0000    100.0000    100.0000    
2       50.0000     24.0606     1.2994      
3       25.0000     11.3668     0.8514      
4       5.6489      0.9288      2.0332      
5       0.0733      4.7391      20.0000     
6       40.0000     40.0000     40.0000     

Iteration number: 0.01
State        L           0           R      
1       100.0000    100.0000    100.0000    
2       50.0000     24.0606     1.2994      
3       25.0000     11.3668     0.8514      
4       5.6489      4.5929      9.2033      
5       0.0733      4.7391      20.0000     
6       40.0000     40.0000     40.0000     

Iteration number: 0.01
State        L           0           R      
1       100.0000    100.0000    100.0000    
2       50.0000     24.0606     1.2994      
3       25.0000     11.3668     0.8514      
4       5.6489      4.5929      9.9203      
5       0.0733      4.7391      20.0000     
6       40.0000     40.0000     40.0000     

Iteration number: 0.01
State        L           0           R      
1       100.0000    100.0000    100.0000    
2       50.0000     24.0606     0.6924      
3       2.7812      2.0332      4.5851      
4       5.6489      4.5929      9.9920      
5       0.0733      4.7391      20.0000     
6       40.0000     40.0000     40.0000     

Iteration number: 0.01
State        L           0           R      
1       100.0000    100.0000    100.0000    
2       50.0000     24.0606     0.6924      
3       2.7812      2.0332      4.5851      
4       5.6489      4.5929      9.9920      
5       0.0733      4.7391      20.0000     
6       40.0000     40.0000     40.0000     

Iteration number: 0.01
State        L           0           R      
1       100.0000    100.0000    100.0000    
2       50.0000     24.0606     0.6924      
3       2.7812      2.0332      4.5851      
4       5.6489      4.5929      9.9920      
5       0.0733      4.7391      20.0000     
6       40.0000     40.0000     40.0000     

Iteration number: 0.01
State        L           0           R      
1       100.0000    100.0000    100.0000    
2       50.0000     24.0606     0.6924      
3       2.7812      2.0332      4.5851      
4       5.6489      4.5929      9.9920      
5       0.0733      4.7391      20.0000     
6       40.0000     40.0000     40.0000     

Iteration number: 0.01
State        L           0           R      
1       100.0000    100.0000    100.0000    
2       50.0000     24.0606     0.6924      
3       2.7812      2.0332      4.5851      
4       5.6489      4.5929      9.9920      
5       0.0733      4.7391      20.0000     
6       40.0000     40.0000     40.0000     

Iteration number: 0.01
State        L           0           R      
1       100.0000    100.0000    100.0000    
2       50.0000     24.0606     0.6924      
3       22.7781     2.0332      4.5851      
4       5.6489      4.5929      9.9920      
5       0.0733      4.7391      20.0000     
6       40.0000     40.0000     40.0000     

Iteration number: 0.01
State        L           0           R      
1       100.0000    100.0000    100.0000    
2       50.0000     24.0606     0.6924      
3       22.7781     2.0332      4.5851      
4       5.6489      4.5929      9.9920      
5       0.0733      4.7391      20.0000     
6       40.0000     40.0000     40.0000     

Iteration number: 0.01
State        L           0           R      
1       100.0000    100.0000    100.0000    
2       50.0000     19.2811     0.6924      
3       22.7781     2.0332      4.5851      
4       5.6489      4.5929      9.9920      
5       0.0733      4.7391      20.0000     
6       40.0000     40.0000     40.0000     

